
/private/var/folders/32/jppfhlfx3z920dcm8lv552km0000gn/T/arduino/sketches/81B785A7E764061B48317E4EADD6DA63/console.ino.elf:     file format elf32-avr


Disassembly of section .text:

00000000 <__vectors>:
__vectors():
       0:	0c 94 6a 00 	jmp	0xd4	; 0xd4 <__dtors_end>
       4:	0c 94 92 00 	jmp	0x124	; 0x124 <__bad_interrupt>
       8:	0c 94 92 00 	jmp	0x124	; 0x124 <__bad_interrupt>
       c:	0c 94 92 00 	jmp	0x124	; 0x124 <__bad_interrupt>
      10:	0c 94 71 08 	jmp	0x10e2	; 0x10e2 <__vector_4>
      14:	0c 94 80 08 	jmp	0x1100	; 0x1100 <__vector_5>
      18:	0c 94 5a 08 	jmp	0x10b4	; 0x10b4 <__vector_6>
      1c:	0c 94 92 00 	jmp	0x124	; 0x124 <__bad_interrupt>
      20:	0c 94 92 00 	jmp	0x124	; 0x124 <__bad_interrupt>
      24:	0c 94 92 00 	jmp	0x124	; 0x124 <__bad_interrupt>
      28:	0c 94 92 00 	jmp	0x124	; 0x124 <__bad_interrupt>
      2c:	0c 94 92 00 	jmp	0x124	; 0x124 <__bad_interrupt>
      30:	0c 94 92 00 	jmp	0x124	; 0x124 <__bad_interrupt>
      34:	0c 94 92 00 	jmp	0x124	; 0x124 <__bad_interrupt>
      38:	0c 94 92 00 	jmp	0x124	; 0x124 <__bad_interrupt>
      3c:	0c 94 92 00 	jmp	0x124	; 0x124 <__bad_interrupt>
      40:	0c 94 b8 07 	jmp	0xf70	; 0xf70 <__vector_16>
      44:	0c 94 92 00 	jmp	0x124	; 0x124 <__bad_interrupt>
      48:	0c 94 28 08 	jmp	0x1050	; 0x1050 <__vector_18>
      4c:	0c 94 02 08 	jmp	0x1004	; 0x1004 <__vector_19>
      50:	0c 94 92 00 	jmp	0x124	; 0x124 <__bad_interrupt>
      54:	0c 94 92 00 	jmp	0x124	; 0x124 <__bad_interrupt>
      58:	0c 94 92 00 	jmp	0x124	; 0x124 <__bad_interrupt>
      5c:	0c 94 92 00 	jmp	0x124	; 0x124 <__bad_interrupt>
      60:	0c 94 92 00 	jmp	0x124	; 0x124 <__bad_interrupt>
      64:	0c 94 92 00 	jmp	0x124	; 0x124 <__bad_interrupt>

00000068 <__trampolines_end>:
__trampolines_start():
      68:	53 45       	sbci	r21, 0x53	; 83
      6a:	54 20       	and	r5, r4
	...

0000006d <port_to_mode_PGM>:
      6d:	00 00 00 00 24 00 27 00 2a 00                       ....$.'.*.

00000077 <port_to_input_PGM>:
      77:	00 00 00 00 23 00 26 00 29 00                       ....#.&.).

00000081 <digital_pin_to_timer_PGM>:
      81:	00 00 00 09 00 03 02 00 00 04 05 08 00 00 00 00     ................
      91:	00 00 00 00 00 00 00                                .......

00000098 <digital_pin_to_bit_mask_PGM>:
      98:	01 02 04 08 10 20 40 80 01 02 04 08 10 20 01 02     ..... @...... ..
      a8:	04 08 10 20 40 80 40                                ... @.@

000000af <port_to_output_PGM>:
      af:	00 00 00 00 25 00 28 00 2b 00                       ....%.(.+.

000000b9 <digital_pin_to_port_PGM>:
      b9:	04 04 04 04 04 04 04 04 02 02 02 02 02 02 03 03     ................
      c9:	03 03 03 03 02 02 03                                .......

000000d0 <__ctors_start>:
__ctors_start():
      d0:	a4 08       	sbc	r10, r4

000000d2 <__ctors_end>:
__dtors_start():
      d2:	9e 13       	cpse	r25, r30

000000d4 <__dtors_end>:
__dtors_end():
      d4:	11 24       	eor	r1, r1
      d6:	1f be       	out	0x3f, r1	; 63
      d8:	cf ef       	ldi	r28, 0xFF	; 255
      da:	d8 e0       	ldi	r29, 0x08	; 8
      dc:	de bf       	out	0x3e, r29	; 62
      de:	cd bf       	out	0x3d, r28	; 61

000000e0 <__do_copy_data>:
__do_copy_data():
/Users/jenkins/jenkins/workspace/avr-gcc-staging/label/mac-mini/gcc-build/avr/avr5/libgcc/../../../../gcc/libgcc/config/avr/lib1funcs.S:2409
      e0:	11 e0       	ldi	r17, 0x01	; 1
/Users/jenkins/jenkins/workspace/avr-gcc-staging/label/mac-mini/gcc-build/avr/avr5/libgcc/../../../../gcc/libgcc/config/avr/lib1funcs.S:2410
      e2:	a0 e0       	ldi	r26, 0x00	; 0
/Users/jenkins/jenkins/workspace/avr-gcc-staging/label/mac-mini/gcc-build/avr/avr5/libgcc/../../../../gcc/libgcc/config/avr/lib1funcs.S:2411
      e4:	b1 e0       	ldi	r27, 0x01	; 1
/Users/jenkins/jenkins/workspace/avr-gcc-staging/label/mac-mini/gcc-build/avr/avr5/libgcc/../../../../gcc/libgcc/config/avr/lib1funcs.S:2412
      e6:	e2 e2       	ldi	r30, 0x22	; 34
/Users/jenkins/jenkins/workspace/avr-gcc-staging/label/mac-mini/gcc-build/avr/avr5/libgcc/../../../../gcc/libgcc/config/avr/lib1funcs.S:2413
      e8:	fb e2       	ldi	r31, 0x2B	; 43
/Users/jenkins/jenkins/workspace/avr-gcc-staging/label/mac-mini/gcc-build/avr/avr5/libgcc/../../../../gcc/libgcc/config/avr/lib1funcs.S:2414
      ea:	02 c0       	rjmp	.+4      	; 0xf0 <__do_copy_data+0x10>
/Users/jenkins/jenkins/workspace/avr-gcc-staging/label/mac-mini/gcc-build/avr/avr5/libgcc/../../../../gcc/libgcc/config/avr/lib1funcs.S:2417
      ec:	05 90       	lpm	r0, Z+
/Users/jenkins/jenkins/workspace/avr-gcc-staging/label/mac-mini/gcc-build/avr/avr5/libgcc/../../../../gcc/libgcc/config/avr/lib1funcs.S:2422
      ee:	0d 92       	st	X+, r0
/Users/jenkins/jenkins/workspace/avr-gcc-staging/label/mac-mini/gcc-build/avr/avr5/libgcc/../../../../gcc/libgcc/config/avr/lib1funcs.S:2424
      f0:	a0 36       	cpi	r26, 0x60	; 96
/Users/jenkins/jenkins/workspace/avr-gcc-staging/label/mac-mini/gcc-build/avr/avr5/libgcc/../../../../gcc/libgcc/config/avr/lib1funcs.S:2425
      f2:	b1 07       	cpc	r27, r17
/Users/jenkins/jenkins/workspace/avr-gcc-staging/label/mac-mini/gcc-build/avr/avr5/libgcc/../../../../gcc/libgcc/config/avr/lib1funcs.S:2426
      f4:	d9 f7       	brne	.-10     	; 0xec <__do_copy_data+0xc>

000000f6 <__do_clear_bss>:
__do_clear_bss():
/Users/jenkins/jenkins/workspace/avr-gcc-staging/label/mac-mini/gcc-build/avr/avr5/libgcc/../../../../gcc/libgcc/config/avr/lib1funcs.S:2441
      f6:	23 e0       	ldi	r18, 0x03	; 3
/Users/jenkins/jenkins/workspace/avr-gcc-staging/label/mac-mini/gcc-build/avr/avr5/libgcc/../../../../gcc/libgcc/config/avr/lib1funcs.S:2442
      f8:	a0 e6       	ldi	r26, 0x60	; 96
/Users/jenkins/jenkins/workspace/avr-gcc-staging/label/mac-mini/gcc-build/avr/avr5/libgcc/../../../../gcc/libgcc/config/avr/lib1funcs.S:2443
      fa:	b1 e0       	ldi	r27, 0x01	; 1
/Users/jenkins/jenkins/workspace/avr-gcc-staging/label/mac-mini/gcc-build/avr/avr5/libgcc/../../../../gcc/libgcc/config/avr/lib1funcs.S:2444
      fc:	01 c0       	rjmp	.+2      	; 0x100 <.do_clear_bss_start>

000000fe <.do_clear_bss_loop>:
/Users/jenkins/jenkins/workspace/avr-gcc-staging/label/mac-mini/gcc-build/avr/avr5/libgcc/../../../../gcc/libgcc/config/avr/lib1funcs.S:2446
      fe:	1d 92       	st	X+, r1

00000100 <.do_clear_bss_start>:
/Users/jenkins/jenkins/workspace/avr-gcc-staging/label/mac-mini/gcc-build/avr/avr5/libgcc/../../../../gcc/libgcc/config/avr/lib1funcs.S:2448
     100:	ab 34       	cpi	r26, 0x4B	; 75
/Users/jenkins/jenkins/workspace/avr-gcc-staging/label/mac-mini/gcc-build/avr/avr5/libgcc/../../../../gcc/libgcc/config/avr/lib1funcs.S:2449
     102:	b2 07       	cpc	r27, r18
/Users/jenkins/jenkins/workspace/avr-gcc-staging/label/mac-mini/gcc-build/avr/avr5/libgcc/../../../../gcc/libgcc/config/avr/lib1funcs.S:2450
     104:	e1 f7       	brne	.-8      	; 0xfe <.do_clear_bss_loop>

00000106 <__do_global_ctors>:
__do_global_ctors():
/Users/jenkins/jenkins/workspace/avr-gcc-staging/label/mac-mini/gcc-build/avr/avr5/libgcc/../../../../gcc/libgcc/config/avr/lib1funcs.S:2466
     106:	10 e0       	ldi	r17, 0x00	; 0
/Users/jenkins/jenkins/workspace/avr-gcc-staging/label/mac-mini/gcc-build/avr/avr5/libgcc/../../../../gcc/libgcc/config/avr/lib1funcs.S:2467
     108:	c9 e6       	ldi	r28, 0x69	; 105
/Users/jenkins/jenkins/workspace/avr-gcc-staging/label/mac-mini/gcc-build/avr/avr5/libgcc/../../../../gcc/libgcc/config/avr/lib1funcs.S:2468
     10a:	d0 e0       	ldi	r29, 0x00	; 0
/Users/jenkins/jenkins/workspace/avr-gcc-staging/label/mac-mini/gcc-build/avr/avr5/libgcc/../../../../gcc/libgcc/config/avr/lib1funcs.S:2472
     10c:	04 c0       	rjmp	.+8      	; 0x116 <__do_global_ctors+0x10>
/Users/jenkins/jenkins/workspace/avr-gcc-staging/label/mac-mini/gcc-build/avr/avr5/libgcc/../../../../gcc/libgcc/config/avr/lib1funcs.S:2474
     10e:	21 97       	sbiw	r28, 0x01	; 1
/Users/jenkins/jenkins/workspace/avr-gcc-staging/label/mac-mini/gcc-build/avr/avr5/libgcc/../../../../gcc/libgcc/config/avr/lib1funcs.S:2480
     110:	fe 01       	movw	r30, r28
/Users/jenkins/jenkins/workspace/avr-gcc-staging/label/mac-mini/gcc-build/avr/avr5/libgcc/../../../../gcc/libgcc/config/avr/lib1funcs.S:2481
     112:	0e 94 3b 14 	call	0x2876	; 0x2876 <__tablejump2__>
/Users/jenkins/jenkins/workspace/avr-gcc-staging/label/mac-mini/gcc-build/avr/avr5/libgcc/../../../../gcc/libgcc/config/avr/lib1funcs.S:2483
     116:	c8 36       	cpi	r28, 0x68	; 104
/Users/jenkins/jenkins/workspace/avr-gcc-staging/label/mac-mini/gcc-build/avr/avr5/libgcc/../../../../gcc/libgcc/config/avr/lib1funcs.S:2484
     118:	d1 07       	cpc	r29, r17
/Users/jenkins/jenkins/workspace/avr-gcc-staging/label/mac-mini/gcc-build/avr/avr5/libgcc/../../../../gcc/libgcc/config/avr/lib1funcs.S:2489
     11a:	c9 f7       	brne	.-14     	; 0x10e <__do_global_ctors+0x8>
     11c:	0e 94 5d 09 	call	0x12ba	; 0x12ba <main>
     120:	0c 94 84 15 	jmp	0x2b08	; 0x2b08 <__do_global_dtors>

00000124 <__bad_interrupt>:
__vector_22():
     124:	0c 94 00 00 	jmp	0	; 0x0 <__vectors>

00000128 <ThermioRfFrame::readHeader(unsigned char const*, unsigned char, ThermioRfFrame::Header&) [clone .constprop.34]>:
_ZN14ThermioRfFrame10readHeaderEPKhhRNS_6HeaderE.constprop.34():
/Users/leyry/Documents/Electronique/Thermonuino/main/lib/Thermonuino-commons/src/ThermioRfFrame.cpp:18

uint8_t expectedPayloadLen(uint8_t frameType) {
  return frameType == FrameResponse ? ResponsePayloadLen : ReportPayloadLen;
}

bool readHeader(const uint8_t *packet, uint8_t length, Header &header) {
     128:	fc 01       	movw	r30, r24
     12a:	da 01       	movw	r26, r20
/Users/leyry/Documents/Electronique/Thermonuino/main/lib/Thermonuino-commons/src/ThermioRfFrame.cpp:19
  if (length < HeaderLen ||
     12c:	6c 30       	cpi	r22, 0x0C	; 12
     12e:	10 f4       	brcc	.+4      	; 0x134 <ThermioRfFrame::readHeader(unsigned char const*, unsigned char, ThermioRfFrame::Header&) [clone .constprop.34]+0xc>
/Users/leyry/Documents/Electronique/Thermonuino/main/lib/Thermonuino-commons/src/ThermioRfFrame.cpp:33
  header.sourceId = readU16(packet, 5);
  header.targetId = readU16(packet, 7);
  header.sequence = packet[9];
  header.ackSequence = packet[10];
  header.payloadLen = packet[11];
  return length == HeaderLen + header.payloadLen &&
     130:	80 e0       	ldi	r24, 0x00	; 0
     132:	33 c0       	rjmp	.+102    	; 0x19a <ThermioRfFrame::readHeader(unsigned char const*, unsigned char, ThermioRfFrame::Header&) [clone .constprop.34]+0x72>
/Users/leyry/Documents/Electronique/Thermonuino/main/lib/Thermonuino-commons/src/ThermioRfFrame.cpp:19
uint8_t expectedPayloadLen(uint8_t frameType) {
  return frameType == FrameResponse ? ResponsePayloadLen : ReportPayloadLen;
}

bool readHeader(const uint8_t *packet, uint8_t length, Header &header) {
  if (length < HeaderLen ||
     134:	80 81       	ld	r24, Z
     136:	84 35       	cpi	r24, 0x54	; 84
     138:	d9 f7       	brne	.-10     	; 0x130 <ThermioRfFrame::readHeader(unsigned char const*, unsigned char, ThermioRfFrame::Header&) [clone .constprop.34]+0x8>
/Users/leyry/Documents/Electronique/Thermonuino/main/lib/Thermonuino-commons/src/ThermioRfFrame.cpp:20
      packet[0] != 'T' ||
     13a:	81 81       	ldd	r24, Z+1	; 0x01
     13c:	8e 34       	cpi	r24, 0x4E	; 78
     13e:	c1 f7       	brne	.-16     	; 0x130 <ThermioRfFrame::readHeader(unsigned char const*, unsigned char, ThermioRfFrame::Header&) [clone .constprop.34]+0x8>
/Users/leyry/Documents/Electronique/Thermonuino/main/lib/Thermonuino-commons/src/ThermioRfFrame.cpp:21
      packet[1] != 'N' ||
     140:	82 81       	ldd	r24, Z+2	; 0x02
     142:	85 35       	cpi	r24, 0x55	; 85
     144:	a9 f7       	brne	.-22     	; 0x130 <ThermioRfFrame::readHeader(unsigned char const*, unsigned char, ThermioRfFrame::Header&) [clone .constprop.34]+0x8>
/Users/leyry/Documents/Electronique/Thermonuino/main/lib/Thermonuino-commons/src/ThermioRfFrame.cpp:22
      packet[2] != 'U' ||
     146:	83 81       	ldd	r24, Z+3	; 0x03
     148:	81 30       	cpi	r24, 0x01	; 1
     14a:	91 f7       	brne	.-28     	; 0x130 <ThermioRfFrame::readHeader(unsigned char const*, unsigned char, ThermioRfFrame::Header&) [clone .constprop.34]+0x8>
/Users/leyry/Documents/Electronique/Thermonuino/main/lib/Thermonuino-commons/src/ThermioRfFrame.cpp:27
      packet[3] != ProtocolVersion) {
    return false;
  }

  header.frameType = packet[4];
     14c:	84 81       	ldd	r24, Z+4	; 0x04
     14e:	8c 93       	st	X, r24
readU16():
/Users/leyry/Documents/Electronique/Thermonuino/main/lib/Thermonuino-commons/src/ThermioRfFrame.cpp:6
#include "ThermioRfFrame.h"

namespace ThermioRfFrame {

uint16_t readU16(const uint8_t *buffer, uint8_t offset) {
  return (uint16_t)buffer[offset] | ((uint16_t)buffer[offset + 1] << 8);
     150:	25 81       	ldd	r18, Z+5	; 0x05
     152:	36 81       	ldd	r19, Z+6	; 0x06
_ZN14ThermioRfFrame10readHeaderEPKhhRNS_6HeaderE.constprop.34():
/Users/leyry/Documents/Electronique/Thermonuino/main/lib/Thermonuino-commons/src/ThermioRfFrame.cpp:28
      packet[3] != ProtocolVersion) {
    return false;
  }

  header.frameType = packet[4];
  header.sourceId = readU16(packet, 5);
     154:	12 96       	adiw	r26, 0x02	; 2
     156:	3c 93       	st	X, r19
     158:	2e 93       	st	-X, r18
     15a:	11 97       	sbiw	r26, 0x01	; 1
readU16():
/Users/leyry/Documents/Electronique/Thermonuino/main/lib/Thermonuino-commons/src/ThermioRfFrame.cpp:6
#include "ThermioRfFrame.h"

namespace ThermioRfFrame {

uint16_t readU16(const uint8_t *buffer, uint8_t offset) {
  return (uint16_t)buffer[offset] | ((uint16_t)buffer[offset + 1] << 8);
     15c:	27 81       	ldd	r18, Z+7	; 0x07
     15e:	30 85       	ldd	r19, Z+8	; 0x08
_ZN14ThermioRfFrame10readHeaderEPKhhRNS_6HeaderE.constprop.34():
/Users/leyry/Documents/Electronique/Thermonuino/main/lib/Thermonuino-commons/src/ThermioRfFrame.cpp:29
    return false;
  }

  header.frameType = packet[4];
  header.sourceId = readU16(packet, 5);
  header.targetId = readU16(packet, 7);
     160:	14 96       	adiw	r26, 0x04	; 4
     162:	3c 93       	st	X, r19
     164:	2e 93       	st	-X, r18
     166:	13 97       	sbiw	r26, 0x03	; 3
/Users/leyry/Documents/Electronique/Thermonuino/main/lib/Thermonuino-commons/src/ThermioRfFrame.cpp:30
  header.sequence = packet[9];
     168:	91 85       	ldd	r25, Z+9	; 0x09
     16a:	15 96       	adiw	r26, 0x05	; 5
     16c:	9c 93       	st	X, r25
     16e:	15 97       	sbiw	r26, 0x05	; 5
/Users/leyry/Documents/Electronique/Thermonuino/main/lib/Thermonuino-commons/src/ThermioRfFrame.cpp:31
  header.ackSequence = packet[10];
     170:	92 85       	ldd	r25, Z+10	; 0x0a
     172:	16 96       	adiw	r26, 0x06	; 6
     174:	9c 93       	st	X, r25
     176:	16 97       	sbiw	r26, 0x06	; 6
/Users/leyry/Documents/Electronique/Thermonuino/main/lib/Thermonuino-commons/src/ThermioRfFrame.cpp:32
  header.payloadLen = packet[11];
     178:	93 85       	ldd	r25, Z+11	; 0x0b
     17a:	17 96       	adiw	r26, 0x07	; 7
     17c:	9c 93       	st	X, r25
/Users/leyry/Documents/Electronique/Thermonuino/main/lib/Thermonuino-commons/src/ThermioRfFrame.cpp:33
  return length == HeaderLen + header.payloadLen &&
     17e:	29 2f       	mov	r18, r25
     180:	30 e0       	ldi	r19, 0x00	; 0
     182:	24 5f       	subi	r18, 0xF4	; 244
     184:	3f 4f       	sbci	r19, 0xFF	; 255
     186:	62 17       	cp	r22, r18
     188:	13 06       	cpc	r1, r19
     18a:	91 f6       	brne	.-92     	; 0x130 <ThermioRfFrame::readHeader(unsigned char const*, unsigned char, ThermioRfFrame::Header&) [clone .constprop.34]+0x8>
/Users/leyry/Documents/Electronique/Thermonuino/main/lib/Thermonuino-commons/src/ThermioRfFrame.cpp:15
  buffer[offset] = value & 0xFF;
  buffer[offset + 1] = value >> 8;
}

uint8_t expectedPayloadLen(uint8_t frameType) {
  return frameType == FrameResponse ? ResponsePayloadLen : ReportPayloadLen;
     18c:	22 e2       	ldi	r18, 0x22	; 34
expectedPayloadLen():
     18e:	82 30       	cpi	r24, 0x02	; 2
     190:	09 f4       	brne	.+2      	; 0x194 <ThermioRfFrame::readHeader(unsigned char const*, unsigned char, ThermioRfFrame::Header&) [clone .constprop.34]+0x6c>
_ZN14ThermioRfFrame10readHeaderEPKhhRNS_6HeaderE.constprop.34():
     192:	23 e1       	ldi	r18, 0x13	; 19
/Users/leyry/Documents/Electronique/Thermonuino/main/lib/Thermonuino-commons/src/ThermioRfFrame.cpp:33
  header.sourceId = readU16(packet, 5);
  header.targetId = readU16(packet, 7);
  header.sequence = packet[9];
  header.ackSequence = packet[10];
  header.payloadLen = packet[11];
  return length == HeaderLen + header.payloadLen &&
     194:	81 e0       	ldi	r24, 0x01	; 1
     196:	92 13       	cpse	r25, r18
     198:	cb cf       	rjmp	.-106    	; 0x130 <ThermioRfFrame::readHeader(unsigned char const*, unsigned char, ThermioRfFrame::Header&) [clone .constprop.34]+0x8>
/Users/leyry/Documents/Electronique/Thermonuino/main/lib/Thermonuino-commons/src/ThermioRfFrame.cpp:35
      header.payloadLen == expectedPayloadLen(header.frameType);
}
     19a:	08 95       	ret

0000019c <turnOffPWM>:
turnOffPWM():
/Users/leyry/Library/Arduino15/packages/MiniCore/hardware/avr/3.1.1/cores/MCUdude_corefiles/wiring_digital.c:77
//
//static inline void turnOffPWM(uint8_t timer) __attribute__ ((always_inline));
//static inline void turnOffPWM(uint8_t timer)
static void turnOffPWM(uint8_t timer)
{
  switch (timer)
     19c:	84 30       	cpi	r24, 0x04	; 4
     19e:	81 f0       	breq	.+32     	; 0x1c0 <turnOffPWM+0x24>
     1a0:	28 f4       	brcc	.+10     	; 0x1ac <turnOffPWM+0x10>
     1a2:	82 30       	cpi	r24, 0x02	; 2
     1a4:	e9 f0       	breq	.+58     	; 0x1e0 <turnOffPWM+0x44>
     1a6:	83 30       	cpi	r24, 0x03	; 3
     1a8:	f9 f0       	breq	.+62     	; 0x1e8 <turnOffPWM+0x4c>
     1aa:	08 95       	ret
     1ac:	88 30       	cpi	r24, 0x08	; 8
     1ae:	71 f0       	breq	.+28     	; 0x1cc <turnOffPWM+0x30>
     1b0:	89 30       	cpi	r24, 0x09	; 9
     1b2:	91 f0       	breq	.+36     	; 0x1d8 <turnOffPWM+0x3c>
     1b4:	85 30       	cpi	r24, 0x05	; 5
     1b6:	b9 f4       	brne	.+46     	; 0x1e6 <turnOffPWM+0x4a>
/Users/leyry/Library/Arduino15/packages/MiniCore/hardware/avr/3.1.1/cores/MCUdude_corefiles/wiring_digital.c:87
        TCCR1A &= ~_BV(COM1A1);
        break;
    #endif
    #if defined(TCCR1A) && defined(COM1B1)
      case TIMER1B:
        TCCR1A &= ~_BV(COM1B1);
     1b8:	80 91 80 00 	lds	r24, 0x0080	; 0x800080 <__DATA_REGION_ORIGIN__+0x20>
     1bc:	8f 7d       	andi	r24, 0xDF	; 223
     1be:	03 c0       	rjmp	.+6      	; 0x1c6 <turnOffPWM+0x2a>
/Users/leyry/Library/Arduino15/packages/MiniCore/hardware/avr/3.1.1/cores/MCUdude_corefiles/wiring_digital.c:82
  switch (timer)
  {
    // Timer1
    #if defined(TCCR1A) && defined(COM1A1)
      case TIMER1A:
        TCCR1A &= ~_BV(COM1A1);
     1c0:	80 91 80 00 	lds	r24, 0x0080	; 0x800080 <__DATA_REGION_ORIGIN__+0x20>
     1c4:	8f 77       	andi	r24, 0x7F	; 127
/Users/leyry/Library/Arduino15/packages/MiniCore/hardware/avr/3.1.1/cores/MCUdude_corefiles/wiring_digital.c:87
        break;
    #endif
    #if defined(TCCR1A) && defined(COM1B1)
      case TIMER1B:
        TCCR1A &= ~_BV(COM1B1);
     1c6:	80 93 80 00 	sts	0x0080, r24	; 0x800080 <__DATA_REGION_ORIGIN__+0x20>
     1ca:	08 95       	ret
/Users/leyry/Library/Arduino15/packages/MiniCore/hardware/avr/3.1.1/cores/MCUdude_corefiles/wiring_digital.c:104
        TCCR2 &= ~_BV(COM21);
        break;
    #endif
    #if defined(TCCR2A) && defined(COM2A1)
      case TIMER2A:
        TCCR2A &= ~_BV(COM2A1);
     1cc:	80 91 b0 00 	lds	r24, 0x00B0	; 0x8000b0 <__DATA_REGION_ORIGIN__+0x50>
     1d0:	8f 77       	andi	r24, 0x7F	; 127
/Users/leyry/Library/Arduino15/packages/MiniCore/hardware/avr/3.1.1/cores/MCUdude_corefiles/wiring_digital.c:109
        break;
    #endif
    #if defined(TCCR2A) && defined(COM2B1)
      case TIMER2B:
        TCCR2A &= ~_BV(COM2B1);
     1d2:	80 93 b0 00 	sts	0x00B0, r24	; 0x8000b0 <__DATA_REGION_ORIGIN__+0x50>
     1d6:	08 95       	ret
     1d8:	80 91 b0 00 	lds	r24, 0x00B0	; 0x8000b0 <__DATA_REGION_ORIGIN__+0x50>
     1dc:	8f 7d       	andi	r24, 0xDF	; 223
     1de:	f9 cf       	rjmp	.-14     	; 0x1d2 <turnOffPWM+0x36>
/Users/leyry/Library/Arduino15/packages/MiniCore/hardware/avr/3.1.1/cores/MCUdude_corefiles/wiring_digital.c:176
        TCCR0 &= ~_BV(COM01);
        break;
    #endif
    #if defined(TCCR0A) && defined(COM0A1)
      case TIMER0A:
        TCCR0A &= ~_BV(COM0A1);
     1e0:	84 b5       	in	r24, 0x24	; 36
     1e2:	8f 77       	andi	r24, 0x7F	; 127
/Users/leyry/Library/Arduino15/packages/MiniCore/hardware/avr/3.1.1/cores/MCUdude_corefiles/wiring_digital.c:181
        break;
    #endif
    #if defined(TCCR0A) && defined(COM0B1)
      case TIMER0B:
        TCCR0A &= ~_BV(COM0B1);
     1e4:	84 bd       	out	0x24, r24	; 36
/Users/leyry/Library/Arduino15/packages/MiniCore/hardware/avr/3.1.1/cores/MCUdude_corefiles/wiring_digital.c:185
        break;
    #endif
  }
}
     1e6:	08 95       	ret
/Users/leyry/Library/Arduino15/packages/MiniCore/hardware/avr/3.1.1/cores/MCUdude_corefiles/wiring_digital.c:181
        TCCR0A &= ~_BV(COM0A1);
        break;
    #endif
    #if defined(TCCR0A) && defined(COM0B1)
      case TIMER0B:
        TCCR0A &= ~_BV(COM0B1);
     1e8:	84 b5       	in	r24, 0x24	; 36
     1ea:	8f 7d       	andi	r24, 0xDF	; 223
     1ec:	fb cf       	rjmp	.-10     	; 0x1e4 <turnOffPWM+0x48>

000001ee <digitalRead>:
digitalRead():
/Users/leyry/Library/Arduino15/packages/MiniCore/hardware/avr/3.1.1/cores/MCUdude_corefiles/wiring_digital.c:215

  SREG = oldSREG;
}

int digitalRead(uint8_t pin)
{
     1ee:	cf 93       	push	r28
     1f0:	df 93       	push	r29
/Users/leyry/Library/Arduino15/packages/MiniCore/hardware/avr/3.1.1/cores/MCUdude_corefiles/wiring_digital.c:216
  uint8_t timer = digitalPinToTimer(pin);
     1f2:	28 2f       	mov	r18, r24
     1f4:	30 e0       	ldi	r19, 0x00	; 0
     1f6:	f9 01       	movw	r30, r18
     1f8:	ef 57       	subi	r30, 0x7F	; 127
     1fa:	ff 4f       	sbci	r31, 0xFF	; 255
     1fc:	84 91       	lpm	r24, Z
/Users/leyry/Library/Arduino15/packages/MiniCore/hardware/avr/3.1.1/cores/MCUdude_corefiles/wiring_digital.c:217
  uint8_t bit = digitalPinToBitMask(pin);
     1fe:	f9 01       	movw	r30, r18
     200:	e8 56       	subi	r30, 0x68	; 104
     202:	ff 4f       	sbci	r31, 0xFF	; 255
     204:	d4 91       	lpm	r29, Z
/Users/leyry/Library/Arduino15/packages/MiniCore/hardware/avr/3.1.1/cores/MCUdude_corefiles/wiring_digital.c:218
  uint8_t port = digitalPinToPort(pin);
     206:	f9 01       	movw	r30, r18
     208:	e7 54       	subi	r30, 0x47	; 71
     20a:	ff 4f       	sbci	r31, 0xFF	; 255
     20c:	c4 91       	lpm	r28, Z
/Users/leyry/Library/Arduino15/packages/MiniCore/hardware/avr/3.1.1/cores/MCUdude_corefiles/wiring_digital.c:220

  if (port == NOT_A_PIN) return LOW;
     20e:	cc 23       	and	r28, r28
     210:	a1 f0       	breq	.+40     	; 0x23a <digitalRead+0x4c>
/Users/leyry/Library/Arduino15/packages/MiniCore/hardware/avr/3.1.1/cores/MCUdude_corefiles/wiring_digital.c:224

  // If the pin that support PWM output, we need to turn it off
  // before getting a digital reading.
  if (timer != NOT_ON_TIMER) turnOffPWM(timer);
     212:	81 11       	cpse	r24, r1
     214:	0e 94 ce 00 	call	0x19c	; 0x19c <turnOffPWM>
/Users/leyry/Library/Arduino15/packages/MiniCore/hardware/avr/3.1.1/cores/MCUdude_corefiles/wiring_digital.c:226

  if (*portInputRegister(port) & bit) return HIGH;
     218:	ec 2f       	mov	r30, r28
     21a:	f0 e0       	ldi	r31, 0x00	; 0
     21c:	ee 0f       	add	r30, r30
     21e:	ff 1f       	adc	r31, r31
     220:	e9 58       	subi	r30, 0x89	; 137
     222:	ff 4f       	sbci	r31, 0xFF	; 255
     224:	a5 91       	lpm	r26, Z+
     226:	b4 91       	lpm	r27, Z
     228:	ec 91       	ld	r30, X
     22a:	ed 23       	and	r30, r29
     22c:	81 e0       	ldi	r24, 0x01	; 1
     22e:	90 e0       	ldi	r25, 0x00	; 0
     230:	09 f4       	brne	.+2      	; 0x234 <digitalRead+0x46>
     232:	80 e0       	ldi	r24, 0x00	; 0
/Users/leyry/Library/Arduino15/packages/MiniCore/hardware/avr/3.1.1/cores/MCUdude_corefiles/wiring_digital.c:228
  return LOW;
}
     234:	df 91       	pop	r29
     236:	cf 91       	pop	r28
     238:	08 95       	ret
/Users/leyry/Library/Arduino15/packages/MiniCore/hardware/avr/3.1.1/cores/MCUdude_corefiles/wiring_digital.c:220
{
  uint8_t timer = digitalPinToTimer(pin);
  uint8_t bit = digitalPinToBitMask(pin);
  uint8_t port = digitalPinToPort(pin);

  if (port == NOT_A_PIN) return LOW;
     23a:	80 e0       	ldi	r24, 0x00	; 0
     23c:	90 e0       	ldi	r25, 0x00	; 0
     23e:	fa cf       	rjmp	.-12     	; 0x234 <digitalRead+0x46>

00000240 <digitalWrite>:
digitalWrite():
/Users/leyry/Library/Arduino15/packages/MiniCore/hardware/avr/3.1.1/cores/MCUdude_corefiles/wiring_digital.c:188
    #endif
  }
}

void digitalWrite(uint8_t pin, uint8_t val)
{
     240:	1f 93       	push	r17
     242:	cf 93       	push	r28
     244:	df 93       	push	r29
/Users/leyry/Library/Arduino15/packages/MiniCore/hardware/avr/3.1.1/cores/MCUdude_corefiles/wiring_digital.c:189
  uint8_t timer = digitalPinToTimer(pin);
     246:	28 2f       	mov	r18, r24
     248:	30 e0       	ldi	r19, 0x00	; 0
     24a:	f9 01       	movw	r30, r18
     24c:	ef 57       	subi	r30, 0x7F	; 127
     24e:	ff 4f       	sbci	r31, 0xFF	; 255
     250:	84 91       	lpm	r24, Z
/Users/leyry/Library/Arduino15/packages/MiniCore/hardware/avr/3.1.1/cores/MCUdude_corefiles/wiring_digital.c:190
  uint8_t bit = digitalPinToBitMask(pin);
     252:	f9 01       	movw	r30, r18
     254:	e8 56       	subi	r30, 0x68	; 104
     256:	ff 4f       	sbci	r31, 0xFF	; 255
     258:	d4 91       	lpm	r29, Z
/Users/leyry/Library/Arduino15/packages/MiniCore/hardware/avr/3.1.1/cores/MCUdude_corefiles/wiring_digital.c:191
  uint8_t port = digitalPinToPort(pin);
     25a:	f9 01       	movw	r30, r18
     25c:	e7 54       	subi	r30, 0x47	; 71
     25e:	ff 4f       	sbci	r31, 0xFF	; 255
     260:	c4 91       	lpm	r28, Z
/Users/leyry/Library/Arduino15/packages/MiniCore/hardware/avr/3.1.1/cores/MCUdude_corefiles/wiring_digital.c:194
  volatile uint8_t *out;

  if (port == NOT_A_PIN) return;
     262:	cc 23       	and	r28, r28
     264:	a9 f0       	breq	.+42     	; 0x290 <digitalWrite+0x50>
     266:	16 2f       	mov	r17, r22
/Users/leyry/Library/Arduino15/packages/MiniCore/hardware/avr/3.1.1/cores/MCUdude_corefiles/wiring_digital.c:198

  // If the pin that support PWM output, we need to turn it off
  // before doing a digital write.
  if (timer != NOT_ON_TIMER) turnOffPWM(timer);
     268:	81 11       	cpse	r24, r1
     26a:	0e 94 ce 00 	call	0x19c	; 0x19c <turnOffPWM>
/Users/leyry/Library/Arduino15/packages/MiniCore/hardware/avr/3.1.1/cores/MCUdude_corefiles/wiring_digital.c:200

  out = portOutputRegister(port);
     26e:	ec 2f       	mov	r30, r28
     270:	f0 e0       	ldi	r31, 0x00	; 0
     272:	ee 0f       	add	r30, r30
     274:	ff 1f       	adc	r31, r31
     276:	e1 55       	subi	r30, 0x51	; 81
     278:	ff 4f       	sbci	r31, 0xFF	; 255
     27a:	a5 91       	lpm	r26, Z+
     27c:	b4 91       	lpm	r27, Z
/Users/leyry/Library/Arduino15/packages/MiniCore/hardware/avr/3.1.1/cores/MCUdude_corefiles/wiring_digital.c:202

  uint8_t oldSREG = SREG;
     27e:	8f b7       	in	r24, 0x3f	; 63
/Users/leyry/Library/Arduino15/packages/MiniCore/hardware/avr/3.1.1/cores/MCUdude_corefiles/wiring_digital.c:203
  cli();
     280:	f8 94       	cli
/Users/leyry/Library/Arduino15/packages/MiniCore/hardware/avr/3.1.1/cores/MCUdude_corefiles/wiring_digital.c:206

  if (val == LOW) {
    *out &= ~bit;
     282:	ec 91       	ld	r30, X
/Users/leyry/Library/Arduino15/packages/MiniCore/hardware/avr/3.1.1/cores/MCUdude_corefiles/wiring_digital.c:205
  out = portOutputRegister(port);

  uint8_t oldSREG = SREG;
  cli();

  if (val == LOW) {
     284:	11 11       	cpse	r17, r1
     286:	08 c0       	rjmp	.+16     	; 0x298 <digitalWrite+0x58>
/Users/leyry/Library/Arduino15/packages/MiniCore/hardware/avr/3.1.1/cores/MCUdude_corefiles/wiring_digital.c:206
    *out &= ~bit;
     288:	d0 95       	com	r29
     28a:	de 23       	and	r29, r30
/Users/leyry/Library/Arduino15/packages/MiniCore/hardware/avr/3.1.1/cores/MCUdude_corefiles/wiring_digital.c:208
  } else {
    *out |= bit;
     28c:	dc 93       	st	X, r29
/Users/leyry/Library/Arduino15/packages/MiniCore/hardware/avr/3.1.1/cores/MCUdude_corefiles/wiring_digital.c:211
  }

  SREG = oldSREG;
     28e:	8f bf       	out	0x3f, r24	; 63
/Users/leyry/Library/Arduino15/packages/MiniCore/hardware/avr/3.1.1/cores/MCUdude_corefiles/wiring_digital.c:212
}
     290:	df 91       	pop	r29
     292:	cf 91       	pop	r28
     294:	1f 91       	pop	r17
     296:	08 95       	ret
/Users/leyry/Library/Arduino15/packages/MiniCore/hardware/avr/3.1.1/cores/MCUdude_corefiles/wiring_digital.c:208
  cli();

  if (val == LOW) {
    *out &= ~bit;
  } else {
    *out |= bit;
     298:	de 2b       	or	r29, r30
     29a:	f8 cf       	rjmp	.-16     	; 0x28c <digitalWrite+0x4c>

0000029c <pinMode>:
pinMode():
/Users/leyry/Library/Arduino15/packages/MiniCore/hardware/avr/3.1.1/cores/MCUdude_corefiles/wiring_digital.c:30
#define ARDUINO_MAIN
#include "wiring_private.h"
#include "pins_arduino.h"

void pinMode(uint8_t pin, uint8_t mode)
{
     29c:	cf 93       	push	r28
     29e:	df 93       	push	r29
/Users/leyry/Library/Arduino15/packages/MiniCore/hardware/avr/3.1.1/cores/MCUdude_corefiles/wiring_digital.c:31
  uint8_t bit = digitalPinToBitMask(pin);
     2a0:	90 e0       	ldi	r25, 0x00	; 0
     2a2:	fc 01       	movw	r30, r24
     2a4:	e8 56       	subi	r30, 0x68	; 104
     2a6:	ff 4f       	sbci	r31, 0xFF	; 255
     2a8:	24 91       	lpm	r18, Z
/Users/leyry/Library/Arduino15/packages/MiniCore/hardware/avr/3.1.1/cores/MCUdude_corefiles/wiring_digital.c:32
  uint8_t port = digitalPinToPort(pin);
     2aa:	87 54       	subi	r24, 0x47	; 71
     2ac:	9f 4f       	sbci	r25, 0xFF	; 255
     2ae:	fc 01       	movw	r30, r24
     2b0:	84 91       	lpm	r24, Z
/Users/leyry/Library/Arduino15/packages/MiniCore/hardware/avr/3.1.1/cores/MCUdude_corefiles/wiring_digital.c:35
  volatile uint8_t *reg, *out;

  if (port == NOT_A_PIN) return;
     2b2:	88 23       	and	r24, r24
     2b4:	d1 f0       	breq	.+52     	; 0x2ea <pinMode+0x4e>
/Users/leyry/Library/Arduino15/packages/MiniCore/hardware/avr/3.1.1/cores/MCUdude_corefiles/wiring_digital.c:38

  // JWS: can I let the optimizer do this?
  reg = portModeRegister(port);
     2b6:	90 e0       	ldi	r25, 0x00	; 0
     2b8:	88 0f       	add	r24, r24
     2ba:	99 1f       	adc	r25, r25
     2bc:	fc 01       	movw	r30, r24
     2be:	e3 59       	subi	r30, 0x93	; 147
     2c0:	ff 4f       	sbci	r31, 0xFF	; 255
     2c2:	a5 91       	lpm	r26, Z+
     2c4:	b4 91       	lpm	r27, Z
/Users/leyry/Library/Arduino15/packages/MiniCore/hardware/avr/3.1.1/cores/MCUdude_corefiles/wiring_digital.c:39
  out = portOutputRegister(port);
     2c6:	fc 01       	movw	r30, r24
     2c8:	e1 55       	subi	r30, 0x51	; 81
     2ca:	ff 4f       	sbci	r31, 0xFF	; 255
     2cc:	c5 91       	lpm	r28, Z+
     2ce:	d4 91       	lpm	r29, Z
/Users/leyry/Library/Arduino15/packages/MiniCore/hardware/avr/3.1.1/cores/MCUdude_corefiles/wiring_digital.c:41

  if (mode == INPUT) { 
     2d0:	61 11       	cpse	r22, r1
     2d2:	0e c0       	rjmp	.+28     	; 0x2f0 <pinMode+0x54>
/Users/leyry/Library/Arduino15/packages/MiniCore/hardware/avr/3.1.1/cores/MCUdude_corefiles/wiring_digital.c:42
    uint8_t oldSREG = SREG;
     2d4:	9f b7       	in	r25, 0x3f	; 63
/Users/leyry/Library/Arduino15/packages/MiniCore/hardware/avr/3.1.1/cores/MCUdude_corefiles/wiring_digital.c:43
    cli();
     2d6:	f8 94       	cli
/Users/leyry/Library/Arduino15/packages/MiniCore/hardware/avr/3.1.1/cores/MCUdude_corefiles/wiring_digital.c:44
    *reg &= ~bit;
     2d8:	8c 91       	ld	r24, X
     2da:	e2 2f       	mov	r30, r18
     2dc:	e0 95       	com	r30
     2de:	8e 23       	and	r24, r30
     2e0:	8c 93       	st	X, r24
/Users/leyry/Library/Arduino15/packages/MiniCore/hardware/avr/3.1.1/cores/MCUdude_corefiles/wiring_digital.c:45
    *out &= ~bit;
     2e2:	28 81       	ld	r18, Y
     2e4:	e2 23       	and	r30, r18
     2e6:	e8 83       	st	Y, r30
/Users/leyry/Library/Arduino15/packages/MiniCore/hardware/avr/3.1.1/cores/MCUdude_corefiles/wiring_digital.c:46
    SREG = oldSREG;
     2e8:	9f bf       	out	0x3f, r25	; 63
/Users/leyry/Library/Arduino15/packages/MiniCore/hardware/avr/3.1.1/cores/MCUdude_corefiles/wiring_digital.c:59
    uint8_t oldSREG = SREG;
    cli();
    *reg |= bit;
    SREG = oldSREG;
  }
}
     2ea:	df 91       	pop	r29
     2ec:	cf 91       	pop	r28
     2ee:	08 95       	ret
/Users/leyry/Library/Arduino15/packages/MiniCore/hardware/avr/3.1.1/cores/MCUdude_corefiles/wiring_digital.c:54
    cli();
    *reg &= ~bit;
    *out |= bit;
    SREG = oldSREG;
  } else {
    uint8_t oldSREG = SREG;
     2f0:	8f b7       	in	r24, 0x3f	; 63
/Users/leyry/Library/Arduino15/packages/MiniCore/hardware/avr/3.1.1/cores/MCUdude_corefiles/wiring_digital.c:55
    cli();
     2f2:	f8 94       	cli
/Users/leyry/Library/Arduino15/packages/MiniCore/hardware/avr/3.1.1/cores/MCUdude_corefiles/wiring_digital.c:56
    *reg |= bit;
     2f4:	ec 91       	ld	r30, X
     2f6:	e2 2b       	or	r30, r18
     2f8:	ec 93       	st	X, r30
/Users/leyry/Library/Arduino15/packages/MiniCore/hardware/avr/3.1.1/cores/MCUdude_corefiles/wiring_digital.c:57
    SREG = oldSREG;
     2fa:	8f bf       	out	0x3f, r24	; 63
     2fc:	f6 cf       	rjmp	.-20     	; 0x2ea <pinMode+0x4e>

000002fe <delayMicroseconds>:
delayMicroseconds():
/Users/leyry/Library/Arduino15/packages/MiniCore/hardware/avr/3.1.1/cores/MCUdude_corefiles/wiring.c:761
              // 2 cycles to jump back to delay cycle.
  }

#elif F_CPU >= 8000000L
  // for the 8 MHz clock
  __asm__ __volatile__ (
     2fe:	00 00       	nop
     300:	00 00       	nop
/Users/leyry/Library/Arduino15/packages/MiniCore/hardware/avr/3.1.1/cores/MCUdude_corefiles/wiring.c:772
  if (us <= 2) return; // = 3 cycles, (4 when true)

  // the following loop takes 1/2 of a microsecond (4 cycles)
  // per iteration, so execute it twice for each microsecond of
  // delay requested.
  us <<= 1; //x2 us, = 2 cycles
     302:	88 0f       	add	r24, r24
     304:	99 1f       	adc	r25, r25
/Users/leyry/Library/Arduino15/packages/MiniCore/hardware/avr/3.1.1/cores/MCUdude_corefiles/wiring.c:777

  // account for the time taken in the preceeding commands.
  // we just burned 19 (21) cycles above, remove 5, (5*4=20)
  // us is at least 6 so we can substract 5
  us -= 5; // = 2 cycles
     306:	05 97       	sbiw	r24, 0x05	; 5
/Users/leyry/Library/Arduino15/packages/MiniCore/hardware/avr/3.1.1/cores/MCUdude_corefiles/wiring.c:929
  us >>= 2; // us div 4, = 4 cycles

#endif

  // busy wait
  __asm__ __volatile__ (
     308:	01 97       	sbiw	r24, 0x01	; 1
     30a:	f1 f7       	brne	.-4      	; 0x308 <delayMicroseconds+0xa>
/Users/leyry/Library/Arduino15/packages/MiniCore/hardware/avr/3.1.1/cores/MCUdude_corefiles/wiring.c:939
    "   brne 1b"                     // 2 cycles
    : /* no outputs */
    : "w" (us)
  );
  // return = 4 cycles
}
     30c:	08 95       	ret

0000030e <micros>:
micros():
/Users/leyry/Library/Arduino15/packages/MiniCore/hardware/avr/3.1.1/cores/MCUdude_corefiles/wiring.c:237
  unsigned char f; // temporary storage for millis fraction counter
  unsigned char q = 0; // record whether an overflow is flagged
#endif
  // t will be the number where the timer0 counter stopped
  uint8_t t;
  uint8_t oldSREG = SREG;
     30e:	3f b7       	in	r19, 0x3f	; 63
/Users/leyry/Library/Arduino15/packages/MiniCore/hardware/avr/3.1.1/cores/MCUdude_corefiles/wiring.c:240

  // Stop all interrupts
  cli();
     310:	f8 94       	cli
/Users/leyry/Library/Arduino15/packages/MiniCore/hardware/avr/3.1.1/cores/MCUdude_corefiles/wiring.c:247
#ifdef CORRECT_EXACT_MICROS
  // combine exact millisec and 8usec counters
  m = timer0_millis;
  f = timer0_fract;
#else
  m = timer0_overflow_count;
     312:	80 91 87 02 	lds	r24, 0x0287	; 0x800287 <timer0_overflow_count>
     316:	90 91 88 02 	lds	r25, 0x0288	; 0x800288 <timer0_overflow_count+0x1>
     31a:	a0 91 89 02 	lds	r26, 0x0289	; 0x800289 <timer0_overflow_count+0x2>
     31e:	b0 91 8a 02 	lds	r27, 0x028A	; 0x80028a <timer0_overflow_count+0x3>
/Users/leyry/Library/Arduino15/packages/MiniCore/hardware/avr/3.1.1/cores/MCUdude_corefiles/wiring.c:252
#endif

  // TCNT0 : The Timer Counter Register
#if defined(TCNT0)
  t = TCNT0;
     322:	26 b5       	in	r18, 0x26	; 38
/Users/leyry/Library/Arduino15/packages/MiniCore/hardware/avr/3.1.1/cores/MCUdude_corefiles/wiring.c:261
  #error TIMER 0 not defined
#endif

  // Timer0 Interrupt Flag Register
#ifdef TIFR0
  if ((TIFR0 & _BV(TOV0)) && (t < 255))
     324:	a8 9b       	sbis	0x15, 0	; 21
     326:	05 c0       	rjmp	.+10     	; 0x332 <micros+0x24>
     328:	2f 3f       	cpi	r18, 0xFF	; 255
     32a:	19 f0       	breq	.+6      	; 0x332 <micros+0x24>
/Users/leyry/Library/Arduino15/packages/MiniCore/hardware/avr/3.1.1/cores/MCUdude_corefiles/wiring.c:263
#ifndef CORRECT_EXACT_MICROS
    m++;
     32c:	01 96       	adiw	r24, 0x01	; 1
     32e:	a1 1d       	adc	r26, r1
     330:	b1 1d       	adc	r27, r1
/Users/leyry/Library/Arduino15/packages/MiniCore/hardware/avr/3.1.1/cores/MCUdude_corefiles/wiring.c:276
#else
    q = 1;
#endif
#endif
  // Restore SREG
  SREG = oldSREG;
     332:	3f bf       	out	0x3f, r19	; 63
/Users/leyry/Library/Arduino15/packages/MiniCore/hardware/avr/3.1.1/cores/MCUdude_corefiles/wiring.c:292
      ((t * MICROSECONDS_PER_TIMER0_OVERFLOW) >> 8);
  return q ? m + MICROSECONDS_PER_TIMER0_OVERFLOW : m;
#elif 1
  /* All power-of-two Megahertz frequencies enter here, as well as 12.8 MHz.
     We only end up here if right shift before multiplication is exact. */
  return ((m << 8) + t) * (MICROSECONDS_PER_TIMER0_OVERFLOW >> 8);
     334:	ba 2f       	mov	r27, r26
     336:	a9 2f       	mov	r26, r25
     338:	98 2f       	mov	r25, r24
     33a:	88 27       	eor	r24, r24
     33c:	bc 01       	movw	r22, r24
     33e:	cd 01       	movw	r24, r26
     340:	62 0f       	add	r22, r18
     342:	71 1d       	adc	r23, r1
     344:	81 1d       	adc	r24, r1
     346:	91 1d       	adc	r25, r1
     348:	43 e0       	ldi	r20, 0x03	; 3
     34a:	66 0f       	add	r22, r22
     34c:	77 1f       	adc	r23, r23
     34e:	88 1f       	adc	r24, r24
     350:	99 1f       	adc	r25, r25
     352:	4a 95       	dec	r20
     354:	d1 f7       	brne	.-12     	; 0x34a <micros+0x3c>
/Users/leyry/Library/Arduino15/packages/MiniCore/hardware/avr/3.1.1/cores/MCUdude_corefiles/wiring.c:393
  // m & t are multiplied by 4 (since it was already multiplied by 256)
  // t is multiplied by 4
  return ((m << 8) + t) * (64 / clockCyclesPerMicrosecond());
#endif
#endif // 0
}
     356:	08 95       	ret

00000358 <Adafruit_NeoPixel::show() [clone .constprop.26]>:
_ZN17Adafruit_NeoPixel4showEv.constprop.26():
/Users/leyry/Documents/Arduino/libraries/Adafruit_NeoPixel/Adafruit_NeoPixel.cpp:413
           function is called (about 30 microseconds per RGB pixel, 40 for
           RGBW pixels). There's no easy fix for this, but a few
           specialized alternative or companion libraries exist that use
           very device-specific peripherals to work around it.
*/
void Adafruit_NeoPixel::show(void) {
     358:	0f 93       	push	r16
     35a:	1f 93       	push	r17
     35c:	cf 93       	push	r28
     35e:	df 93       	push	r29
     360:	cd b7       	in	r28, 0x3d	; 61
     362:	de b7       	in	r29, 0x3e	; 62
     364:	29 97       	sbiw	r28, 0x09	; 9
     366:	0f b6       	in	r0, 0x3f	; 63
     368:	f8 94       	cli
     36a:	de bf       	out	0x3e, r29	; 62
     36c:	0f be       	out	0x3f, r0	; 63
     36e:	cd bf       	out	0x3d, r28	; 61
/Users/leyry/Documents/Arduino/libraries/Adafruit_NeoPixel/Adafruit_NeoPixel.cpp:415

  if (!pixels)
     370:	80 91 38 03 	lds	r24, 0x0338	; 0x800338 <leds+0x9>
     374:	90 91 39 03 	lds	r25, 0x0339	; 0x800339 <leds+0xa>
     378:	89 2b       	or	r24, r25
     37a:	09 f4       	brne	.+2      	; 0x37e <Adafruit_NeoPixel::show() [clone .constprop.26]+0x26>
     37c:	ac c0       	rjmp	.+344    	; 0x4d6 <headD+0xa0>
_ZN17Adafruit_NeoPixel7canShowEv.isra.0():
/Users/leyry/Documents/Arduino/libraries/Adafruit_NeoPixel/Adafruit_NeoPixel.h:264
    // show() call happens precisely around the rollover, but that's
    // neither likely nor especially harmful, vs. other code that might
    // stall for 30+ minutes, or having to document and frequently remind
    // and/or provide tech support explaining an unintuitive need for
    // show() calls at least once an hour.
    uint32_t now = micros();
     37e:	0e 94 87 01 	call	0x30e	; 0x30e <micros>
/Users/leyry/Documents/Arduino/libraries/Adafruit_NeoPixel/Adafruit_NeoPixel.h:265
    if (endTime > now) {
     382:	00 91 3e 03 	lds	r16, 0x033E	; 0x80033e <leds+0xf>
     386:	10 91 3f 03 	lds	r17, 0x033F	; 0x80033f <leds+0x10>
     38a:	20 91 40 03 	lds	r18, 0x0340	; 0x800340 <leds+0x11>
     38e:	30 91 41 03 	lds	r19, 0x0341	; 0x800341 <leds+0x12>
     392:	60 17       	cp	r22, r16
     394:	71 07       	cpc	r23, r17
     396:	82 07       	cpc	r24, r18
     398:	93 07       	cpc	r25, r19
     39a:	40 f4       	brcc	.+16     	; 0x3ac <Adafruit_NeoPixel::show() [clone .constprop.26]+0x54>
/Users/leyry/Documents/Arduino/libraries/Adafruit_NeoPixel/Adafruit_NeoPixel.h:266
      endTime = now;
     39c:	60 93 3e 03 	sts	0x033E, r22	; 0x80033e <leds+0xf>
     3a0:	70 93 3f 03 	sts	0x033F, r23	; 0x80033f <leds+0x10>
     3a4:	80 93 40 03 	sts	0x0340, r24	; 0x800340 <leds+0x11>
     3a8:	90 93 41 03 	sts	0x0341, r25	; 0x800341 <leds+0x12>
/Users/leyry/Documents/Arduino/libraries/Adafruit_NeoPixel/Adafruit_NeoPixel.h:268
    }
    return (now - endTime) >= 300L;
     3ac:	00 91 3e 03 	lds	r16, 0x033E	; 0x80033e <leds+0xf>
     3b0:	10 91 3f 03 	lds	r17, 0x033F	; 0x80033f <leds+0x10>
     3b4:	20 91 40 03 	lds	r18, 0x0340	; 0x800340 <leds+0x11>
     3b8:	30 91 41 03 	lds	r19, 0x0341	; 0x800341 <leds+0x12>
     3bc:	60 1b       	sub	r22, r16
     3be:	71 0b       	sbc	r23, r17
     3c0:	82 0b       	sbc	r24, r18
     3c2:	93 0b       	sbc	r25, r19
_ZN17Adafruit_NeoPixel4showEv.constprop.26():
/Users/leyry/Documents/Arduino/libraries/Adafruit_NeoPixel/Adafruit_NeoPixel.cpp:424
  // put a delay at the end of the function, the ending time is noted and
  // the function will simply hold off (if needed) on issuing the
  // subsequent round of data until the latch time has elapsed. This
  // allows the mainline code to start generating the next frame of data
  // rather than stalling for the latch.
  while (!canShow())
     3c4:	6c 32       	cpi	r22, 0x2C	; 44
     3c6:	71 40       	sbci	r23, 0x01	; 1
     3c8:	81 05       	cpc	r24, r1
     3ca:	91 05       	cpc	r25, r1
     3cc:	c0 f2       	brcs	.-80     	; 0x37e <Adafruit_NeoPixel::show() [clone .constprop.26]+0x26>
/Users/leyry/Documents/Arduino/libraries/Adafruit_NeoPixel/Adafruit_NeoPixel.cpp:443
    // to the PORT register as needed.

  // NRF52 may use PWM + DMA (if available), may not need to disable interrupt
  // ESP32 may not disable interrupts because espShow() uses RMT which tries to acquire locks
#if !(defined(NRF52) || defined(NRF52_SERIES) || defined(ESP32))
  noInterrupts(); // Need 100% focus on instruction timing
     3ce:	f8 94       	cli
/Users/leyry/Documents/Arduino/libraries/Adafruit_NeoPixel/Adafruit_NeoPixel.cpp:449
#endif

#if defined(__AVR__)
  // AVR MCUs -- ATmega & ATtiny (no XMEGA) ---------------------------------

  volatile uint16_t i = numBytes; // Loop counter
     3d0:	80 91 33 03 	lds	r24, 0x0333	; 0x800333 <leds+0x4>
     3d4:	90 91 34 03 	lds	r25, 0x0334	; 0x800334 <leds+0x5>
     3d8:	9a 83       	std	Y+2, r25	; 0x02
     3da:	89 83       	std	Y+1, r24	; 0x01
/Users/leyry/Documents/Arduino/libraries/Adafruit_NeoPixel/Adafruit_NeoPixel.cpp:450
  volatile uint8_t *ptr = pixels, // Pointer to next byte
     3dc:	a0 91 38 03 	lds	r26, 0x0338	; 0x800338 <leds+0x9>
     3e0:	b0 91 39 03 	lds	r27, 0x0339	; 0x800339 <leds+0xa>
/Users/leyry/Documents/Arduino/libraries/Adafruit_NeoPixel/Adafruit_NeoPixel.cpp:451
      b = *ptr++,                 // Current byte value
     3e4:	fd 01       	movw	r30, r26
     3e6:	31 96       	adiw	r30, 0x01	; 1
     3e8:	8c 91       	ld	r24, X
     3ea:	89 87       	std	Y+9, r24	; 0x09
/Users/leyry/Documents/Arduino/libraries/Adafruit_NeoPixel/Adafruit_NeoPixel.cpp:473

// 8 MHz(ish) AVR ---------------------------------------------------------
#if (F_CPU >= 7400000UL) && (F_CPU <= 9500000UL)

#if defined(NEO_KHZ400) // 800 KHz check needed only if 400 KHz support enabled
  if (is800KHz) {
     3ec:	80 91 2f 03 	lds	r24, 0x032F	; 0x80032f <leds>
     3f0:	a0 91 42 03 	lds	r26, 0x0342	; 0x800342 <leds+0x13>
     3f4:	b0 91 43 03 	lds	r27, 0x0343	; 0x800343 <leds+0x14>
     3f8:	88 23       	and	r24, r24
     3fa:	09 f4       	brne	.+2      	; 0x3fe <Adafruit_NeoPixel::show() [clone .constprop.26]+0xa6>
     3fc:	2e c1       	rjmp	.+604    	; 0x65a <headC+0x82>
/Users/leyry/Documents/Arduino/libraries/Adafruit_NeoPixel/Adafruit_NeoPixel.cpp:476
#endif

    volatile uint8_t n1, n2 = 0; // First, next bits out
     3fe:	1b 82       	std	Y+3, r1	; 0x03
/Users/leyry/Documents/Arduino/libraries/Adafruit_NeoPixel/Adafruit_NeoPixel.cpp:488

    // PORTD OUTPUT ----------------------------------------------------

#if defined(PORTD)
#if defined(PORTB) || defined(PORTC) || defined(PORTF)
    if (port == &PORTD) {
     400:	ab 32       	cpi	r26, 0x2B	; 43
     402:	b1 05       	cpc	r27, r1
     404:	09 f0       	breq	.+2      	; 0x408 <__LOCK_REGION_LENGTH__+0x8>
     406:	72 c0       	rjmp	.+228    	; 0x4ec <headD+0xb6>
/Users/leyry/Documents/Arduino/libraries/Adafruit_NeoPixel/Adafruit_NeoPixel.cpp:491
#endif // defined(PORTB/C/F)

      hi = PORTD | pinMask;
     408:	9b b1       	in	r25, 0x0b	; 11
     40a:	80 91 44 03 	lds	r24, 0x0344	; 0x800344 <leds+0x15>
     40e:	98 2b       	or	r25, r24
     410:	98 87       	std	Y+8, r25	; 0x08
/Users/leyry/Documents/Arduino/libraries/Adafruit_NeoPixel/Adafruit_NeoPixel.cpp:492
      lo = PORTD & ~pinMask;
     412:	9b b1       	in	r25, 0x0b	; 11
     414:	80 95       	com	r24
     416:	89 23       	and	r24, r25
     418:	8f 83       	std	Y+7, r24	; 0x07
/Users/leyry/Documents/Arduino/libraries/Adafruit_NeoPixel/Adafruit_NeoPixel.cpp:493
      n1 = lo;
     41a:	8f 81       	ldd	r24, Y+7	; 0x07
     41c:	8c 83       	std	Y+4, r24	; 0x04
/Users/leyry/Documents/Arduino/libraries/Adafruit_NeoPixel/Adafruit_NeoPixel.cpp:494
      if (b & 0x80)
     41e:	89 85       	ldd	r24, Y+9	; 0x09
     420:	87 ff       	sbrs	r24, 7
     422:	02 c0       	rjmp	.+4      	; 0x428 <__LOCK_REGION_LENGTH__+0x28>
/Users/leyry/Documents/Arduino/libraries/Adafruit_NeoPixel/Adafruit_NeoPixel.cpp:495
        n1 = hi;
     424:	88 85       	ldd	r24, Y+8	; 0x08
     426:	8c 83       	std	Y+4, r24	; 0x04
/Users/leyry/Documents/Arduino/libraries/Adafruit_NeoPixel/Adafruit_NeoPixel.cpp:644
          "\n\t" // 1    PORT = lo
          "brne headD"
          "\n" // 2    while(i) (Z flag set above)
          : [byte] "+r"(b), [n1] "+r"(n1), [n2] "+r"(n2), [count] "+w"(i)
          : [port] "I"(_SFR_IO_ADDR(PORTD)), [ptr] "e"(ptr), [hi] "r"(hi),
            [lo] "r"(lo));
     428:	58 85       	ldd	r21, Y+8	; 0x08
     42a:	6f 81       	ldd	r22, Y+7	; 0x07
     42c:	49 85       	ldd	r20, Y+9	; 0x09
     42e:	3c 81       	ldd	r19, Y+4	; 0x04
     430:	2b 81       	ldd	r18, Y+3	; 0x03
     432:	89 81       	ldd	r24, Y+1	; 0x01
     434:	9a 81       	ldd	r25, Y+2	; 0x02

00000436 <headD>:
     436:	5b b9       	out	0x0b, r21	; 11
     438:	26 2f       	mov	r18, r22
     43a:	3b b9       	out	0x0b, r19	; 11
     43c:	00 c0       	rjmp	.+0      	; 0x43e <headD+0x8>
     43e:	46 fd       	sbrc	r20, 6
     440:	25 2f       	mov	r18, r21
     442:	6b b9       	out	0x0b, r22	; 11
     444:	00 c0       	rjmp	.+0      	; 0x446 <headD+0x10>
     446:	5b b9       	out	0x0b, r21	; 11
     448:	36 2f       	mov	r19, r22
     44a:	2b b9       	out	0x0b, r18	; 11
     44c:	00 c0       	rjmp	.+0      	; 0x44e <headD+0x18>
     44e:	45 fd       	sbrc	r20, 5
     450:	35 2f       	mov	r19, r21
     452:	6b b9       	out	0x0b, r22	; 11
     454:	00 c0       	rjmp	.+0      	; 0x456 <headD+0x20>
     456:	5b b9       	out	0x0b, r21	; 11
     458:	26 2f       	mov	r18, r22
     45a:	3b b9       	out	0x0b, r19	; 11
     45c:	00 c0       	rjmp	.+0      	; 0x45e <headD+0x28>
     45e:	44 fd       	sbrc	r20, 4
     460:	25 2f       	mov	r18, r21
     462:	6b b9       	out	0x0b, r22	; 11
     464:	00 c0       	rjmp	.+0      	; 0x466 <headD+0x30>
     466:	5b b9       	out	0x0b, r21	; 11
     468:	36 2f       	mov	r19, r22
     46a:	2b b9       	out	0x0b, r18	; 11
     46c:	00 c0       	rjmp	.+0      	; 0x46e <headD+0x38>
     46e:	43 fd       	sbrc	r20, 3
     470:	35 2f       	mov	r19, r21
     472:	6b b9       	out	0x0b, r22	; 11
     474:	00 c0       	rjmp	.+0      	; 0x476 <headD+0x40>
     476:	5b b9       	out	0x0b, r21	; 11
     478:	26 2f       	mov	r18, r22
     47a:	3b b9       	out	0x0b, r19	; 11
     47c:	00 c0       	rjmp	.+0      	; 0x47e <headD+0x48>
     47e:	42 fd       	sbrc	r20, 2
     480:	25 2f       	mov	r18, r21
     482:	6b b9       	out	0x0b, r22	; 11
     484:	00 c0       	rjmp	.+0      	; 0x486 <headD+0x50>
     486:	5b b9       	out	0x0b, r21	; 11
     488:	36 2f       	mov	r19, r22
     48a:	2b b9       	out	0x0b, r18	; 11
     48c:	00 c0       	rjmp	.+0      	; 0x48e <headD+0x58>
     48e:	41 fd       	sbrc	r20, 1
     490:	35 2f       	mov	r19, r21
     492:	6b b9       	out	0x0b, r22	; 11
     494:	00 c0       	rjmp	.+0      	; 0x496 <headD+0x60>
     496:	5b b9       	out	0x0b, r21	; 11
     498:	26 2f       	mov	r18, r22
     49a:	3b b9       	out	0x0b, r19	; 11
     49c:	00 c0       	rjmp	.+0      	; 0x49e <headD+0x68>
     49e:	40 fd       	sbrc	r20, 0
     4a0:	25 2f       	mov	r18, r21
     4a2:	6b b9       	out	0x0b, r22	; 11
     4a4:	01 97       	sbiw	r24, 0x01	; 1
     4a6:	5b b9       	out	0x0b, r21	; 11
     4a8:	36 2f       	mov	r19, r22
     4aa:	2b b9       	out	0x0b, r18	; 11
     4ac:	41 91       	ld	r20, Z+
     4ae:	47 fd       	sbrc	r20, 7
     4b0:	35 2f       	mov	r19, r21
     4b2:	6b b9       	out	0x0b, r22	; 11
     4b4:	01 f6       	brne	.-128    	; 0x436 <headD>
/Users/leyry/Documents/Arduino/libraries/Adafruit_NeoPixel/Adafruit_NeoPixel.cpp:955
          "\n\t"
          "brne headC"
          "\n"
          : [byte] "+r"(b), [n1] "+r"(n1), [n2] "+r"(n2), [count] "+w"(i)
          : [port] "I"(_SFR_IO_ADDR(PORTC)), [ptr] "e"(ptr), [hi] "r"(hi),
            [lo] "r"(lo));
     4b6:	49 87       	std	Y+9, r20	; 0x09
     4b8:	3c 83       	std	Y+4, r19	; 0x04
     4ba:	2b 83       	std	Y+3, r18	; 0x03
/Users/leyry/Documents/Arduino/libraries/Adafruit_NeoPixel/Adafruit_NeoPixel.cpp:1182
                 "\n\t" // 2    i--           (T = 18)
                 "brne head20"
                 "\n" // 2    if(i != 0) -> (next byte)
                 : [port] "+e"(port), [byte] "+r"(b), [bit] "+r"(bit),
                   [next] "+r"(next), [count] "+w"(i)
                 : [hi] "r"(hi), [lo] "r"(lo), [ptr] "e"(ptr));
     4bc:	9a 83       	std	Y+2, r25	; 0x02
     4be:	89 83       	std	Y+1, r24	; 0x01
/Users/leyry/Documents/Arduino/libraries/Adafruit_NeoPixel/Adafruit_NeoPixel.cpp:3275
#endif

  // END ARCHITECTURE SELECT ------------------------------------------------

#if !(defined(NRF52) || defined(NRF52_SERIES) || defined(ESP32))
  interrupts();
     4c0:	78 94       	sei
/Users/leyry/Documents/Arduino/libraries/Adafruit_NeoPixel/Adafruit_NeoPixel.cpp:3278
#endif

  endTime = micros(); // Save EOD time for latch on next call
     4c2:	0e 94 87 01 	call	0x30e	; 0x30e <micros>
     4c6:	60 93 3e 03 	sts	0x033E, r22	; 0x80033e <leds+0xf>
     4ca:	70 93 3f 03 	sts	0x033F, r23	; 0x80033f <leds+0x10>
     4ce:	80 93 40 03 	sts	0x0340, r24	; 0x800340 <leds+0x11>
     4d2:	90 93 41 03 	sts	0x0341, r25	; 0x800341 <leds+0x12>
/Users/leyry/Documents/Arduino/libraries/Adafruit_NeoPixel/Adafruit_NeoPixel.cpp:3279
}
     4d6:	29 96       	adiw	r28, 0x09	; 9
     4d8:	0f b6       	in	r0, 0x3f	; 63
     4da:	f8 94       	cli
     4dc:	de bf       	out	0x3e, r29	; 62
     4de:	0f be       	out	0x3f, r0	; 63
     4e0:	cd bf       	out	0x3d, r28	; 61
     4e2:	df 91       	pop	r29
     4e4:	cf 91       	pop	r28
     4e6:	1f 91       	pop	r17
     4e8:	0f 91       	pop	r16
     4ea:	08 95       	ret
/Users/leyry/Documents/Arduino/libraries/Adafruit_NeoPixel/Adafruit_NeoPixel.cpp:655

    // PORTB OUTPUT ----------------------------------------------------

#if defined(PORTB)
#if defined(PORTD) || defined(PORTC) || defined(PORTF)
        if (port == &PORTB) {
     4ec:	a5 32       	cpi	r26, 0x25	; 37
     4ee:	b1 05       	cpc	r27, r1
     4f0:	09 f0       	breq	.+2      	; 0x4f4 <headD+0xbe>
     4f2:	58 c0       	rjmp	.+176    	; 0x5a4 <headB+0x82>
/Users/leyry/Documents/Arduino/libraries/Adafruit_NeoPixel/Adafruit_NeoPixel.cpp:659
#endif // defined(PORTD/C/F)

      // Same as above, just switched to PORTB and stripped of comments.
      hi = PORTB | pinMask;
     4f4:	95 b1       	in	r25, 0x05	; 5
     4f6:	80 91 44 03 	lds	r24, 0x0344	; 0x800344 <leds+0x15>
     4fa:	98 2b       	or	r25, r24
     4fc:	98 87       	std	Y+8, r25	; 0x08
/Users/leyry/Documents/Arduino/libraries/Adafruit_NeoPixel/Adafruit_NeoPixel.cpp:660
      lo = PORTB & ~pinMask;
     4fe:	95 b1       	in	r25, 0x05	; 5
     500:	80 95       	com	r24
     502:	89 23       	and	r24, r25
     504:	8f 83       	std	Y+7, r24	; 0x07
/Users/leyry/Documents/Arduino/libraries/Adafruit_NeoPixel/Adafruit_NeoPixel.cpp:661
      n1 = lo;
     506:	8f 81       	ldd	r24, Y+7	; 0x07
     508:	8c 83       	std	Y+4, r24	; 0x04
/Users/leyry/Documents/Arduino/libraries/Adafruit_NeoPixel/Adafruit_NeoPixel.cpp:662
      if (b & 0x80)
     50a:	89 85       	ldd	r24, Y+9	; 0x09
     50c:	87 ff       	sbrs	r24, 7
     50e:	02 c0       	rjmp	.+4      	; 0x514 <headD+0xde>
/Users/leyry/Documents/Arduino/libraries/Adafruit_NeoPixel/Adafruit_NeoPixel.cpp:663
        n1 = hi;
     510:	88 85       	ldd	r24, Y+8	; 0x08
     512:	8c 83       	std	Y+4, r24	; 0x04
/Users/leyry/Documents/Arduino/libraries/Adafruit_NeoPixel/Adafruit_NeoPixel.cpp:798
          "\n\t"
          "brne headB"
          "\n"
          : [byte] "+r"(b), [n1] "+r"(n1), [n2] "+r"(n2), [count] "+w"(i)
          : [port] "I"(_SFR_IO_ADDR(PORTB)), [ptr] "e"(ptr), [hi] "r"(hi),
            [lo] "r"(lo));
     514:	58 85       	ldd	r21, Y+8	; 0x08
     516:	6f 81       	ldd	r22, Y+7	; 0x07
     518:	49 85       	ldd	r20, Y+9	; 0x09
     51a:	3c 81       	ldd	r19, Y+4	; 0x04
     51c:	2b 81       	ldd	r18, Y+3	; 0x03
     51e:	89 81       	ldd	r24, Y+1	; 0x01
     520:	9a 81       	ldd	r25, Y+2	; 0x02

00000522 <headB>:
     522:	55 b9       	out	0x05, r21	; 5
     524:	26 2f       	mov	r18, r22
     526:	35 b9       	out	0x05, r19	; 5
     528:	00 c0       	rjmp	.+0      	; 0x52a <headB+0x8>
     52a:	46 fd       	sbrc	r20, 6
     52c:	25 2f       	mov	r18, r21
     52e:	65 b9       	out	0x05, r22	; 5
     530:	00 c0       	rjmp	.+0      	; 0x532 <headB+0x10>
     532:	55 b9       	out	0x05, r21	; 5
     534:	36 2f       	mov	r19, r22
     536:	25 b9       	out	0x05, r18	; 5
     538:	00 c0       	rjmp	.+0      	; 0x53a <headB+0x18>
     53a:	45 fd       	sbrc	r20, 5
     53c:	35 2f       	mov	r19, r21
     53e:	65 b9       	out	0x05, r22	; 5
     540:	00 c0       	rjmp	.+0      	; 0x542 <headB+0x20>
     542:	55 b9       	out	0x05, r21	; 5
     544:	26 2f       	mov	r18, r22
     546:	35 b9       	out	0x05, r19	; 5
     548:	00 c0       	rjmp	.+0      	; 0x54a <headB+0x28>
     54a:	44 fd       	sbrc	r20, 4
     54c:	25 2f       	mov	r18, r21
     54e:	65 b9       	out	0x05, r22	; 5
     550:	00 c0       	rjmp	.+0      	; 0x552 <headB+0x30>
     552:	55 b9       	out	0x05, r21	; 5
     554:	36 2f       	mov	r19, r22
     556:	25 b9       	out	0x05, r18	; 5
     558:	00 c0       	rjmp	.+0      	; 0x55a <headB+0x38>
     55a:	43 fd       	sbrc	r20, 3
     55c:	35 2f       	mov	r19, r21
     55e:	65 b9       	out	0x05, r22	; 5
     560:	00 c0       	rjmp	.+0      	; 0x562 <headB+0x40>
     562:	55 b9       	out	0x05, r21	; 5
     564:	26 2f       	mov	r18, r22
     566:	35 b9       	out	0x05, r19	; 5
     568:	00 c0       	rjmp	.+0      	; 0x56a <headB+0x48>
     56a:	42 fd       	sbrc	r20, 2
     56c:	25 2f       	mov	r18, r21
     56e:	65 b9       	out	0x05, r22	; 5
     570:	00 c0       	rjmp	.+0      	; 0x572 <headB+0x50>
     572:	55 b9       	out	0x05, r21	; 5
     574:	36 2f       	mov	r19, r22
     576:	25 b9       	out	0x05, r18	; 5
     578:	00 c0       	rjmp	.+0      	; 0x57a <headB+0x58>
     57a:	41 fd       	sbrc	r20, 1
     57c:	35 2f       	mov	r19, r21
     57e:	65 b9       	out	0x05, r22	; 5
     580:	00 c0       	rjmp	.+0      	; 0x582 <headB+0x60>
     582:	55 b9       	out	0x05, r21	; 5
     584:	26 2f       	mov	r18, r22
     586:	35 b9       	out	0x05, r19	; 5
     588:	00 c0       	rjmp	.+0      	; 0x58a <headB+0x68>
     58a:	40 fd       	sbrc	r20, 0
     58c:	25 2f       	mov	r18, r21
     58e:	65 b9       	out	0x05, r22	; 5
     590:	01 97       	sbiw	r24, 0x01	; 1
     592:	55 b9       	out	0x05, r21	; 5
     594:	36 2f       	mov	r19, r22
     596:	25 b9       	out	0x05, r18	; 5
     598:	41 91       	ld	r20, Z+
     59a:	47 fd       	sbrc	r20, 7
     59c:	35 2f       	mov	r19, r21
     59e:	65 b9       	out	0x05, r22	; 5
     5a0:	01 f6       	brne	.-128    	; 0x522 <headB>
     5a2:	89 cf       	rjmp	.-238    	; 0x4b6 <headD+0x80>
/Users/leyry/Documents/Arduino/libraries/Adafruit_NeoPixel/Adafruit_NeoPixel.cpp:812

    // PORTC OUTPUT ----------------------------------------------------

#if defined(PORTC)
#if defined(PORTD) || defined(PORTB) || defined(PORTF)
        if (port == &PORTC) {
     5a4:	98 97       	sbiw	r26, 0x28	; 40
     5a6:	09 f0       	breq	.+2      	; 0x5aa <headB+0x88>
     5a8:	8b cf       	rjmp	.-234    	; 0x4c0 <headD+0x8a>
/Users/leyry/Documents/Arduino/libraries/Adafruit_NeoPixel/Adafruit_NeoPixel.cpp:816
#endif // defined(PORTD/B/F)

      // Same as above, just switched to PORTC and stripped of comments.
      hi = PORTC | pinMask;
     5aa:	98 b1       	in	r25, 0x08	; 8
     5ac:	80 91 44 03 	lds	r24, 0x0344	; 0x800344 <leds+0x15>
     5b0:	98 2b       	or	r25, r24
     5b2:	98 87       	std	Y+8, r25	; 0x08
/Users/leyry/Documents/Arduino/libraries/Adafruit_NeoPixel/Adafruit_NeoPixel.cpp:817
      lo = PORTC & ~pinMask;
     5b4:	98 b1       	in	r25, 0x08	; 8
     5b6:	80 95       	com	r24
     5b8:	89 23       	and	r24, r25
     5ba:	8f 83       	std	Y+7, r24	; 0x07
/Users/leyry/Documents/Arduino/libraries/Adafruit_NeoPixel/Adafruit_NeoPixel.cpp:818
      n1 = lo;
     5bc:	8f 81       	ldd	r24, Y+7	; 0x07
     5be:	8c 83       	std	Y+4, r24	; 0x04
/Users/leyry/Documents/Arduino/libraries/Adafruit_NeoPixel/Adafruit_NeoPixel.cpp:819
      if (b & 0x80)
     5c0:	89 85       	ldd	r24, Y+9	; 0x09
     5c2:	87 ff       	sbrs	r24, 7
     5c4:	02 c0       	rjmp	.+4      	; 0x5ca <headB+0xa8>
/Users/leyry/Documents/Arduino/libraries/Adafruit_NeoPixel/Adafruit_NeoPixel.cpp:820
        n1 = hi;
     5c6:	88 85       	ldd	r24, Y+8	; 0x08
     5c8:	8c 83       	std	Y+4, r24	; 0x04
/Users/leyry/Documents/Arduino/libraries/Adafruit_NeoPixel/Adafruit_NeoPixel.cpp:955
          "\n\t"
          "brne headC"
          "\n"
          : [byte] "+r"(b), [n1] "+r"(n1), [n2] "+r"(n2), [count] "+w"(i)
          : [port] "I"(_SFR_IO_ADDR(PORTC)), [ptr] "e"(ptr), [hi] "r"(hi),
            [lo] "r"(lo));
     5ca:	58 85       	ldd	r21, Y+8	; 0x08
     5cc:	6f 81       	ldd	r22, Y+7	; 0x07
     5ce:	49 85       	ldd	r20, Y+9	; 0x09
     5d0:	3c 81       	ldd	r19, Y+4	; 0x04
     5d2:	2b 81       	ldd	r18, Y+3	; 0x03
     5d4:	89 81       	ldd	r24, Y+1	; 0x01
     5d6:	9a 81       	ldd	r25, Y+2	; 0x02

000005d8 <headC>:
     5d8:	58 b9       	out	0x08, r21	; 8
     5da:	26 2f       	mov	r18, r22
     5dc:	38 b9       	out	0x08, r19	; 8
     5de:	00 c0       	rjmp	.+0      	; 0x5e0 <headC+0x8>
     5e0:	46 fd       	sbrc	r20, 6
     5e2:	25 2f       	mov	r18, r21
     5e4:	68 b9       	out	0x08, r22	; 8
     5e6:	00 c0       	rjmp	.+0      	; 0x5e8 <headC+0x10>
     5e8:	58 b9       	out	0x08, r21	; 8
     5ea:	36 2f       	mov	r19, r22
     5ec:	28 b9       	out	0x08, r18	; 8
     5ee:	00 c0       	rjmp	.+0      	; 0x5f0 <headC+0x18>
     5f0:	45 fd       	sbrc	r20, 5
     5f2:	35 2f       	mov	r19, r21
     5f4:	68 b9       	out	0x08, r22	; 8
     5f6:	00 c0       	rjmp	.+0      	; 0x5f8 <headC+0x20>
     5f8:	58 b9       	out	0x08, r21	; 8
     5fa:	26 2f       	mov	r18, r22
     5fc:	38 b9       	out	0x08, r19	; 8
     5fe:	00 c0       	rjmp	.+0      	; 0x600 <headC+0x28>
     600:	44 fd       	sbrc	r20, 4
     602:	25 2f       	mov	r18, r21
     604:	68 b9       	out	0x08, r22	; 8
     606:	00 c0       	rjmp	.+0      	; 0x608 <headC+0x30>
     608:	58 b9       	out	0x08, r21	; 8
     60a:	36 2f       	mov	r19, r22
     60c:	28 b9       	out	0x08, r18	; 8
     60e:	00 c0       	rjmp	.+0      	; 0x610 <headC+0x38>
     610:	43 fd       	sbrc	r20, 3
     612:	35 2f       	mov	r19, r21
     614:	68 b9       	out	0x08, r22	; 8
     616:	00 c0       	rjmp	.+0      	; 0x618 <headC+0x40>
     618:	58 b9       	out	0x08, r21	; 8
     61a:	26 2f       	mov	r18, r22
     61c:	38 b9       	out	0x08, r19	; 8
     61e:	00 c0       	rjmp	.+0      	; 0x620 <headC+0x48>
     620:	42 fd       	sbrc	r20, 2
     622:	25 2f       	mov	r18, r21
     624:	68 b9       	out	0x08, r22	; 8
     626:	00 c0       	rjmp	.+0      	; 0x628 <headC+0x50>
     628:	58 b9       	out	0x08, r21	; 8
     62a:	36 2f       	mov	r19, r22
     62c:	28 b9       	out	0x08, r18	; 8
     62e:	00 c0       	rjmp	.+0      	; 0x630 <headC+0x58>
     630:	41 fd       	sbrc	r20, 1
     632:	35 2f       	mov	r19, r21
     634:	68 b9       	out	0x08, r22	; 8
     636:	00 c0       	rjmp	.+0      	; 0x638 <headC+0x60>
     638:	58 b9       	out	0x08, r21	; 8
     63a:	26 2f       	mov	r18, r22
     63c:	38 b9       	out	0x08, r19	; 8
     63e:	00 c0       	rjmp	.+0      	; 0x640 <headC+0x68>
     640:	40 fd       	sbrc	r20, 0
     642:	25 2f       	mov	r18, r21
     644:	68 b9       	out	0x08, r22	; 8
     646:	01 97       	sbiw	r24, 0x01	; 1
     648:	58 b9       	out	0x08, r21	; 8
     64a:	36 2f       	mov	r19, r22
     64c:	28 b9       	out	0x08, r18	; 8
     64e:	41 91       	ld	r20, Z+
     650:	47 fd       	sbrc	r20, 7
     652:	35 2f       	mov	r19, r21
     654:	68 b9       	out	0x08, r22	; 8
     656:	01 f6       	brne	.-128    	; 0x5d8 <headC>
     658:	2e cf       	rjmp	.-420    	; 0x4b6 <headD+0x80>
/Users/leyry/Documents/Arduino/libraries/Adafruit_NeoPixel/Adafruit_NeoPixel.cpp:1133
    // 20 inst. clocks per bit: HHHHxxxxxxLLLLLLLLLL
    // ST instructions:         ^   ^     ^          (T=0,4,10)

    volatile uint8_t next, bit;

    hi = *port | pinMask;
     65a:	9c 91       	ld	r25, X
     65c:	80 91 44 03 	lds	r24, 0x0344	; 0x800344 <leds+0x15>
     660:	98 2b       	or	r25, r24
     662:	98 87       	std	Y+8, r25	; 0x08
/Users/leyry/Documents/Arduino/libraries/Adafruit_NeoPixel/Adafruit_NeoPixel.cpp:1134
    lo = *port & ~pinMask;
     664:	9c 91       	ld	r25, X
     666:	80 95       	com	r24
     668:	89 23       	and	r24, r25
     66a:	8f 83       	std	Y+7, r24	; 0x07
/Users/leyry/Documents/Arduino/libraries/Adafruit_NeoPixel/Adafruit_NeoPixel.cpp:1135
    next = lo;
     66c:	8f 81       	ldd	r24, Y+7	; 0x07
     66e:	8e 83       	std	Y+6, r24	; 0x06
/Users/leyry/Documents/Arduino/libraries/Adafruit_NeoPixel/Adafruit_NeoPixel.cpp:1136
    bit = 8;
     670:	88 e0       	ldi	r24, 0x08	; 8
     672:	8d 83       	std	Y+5, r24	; 0x05
/Users/leyry/Documents/Arduino/libraries/Adafruit_NeoPixel/Adafruit_NeoPixel.cpp:1182
                 "\n\t" // 2    i--           (T = 18)
                 "brne head20"
                 "\n" // 2    if(i != 0) -> (next byte)
                 : [port] "+e"(port), [byte] "+r"(b), [bit] "+r"(bit),
                   [next] "+r"(next), [count] "+w"(i)
                 : [hi] "r"(hi), [lo] "r"(lo), [ptr] "e"(ptr));
     674:	58 85       	ldd	r21, Y+8	; 0x08
     676:	6f 81       	ldd	r22, Y+7	; 0x07
     678:	49 85       	ldd	r20, Y+9	; 0x09
     67a:	3d 81       	ldd	r19, Y+5	; 0x05
     67c:	2e 81       	ldd	r18, Y+6	; 0x06
     67e:	89 81       	ldd	r24, Y+1	; 0x01
     680:	9a 81       	ldd	r25, Y+2	; 0x02

00000682 <head20>:
     682:	5c 93       	st	X, r21
     684:	47 fd       	sbrc	r20, 7
     686:	25 2f       	mov	r18, r21
     688:	2c 93       	st	X, r18
     68a:	26 2f       	mov	r18, r22
     68c:	3a 95       	dec	r19
     68e:	31 f0       	breq	.+12     	; 0x69c <nextbyte20>
     690:	44 1f       	adc	r20, r20
     692:	6c 93       	st	X, r22
     694:	00 c0       	rjmp	.+0      	; 0x696 <head20+0x14>
     696:	00 c0       	rjmp	.+0      	; 0x698 <head20+0x16>
     698:	00 c0       	rjmp	.+0      	; 0x69a <head20+0x18>
     69a:	f3 cf       	rjmp	.-26     	; 0x682 <head20>

0000069c <nextbyte20>:
     69c:	6c 93       	st	X, r22
     69e:	00 00       	nop
     6a0:	38 e0       	ldi	r19, 0x08	; 8
     6a2:	41 91       	ld	r20, Z+
     6a4:	01 97       	sbiw	r24, 0x01	; 1
     6a6:	69 f7       	brne	.-38     	; 0x682 <head20>
     6a8:	b0 93 43 03 	sts	0x0343, r27	; 0x800343 <leds+0x14>
     6ac:	a0 93 42 03 	sts	0x0342, r26	; 0x800342 <leds+0x13>
     6b0:	49 87       	std	Y+9, r20	; 0x09
     6b2:	3d 83       	std	Y+5, r19	; 0x05
     6b4:	2e 83       	std	Y+6, r18	; 0x06
     6b6:	02 cf       	rjmp	.-508    	; 0x4bc <headD+0x86>

000006b8 <delay>:
delay():
/Users/leyry/Library/Arduino15/packages/MiniCore/hardware/avr/3.1.1/cores/MCUdude_corefiles/wiring.c:396

void delay(unsigned long ms)
{
     6b8:	8f 92       	push	r8
     6ba:	9f 92       	push	r9
     6bc:	af 92       	push	r10
     6be:	bf 92       	push	r11
     6c0:	cf 92       	push	r12
     6c2:	df 92       	push	r13
     6c4:	ef 92       	push	r14
     6c6:	ff 92       	push	r15
     6c8:	4b 01       	movw	r8, r22
     6ca:	5c 01       	movw	r10, r24
/Users/leyry/Library/Arduino15/packages/MiniCore/hardware/avr/3.1.1/cores/MCUdude_corefiles/wiring.c:397
  unsigned long start = micros();
     6cc:	0e 94 87 01 	call	0x30e	; 0x30e <micros>
     6d0:	6b 01       	movw	r12, r22
     6d2:	7c 01       	movw	r14, r24
/Users/leyry/Library/Arduino15/packages/MiniCore/hardware/avr/3.1.1/cores/MCUdude_corefiles/wiring.c:401

  while (ms > 0UL) {
    yield();
    while (ms > 0UL && (micros() - start) >= 1000UL) {
     6d4:	0e 94 87 01 	call	0x30e	; 0x30e <micros>
     6d8:	6c 19       	sub	r22, r12
     6da:	7d 09       	sbc	r23, r13
     6dc:	8e 09       	sbc	r24, r14
     6de:	9f 09       	sbc	r25, r15
     6e0:	68 3e       	cpi	r22, 0xE8	; 232
     6e2:	73 40       	sbci	r23, 0x03	; 3
     6e4:	81 05       	cpc	r24, r1
     6e6:	91 05       	cpc	r25, r1
     6e8:	a8 f3       	brcs	.-22     	; 0x6d4 <delay+0x1c>
/Users/leyry/Library/Arduino15/packages/MiniCore/hardware/avr/3.1.1/cores/MCUdude_corefiles/wiring.c:402
      ms--;
     6ea:	21 e0       	ldi	r18, 0x01	; 1
     6ec:	82 1a       	sub	r8, r18
     6ee:	91 08       	sbc	r9, r1
     6f0:	a1 08       	sbc	r10, r1
     6f2:	b1 08       	sbc	r11, r1
/Users/leyry/Library/Arduino15/packages/MiniCore/hardware/avr/3.1.1/cores/MCUdude_corefiles/wiring.c:403
      start += 1000UL;
     6f4:	88 ee       	ldi	r24, 0xE8	; 232
     6f6:	c8 0e       	add	r12, r24
     6f8:	83 e0       	ldi	r24, 0x03	; 3
     6fa:	d8 1e       	adc	r13, r24
     6fc:	e1 1c       	adc	r14, r1
     6fe:	f1 1c       	adc	r15, r1
/Users/leyry/Library/Arduino15/packages/MiniCore/hardware/avr/3.1.1/cores/MCUdude_corefiles/wiring.c:401
{
  unsigned long start = micros();

  while (ms > 0UL) {
    yield();
    while (ms > 0UL && (micros() - start) >= 1000UL) {
     700:	81 14       	cp	r8, r1
     702:	91 04       	cpc	r9, r1
     704:	a1 04       	cpc	r10, r1
     706:	b1 04       	cpc	r11, r1
     708:	29 f7       	brne	.-54     	; 0x6d4 <delay+0x1c>
/Users/leyry/Library/Arduino15/packages/MiniCore/hardware/avr/3.1.1/cores/MCUdude_corefiles/wiring.c:406
      ms--;
      start += 1000UL;
    }
  }
}
     70a:	ff 90       	pop	r15
     70c:	ef 90       	pop	r14
     70e:	df 90       	pop	r13
     710:	cf 90       	pop	r12
     712:	bf 90       	pop	r11
     714:	af 90       	pop	r10
     716:	9f 90       	pop	r9
     718:	8f 90       	pop	r8
     71a:	08 95       	ret

0000071c <millis>:
millis():
/Users/leyry/Library/Arduino15/packages/MiniCore/hardware/avr/3.1.1/cores/MCUdude_corefiles/wiring.c:218
}

unsigned long millis()
{
  unsigned long m;
  uint8_t oldSREG = SREG;
     71c:	2f b7       	in	r18, 0x3f	; 63
/Users/leyry/Library/Arduino15/packages/MiniCore/hardware/avr/3.1.1/cores/MCUdude_corefiles/wiring.c:222

  // disable interrupts while we read timer0_millis or we might get an
  // inconsistent value (e.g. in the middle of a write to timer0_millis)
  cli();
     71e:	f8 94       	cli
/Users/leyry/Library/Arduino15/packages/MiniCore/hardware/avr/3.1.1/cores/MCUdude_corefiles/wiring.c:223
  m = timer0_millis;
     720:	60 91 83 02 	lds	r22, 0x0283	; 0x800283 <timer0_millis>
     724:	70 91 84 02 	lds	r23, 0x0284	; 0x800284 <timer0_millis+0x1>
     728:	80 91 85 02 	lds	r24, 0x0285	; 0x800285 <timer0_millis+0x2>
     72c:	90 91 86 02 	lds	r25, 0x0286	; 0x800286 <timer0_millis+0x3>
/Users/leyry/Library/Arduino15/packages/MiniCore/hardware/avr/3.1.1/cores/MCUdude_corefiles/wiring.c:224
  SREG = oldSREG;
     730:	2f bf       	out	0x3f, r18	; 63
/Users/leyry/Library/Arduino15/packages/MiniCore/hardware/avr/3.1.1/cores/MCUdude_corefiles/wiring.c:227

  return m;
}
     732:	08 95       	ret

00000734 <ThermioRfCc1101::waitReady(unsigned int) [clone .constprop.44]>:
_ZN15ThermioRfCc11019waitReadyEj.constprop.44():
/Users/leyry/Documents/Electronique/Thermonuino/main/lib/Thermonuino-commons/src/ThermioRfCc1101.cpp:34
  digitalWrite(pins_.csn, HIGH);
  digitalWrite(pins_.mosi, LOW);
  digitalWrite(pins_.sck, LOW);
}

bool ThermioRfCc1101::waitReady(uint16_t timeoutMs) {
     734:	cf 92       	push	r12
     736:	df 92       	push	r13
     738:	ef 92       	push	r14
     73a:	ff 92       	push	r15
/Users/leyry/Documents/Electronique/Thermonuino/main/lib/Thermonuino-commons/src/ThermioRfCc1101.cpp:35
  const uint32_t startedAt = millis();
     73c:	0e 94 8e 03 	call	0x71c	; 0x71c <millis>
     740:	6b 01       	movw	r12, r22
     742:	7c 01       	movw	r14, r24
/Users/leyry/Documents/Electronique/Thermonuino/main/lib/Thermonuino-commons/src/ThermioRfCc1101.cpp:36
  while (digitalRead(pins_.miso) == HIGH) {
     744:	80 91 2b 03 	lds	r24, 0x032B	; 0x80032b <radio+0x3>
     748:	0e 94 f7 00 	call	0x1ee	; 0x1ee <digitalRead>
     74c:	01 97       	sbiw	r24, 0x01	; 1
     74e:	89 f4       	brne	.+34     	; 0x772 <ThermioRfCc1101::waitReady(unsigned int) [clone .constprop.44]+0x3e>
/Users/leyry/Documents/Electronique/Thermonuino/main/lib/Thermonuino-commons/src/ThermioRfCc1101.cpp:37
    if ((uint32_t)(millis() - startedAt) >= timeoutMs) {
     750:	0e 94 8e 03 	call	0x71c	; 0x71c <millis>
     754:	6c 19       	sub	r22, r12
     756:	7d 09       	sbc	r23, r13
     758:	8e 09       	sbc	r24, r14
     75a:	9f 09       	sbc	r25, r15
     75c:	6f 30       	cpi	r22, 0x0F	; 15
     75e:	71 05       	cpc	r23, r1
     760:	81 05       	cpc	r24, r1
     762:	91 05       	cpc	r25, r1
     764:	78 f3       	brcs	.-34     	; 0x744 <ThermioRfCc1101::waitReady(unsigned int) [clone .constprop.44]+0x10>
/Users/leyry/Documents/Electronique/Thermonuino/main/lib/Thermonuino-commons/src/ThermioRfCc1101.cpp:38
      return false;
     766:	80 e0       	ldi	r24, 0x00	; 0
/Users/leyry/Documents/Electronique/Thermonuino/main/lib/Thermonuino-commons/src/ThermioRfCc1101.cpp:42
    }
  }
  return true;
}
     768:	ff 90       	pop	r15
     76a:	ef 90       	pop	r14
     76c:	df 90       	pop	r13
     76e:	cf 90       	pop	r12
     770:	08 95       	ret
/Users/leyry/Documents/Electronique/Thermonuino/main/lib/Thermonuino-commons/src/ThermioRfCc1101.cpp:41
  while (digitalRead(pins_.miso) == HIGH) {
    if ((uint32_t)(millis() - startedAt) >= timeoutMs) {
      return false;
    }
  }
  return true;
     772:	81 e0       	ldi	r24, 0x01	; 1
     774:	f9 cf       	rjmp	.-14     	; 0x768 <ThermioRfCc1101::waitReady(unsigned int) [clone .constprop.44]+0x34>

00000776 <Print::write(unsigned char const*, unsigned int)>:
_ZN5Print5writeEPKhj():
/Users/leyry/Library/Arduino15/packages/MiniCore/hardware/avr/3.1.1/cores/MCUdude_corefiles/Print.cpp:35

// Public Methods //////////////////////////////////////////////////////////////

/* default implementation: may be overridden */
size_t Print::write(const uint8_t *buffer, size_t size)
{
     776:	af 92       	push	r10
     778:	bf 92       	push	r11
     77a:	cf 92       	push	r12
     77c:	df 92       	push	r13
     77e:	ef 92       	push	r14
     780:	ff 92       	push	r15
     782:	0f 93       	push	r16
     784:	1f 93       	push	r17
     786:	cf 93       	push	r28
     788:	df 93       	push	r29
     78a:	6c 01       	movw	r12, r24
     78c:	7b 01       	movw	r14, r22
     78e:	8b 01       	movw	r16, r22
     790:	04 0f       	add	r16, r20
     792:	15 1f       	adc	r17, r21
     794:	eb 01       	movw	r28, r22
     796:	5e 01       	movw	r10, r28
     798:	ae 18       	sub	r10, r14
     79a:	bf 08       	sbc	r11, r15
/Users/leyry/Library/Arduino15/packages/MiniCore/hardware/avr/3.1.1/cores/MCUdude_corefiles/Print.cpp:37
  size_t n = 0;
  while (size--) {
     79c:	c0 17       	cp	r28, r16
     79e:	d1 07       	cpc	r29, r17
     7a0:	59 f0       	breq	.+22     	; 0x7b8 <Print::write(unsigned char const*, unsigned int)+0x42>
/Users/leyry/Library/Arduino15/packages/MiniCore/hardware/avr/3.1.1/cores/MCUdude_corefiles/Print.cpp:38
    if (write(*buffer++)) n++;
     7a2:	69 91       	ld	r22, Y+
     7a4:	d6 01       	movw	r26, r12
     7a6:	ed 91       	ld	r30, X+
     7a8:	fc 91       	ld	r31, X
     7aa:	01 90       	ld	r0, Z+
     7ac:	f0 81       	ld	r31, Z
     7ae:	e0 2d       	mov	r30, r0
     7b0:	c6 01       	movw	r24, r12
     7b2:	09 95       	icall
     7b4:	89 2b       	or	r24, r25
     7b6:	79 f7       	brne	.-34     	; 0x796 <Print::write(unsigned char const*, unsigned int)+0x20>
/Users/leyry/Library/Arduino15/packages/MiniCore/hardware/avr/3.1.1/cores/MCUdude_corefiles/Print.cpp:42
    else break;
  }
  return n;
}
     7b8:	c5 01       	movw	r24, r10
     7ba:	df 91       	pop	r29
     7bc:	cf 91       	pop	r28
     7be:	1f 91       	pop	r17
     7c0:	0f 91       	pop	r16
     7c2:	ff 90       	pop	r15
     7c4:	ef 90       	pop	r14
     7c6:	df 90       	pop	r13
     7c8:	cf 90       	pop	r12
     7ca:	bf 90       	pop	r11
     7cc:	af 90       	pop	r10
     7ce:	08 95       	ret

000007d0 <HardwareSerial::availableForWrite()>:
_ZN14HardwareSerial17availableForWriteEv():
/Users/leyry/Library/Arduino15/packages/MiniCore/hardware/avr/3.1.1/cores/MCUdude_corefiles/HardwareSerial.cpp:195
{
  tx_buffer_index_t head;
  tx_buffer_index_t tail;

  TX_BUFFER_ATOMIC {
    head = _tx_buffer_head;
     7d0:	fc 01       	movw	r30, r24
     7d2:	53 8d       	ldd	r21, Z+27	; 0x1b
/Users/leyry/Library/Arduino15/packages/MiniCore/hardware/avr/3.1.1/cores/MCUdude_corefiles/HardwareSerial.cpp:196
    tail = _tx_buffer_tail;
     7d4:	44 8d       	ldd	r20, Z+28	; 0x1c
     7d6:	25 2f       	mov	r18, r21
     7d8:	30 e0       	ldi	r19, 0x00	; 0
     7da:	84 2f       	mov	r24, r20
     7dc:	90 e0       	ldi	r25, 0x00	; 0
/Users/leyry/Library/Arduino15/packages/MiniCore/hardware/avr/3.1.1/cores/MCUdude_corefiles/HardwareSerial.cpp:198
  }
  if (head >= tail) return SERIAL_TX_BUFFER_SIZE - 1 - head + tail;
     7de:	82 1b       	sub	r24, r18
     7e0:	93 0b       	sbc	r25, r19
     7e2:	54 17       	cp	r21, r20
     7e4:	10 f0       	brcs	.+4      	; 0x7ea <HardwareSerial::availableForWrite()+0x1a>
     7e6:	cf 96       	adiw	r24, 0x3f	; 63
     7e8:	08 95       	ret
/Users/leyry/Library/Arduino15/packages/MiniCore/hardware/avr/3.1.1/cores/MCUdude_corefiles/HardwareSerial.cpp:199
  return tail - head - 1;
     7ea:	01 97       	sbiw	r24, 0x01	; 1
/Users/leyry/Library/Arduino15/packages/MiniCore/hardware/avr/3.1.1/cores/MCUdude_corefiles/HardwareSerial.cpp:200
}
     7ec:	08 95       	ret

000007ee <HardwareSerial::read()>:
_ZN14HardwareSerial4readEv():
/Users/leyry/Library/Arduino15/packages/MiniCore/hardware/avr/3.1.1/cores/MCUdude_corefiles/HardwareSerial.cpp:178
    return _rx_buffer[_rx_buffer_tail];
  }
}

int HardwareSerial::read(void)
{
     7ee:	fc 01       	movw	r30, r24
/Users/leyry/Library/Arduino15/packages/MiniCore/hardware/avr/3.1.1/cores/MCUdude_corefiles/HardwareSerial.cpp:180
  // if the head isn't ahead of the tail, we don't have any characters
  if (_rx_buffer_head == _rx_buffer_tail) {
     7f0:	91 8d       	ldd	r25, Z+25	; 0x19
     7f2:	82 8d       	ldd	r24, Z+26	; 0x1a
     7f4:	98 17       	cp	r25, r24
     7f6:	61 f0       	breq	.+24     	; 0x810 <HardwareSerial::read()+0x22>
/Users/leyry/Library/Arduino15/packages/MiniCore/hardware/avr/3.1.1/cores/MCUdude_corefiles/HardwareSerial.cpp:183
    return -1;
  } else {
    unsigned char c = _rx_buffer[_rx_buffer_tail];
     7f8:	a2 8d       	ldd	r26, Z+26	; 0x1a
     7fa:	ae 0f       	add	r26, r30
     7fc:	bf 2f       	mov	r27, r31
     7fe:	b1 1d       	adc	r27, r1
     800:	5d 96       	adiw	r26, 0x1d	; 29
     802:	8c 91       	ld	r24, X
/Users/leyry/Library/Arduino15/packages/MiniCore/hardware/avr/3.1.1/cores/MCUdude_corefiles/HardwareSerial.cpp:184
    _rx_buffer_tail = (rx_buffer_index_t)(_rx_buffer_tail + 1) % SERIAL_RX_BUFFER_SIZE;
     804:	92 8d       	ldd	r25, Z+26	; 0x1a
     806:	9f 5f       	subi	r25, 0xFF	; 255
     808:	9f 73       	andi	r25, 0x3F	; 63
     80a:	92 8f       	std	Z+26, r25	; 0x1a
/Users/leyry/Library/Arduino15/packages/MiniCore/hardware/avr/3.1.1/cores/MCUdude_corefiles/HardwareSerial.cpp:185
    return c;
     80c:	90 e0       	ldi	r25, 0x00	; 0
     80e:	08 95       	ret
/Users/leyry/Library/Arduino15/packages/MiniCore/hardware/avr/3.1.1/cores/MCUdude_corefiles/HardwareSerial.cpp:181

int HardwareSerial::read(void)
{
  // if the head isn't ahead of the tail, we don't have any characters
  if (_rx_buffer_head == _rx_buffer_tail) {
    return -1;
     810:	8f ef       	ldi	r24, 0xFF	; 255
     812:	9f ef       	ldi	r25, 0xFF	; 255
/Users/leyry/Library/Arduino15/packages/MiniCore/hardware/avr/3.1.1/cores/MCUdude_corefiles/HardwareSerial.cpp:187
  } else {
    unsigned char c = _rx_buffer[_rx_buffer_tail];
    _rx_buffer_tail = (rx_buffer_index_t)(_rx_buffer_tail + 1) % SERIAL_RX_BUFFER_SIZE;
    return c;
  }
}
     814:	08 95       	ret

00000816 <HardwareSerial::peek()>:
_ZN14HardwareSerial4peekEv():
/Users/leyry/Library/Arduino15/packages/MiniCore/hardware/avr/3.1.1/cores/MCUdude_corefiles/HardwareSerial.cpp:169
{
  return ((unsigned int)(SERIAL_RX_BUFFER_SIZE + _rx_buffer_head - _rx_buffer_tail)) % SERIAL_RX_BUFFER_SIZE;
}

int HardwareSerial::peek(void)
{
     816:	fc 01       	movw	r30, r24
/Users/leyry/Library/Arduino15/packages/MiniCore/hardware/avr/3.1.1/cores/MCUdude_corefiles/HardwareSerial.cpp:170
  if (_rx_buffer_head == _rx_buffer_tail) {
     818:	91 8d       	ldd	r25, Z+25	; 0x19
     81a:	82 8d       	ldd	r24, Z+26	; 0x1a
     81c:	98 17       	cp	r25, r24
     81e:	31 f0       	breq	.+12     	; 0x82c <HardwareSerial::peek()+0x16>
/Users/leyry/Library/Arduino15/packages/MiniCore/hardware/avr/3.1.1/cores/MCUdude_corefiles/HardwareSerial.cpp:173
    return -1;
  } else {
    return _rx_buffer[_rx_buffer_tail];
     820:	82 8d       	ldd	r24, Z+26	; 0x1a
     822:	e8 0f       	add	r30, r24
     824:	f1 1d       	adc	r31, r1
     826:	85 8d       	ldd	r24, Z+29	; 0x1d
     828:	90 e0       	ldi	r25, 0x00	; 0
     82a:	08 95       	ret
/Users/leyry/Library/Arduino15/packages/MiniCore/hardware/avr/3.1.1/cores/MCUdude_corefiles/HardwareSerial.cpp:171
}

int HardwareSerial::peek(void)
{
  if (_rx_buffer_head == _rx_buffer_tail) {
    return -1;
     82c:	8f ef       	ldi	r24, 0xFF	; 255
     82e:	9f ef       	ldi	r25, 0xFF	; 255
/Users/leyry/Library/Arduino15/packages/MiniCore/hardware/avr/3.1.1/cores/MCUdude_corefiles/HardwareSerial.cpp:175
  } else {
    return _rx_buffer[_rx_buffer_tail];
  }
}
     830:	08 95       	ret

00000832 <HardwareSerial::available()>:
_ZN14HardwareSerial9availableEv():
/Users/leyry/Library/Arduino15/packages/MiniCore/hardware/avr/3.1.1/cores/MCUdude_corefiles/HardwareSerial.cpp:164
  // clear any received data
  _rx_buffer_head = _rx_buffer_tail;
}

int HardwareSerial::available(void)
{
     832:	fc 01       	movw	r30, r24
/Users/leyry/Library/Arduino15/packages/MiniCore/hardware/avr/3.1.1/cores/MCUdude_corefiles/HardwareSerial.cpp:165
  return ((unsigned int)(SERIAL_RX_BUFFER_SIZE + _rx_buffer_head - _rx_buffer_tail)) % SERIAL_RX_BUFFER_SIZE;
     834:	91 8d       	ldd	r25, Z+25	; 0x19
     836:	22 8d       	ldd	r18, Z+26	; 0x1a
     838:	89 2f       	mov	r24, r25
     83a:	90 e0       	ldi	r25, 0x00	; 0
     83c:	80 5c       	subi	r24, 0xC0	; 192
     83e:	9f 4f       	sbci	r25, 0xFF	; 255
     840:	82 1b       	sub	r24, r18
     842:	91 09       	sbc	r25, r1
/Users/leyry/Library/Arduino15/packages/MiniCore/hardware/avr/3.1.1/cores/MCUdude_corefiles/HardwareSerial.cpp:166
}
     844:	8f 73       	andi	r24, 0x3F	; 63
     846:	99 27       	eor	r25, r25
     848:	08 95       	ret

0000084a <Serial0_available()>:
_Z17Serial0_availablev():
/Users/leyry/Library/Arduino15/packages/MiniCore/hardware/avr/3.1.1/cores/MCUdude_corefiles/HardwareSerial0.cpp:76
#endif

// Function that can be weakly referenced by serialEventRun to prevent
// pulling in this file if it's not otherwise used.
bool Serial0_available() {
  return Serial.available();
     84a:	8b e8       	ldi	r24, 0x8B	; 139
     84c:	92 e0       	ldi	r25, 0x02	; 2
     84e:	0e 94 19 04 	call	0x832	; 0x832 <HardwareSerial::available()>
     852:	21 e0       	ldi	r18, 0x01	; 1
     854:	89 2b       	or	r24, r25
     856:	09 f4       	brne	.+2      	; 0x85a <Serial0_available()+0x10>
     858:	20 e0       	ldi	r18, 0x00	; 0
/Users/leyry/Library/Arduino15/packages/MiniCore/hardware/avr/3.1.1/cores/MCUdude_corefiles/HardwareSerial0.cpp:77
}
     85a:	82 2f       	mov	r24, r18
     85c:	08 95       	ret

0000085e <serialEventRun()>:
_Z14serialEventRunv():
/Users/leyry/Library/Arduino15/packages/MiniCore/hardware/avr/3.1.1/cores/MCUdude_corefiles/HardwareSerial.cpp:67
#endif

void serialEventRun(void)
{
#if defined(HAVE_HWSERIAL0)
  if (Serial0_available && serialEvent && Serial0_available()) serialEvent();
     85e:	80 e0       	ldi	r24, 0x00	; 0
     860:	90 e0       	ldi	r25, 0x00	; 0
     862:	89 2b       	or	r24, r25
     864:	29 f0       	breq	.+10     	; 0x870 <serialEventRun()+0x12>
     866:	0e 94 25 04 	call	0x84a	; 0x84a <Serial0_available()>
     86a:	81 11       	cpse	r24, r1
     86c:	0c 94 00 00 	jmp	0	; 0x0 <__vectors>
/Users/leyry/Library/Arduino15/packages/MiniCore/hardware/avr/3.1.1/cores/MCUdude_corefiles/HardwareSerial.cpp:78
  if (Serial2_available && serialEvent2 && Serial2_available()) serialEvent2();
#endif
#if defined(HAVE_HWSERIAL3)
  if (Serial3_available && serialEvent3 && Serial3_available()) serialEvent3();
#endif
}
     870:	08 95       	ret

00000872 <HardwareSerial::_tx_udr_empty_irq()>:
_ZN14HardwareSerial17_tx_udr_empty_irqEv():
/Users/leyry/Library/Arduino15/packages/MiniCore/hardware/avr/3.1.1/cores/MCUdude_corefiles/HardwareSerial.cpp:90
#endif

// Actual interrupt handlers //////////////////////////////////////////////////////////////

void HardwareSerial::_tx_udr_empty_irq(void)
{
     872:	fc 01       	movw	r30, r24
/Users/leyry/Library/Arduino15/packages/MiniCore/hardware/avr/3.1.1/cores/MCUdude_corefiles/HardwareSerial.cpp:93
  // If interrupts are enabled, there must be more data in the output
  // buffer. Send the next byte
  unsigned char c = _tx_buffer[_tx_buffer_tail];
     874:	a4 8d       	ldd	r26, Z+28	; 0x1c
     876:	a8 0f       	add	r26, r24
     878:	b9 2f       	mov	r27, r25
     87a:	b1 1d       	adc	r27, r1
     87c:	a3 5a       	subi	r26, 0xA3	; 163
     87e:	bf 4f       	sbci	r27, 0xFF	; 255
     880:	2c 91       	ld	r18, X
/Users/leyry/Library/Arduino15/packages/MiniCore/hardware/avr/3.1.1/cores/MCUdude_corefiles/HardwareSerial.cpp:94
  _tx_buffer_tail = (_tx_buffer_tail + 1) % SERIAL_TX_BUFFER_SIZE;
     882:	84 8d       	ldd	r24, Z+28	; 0x1c
     884:	90 e0       	ldi	r25, 0x00	; 0
     886:	01 96       	adiw	r24, 0x01	; 1
     888:	8f 73       	andi	r24, 0x3F	; 63
     88a:	99 27       	eor	r25, r25
     88c:	84 8f       	std	Z+28, r24	; 0x1c
/Users/leyry/Library/Arduino15/packages/MiniCore/hardware/avr/3.1.1/cores/MCUdude_corefiles/HardwareSerial.cpp:96

  *_udr = c;
     88e:	a6 89       	ldd	r26, Z+22	; 0x16
     890:	b7 89       	ldd	r27, Z+23	; 0x17
     892:	2c 93       	st	X, r18
/Users/leyry/Library/Arduino15/packages/MiniCore/hardware/avr/3.1.1/cores/MCUdude_corefiles/HardwareSerial.cpp:104
  // location". This makes sure flush() won't return until the bytes
  // actually got written. Other r/w bits are preserved, and zeroes
  // written to the rest.

  #ifdef MPCM0
    *_ucsra = ((*_ucsra) & ((1 << U2X0) | (1 << MPCM0))) | (1 << TXC0);
     894:	a0 89       	ldd	r26, Z+16	; 0x10
     896:	b1 89       	ldd	r27, Z+17	; 0x11
     898:	8c 91       	ld	r24, X
     89a:	83 70       	andi	r24, 0x03	; 3
     89c:	80 64       	ori	r24, 0x40	; 64
     89e:	8c 93       	st	X, r24
/Users/leyry/Library/Arduino15/packages/MiniCore/hardware/avr/3.1.1/cores/MCUdude_corefiles/HardwareSerial.cpp:109
  #else
    *_ucsra = ((*_ucsra) & ((1 << U2X0) | (1 << TXC0)));
  #endif

  if (_tx_buffer_head == _tx_buffer_tail) {
     8a0:	93 8d       	ldd	r25, Z+27	; 0x1b
     8a2:	84 8d       	ldd	r24, Z+28	; 0x1c
     8a4:	98 13       	cpse	r25, r24
     8a6:	06 c0       	rjmp	.+12     	; 0x8b4 <HardwareSerial::_tx_udr_empty_irq()+0x42>
/Users/leyry/Library/Arduino15/packages/MiniCore/hardware/avr/3.1.1/cores/MCUdude_corefiles/HardwareSerial.cpp:111
    // Buffer empty, so disable interrupts
    *_ucsrb &= ~_BV(UDRIE0);
     8a8:	02 88       	ldd	r0, Z+18	; 0x12
     8aa:	f3 89       	ldd	r31, Z+19	; 0x13
     8ac:	e0 2d       	mov	r30, r0
     8ae:	80 81       	ld	r24, Z
     8b0:	8f 7d       	andi	r24, 0xDF	; 223
     8b2:	80 83       	st	Z, r24
/Users/leyry/Library/Arduino15/packages/MiniCore/hardware/avr/3.1.1/cores/MCUdude_corefiles/HardwareSerial.cpp:113
  }
}
     8b4:	08 95       	ret

000008b6 <HardwareSerial::write(unsigned char)>:
_ZN14HardwareSerial5writeEh():
/Users/leyry/Library/Arduino15/packages/MiniCore/hardware/avr/3.1.1/cores/MCUdude_corefiles/HardwareSerial.cpp:223
  // If we get here, nothing is queued anymore (DRIE is disabled) and
  // the hardware finished tranmission (TXC is set).
}

size_t HardwareSerial::write(uint8_t c)
{
     8b6:	ef 92       	push	r14
     8b8:	ff 92       	push	r15
     8ba:	0f 93       	push	r16
     8bc:	1f 93       	push	r17
     8be:	cf 93       	push	r28
     8c0:	df 93       	push	r29
     8c2:	ec 01       	movw	r28, r24
/Users/leyry/Library/Arduino15/packages/MiniCore/hardware/avr/3.1.1/cores/MCUdude_corefiles/HardwareSerial.cpp:224
  _written = true;
     8c4:	81 e0       	ldi	r24, 0x01	; 1
     8c6:	88 8f       	std	Y+24, r24	; 0x18
/Users/leyry/Library/Arduino15/packages/MiniCore/hardware/avr/3.1.1/cores/MCUdude_corefiles/HardwareSerial.cpp:229
  // If the buffer and the data register is empty, just write the byte
  // to the data register and be done. This shortcut helps
  // significantly improve the effective datarate at high (>
  // 500kbit/s) bitrates, where interrupt overhead becomes a slowdown.
  if (_tx_buffer_head == _tx_buffer_tail && bit_is_set(*_ucsra, UDRE0)) {
     8c8:	9b 8d       	ldd	r25, Y+27	; 0x1b
     8ca:	8c 8d       	ldd	r24, Y+28	; 0x1c
     8cc:	98 13       	cpse	r25, r24
     8ce:	1a c0       	rjmp	.+52     	; 0x904 <__stack+0x5>
     8d0:	e8 89       	ldd	r30, Y+16	; 0x10
     8d2:	f9 89       	ldd	r31, Y+17	; 0x11
     8d4:	80 81       	ld	r24, Z
     8d6:	85 ff       	sbrs	r24, 5
     8d8:	15 c0       	rjmp	.+42     	; 0x904 <__stack+0x5>
/Users/leyry/Library/Arduino15/packages/MiniCore/hardware/avr/3.1.1/cores/MCUdude_corefiles/HardwareSerial.cpp:238
    // So writing UDR must happen first.
    // Writing UDR and clearing TC must be done atomically, otherwise
    // interrupts might delay the TXC clear so the byte written to UDR
    // is transmitted (setting TXC) before clearing TXC. Then TXC will
    // be cleared when no bytes are left, causing flush() to hang
    ATOMIC_BLOCK(ATOMIC_RESTORESTATE) {
     8da:	9f b7       	in	r25, 0x3f	; 63
__iCliRetVal():
/Users/leyry/Library/Arduino15/packages/arduino/tools/avr-gcc/7.3.0-atmel3.6.1-arduino7/avr/include/util/atomic.h:50
    return 1;
}

static __inline__ uint8_t __iCliRetVal(void)
{
    cli();
     8dc:	f8 94       	cli
_ZN14HardwareSerial5writeEh():
/Users/leyry/Library/Arduino15/packages/MiniCore/hardware/avr/3.1.1/cores/MCUdude_corefiles/HardwareSerial.cpp:239
      *_udr = c;
     8de:	ee 89       	ldd	r30, Y+22	; 0x16
     8e0:	ff 89       	ldd	r31, Y+23	; 0x17
     8e2:	60 83       	st	Z, r22
/Users/leyry/Library/Arduino15/packages/MiniCore/hardware/avr/3.1.1/cores/MCUdude_corefiles/HardwareSerial.cpp:241
      #ifdef MPCM0
        *_ucsra = ((*_ucsra) & ((1 << U2X0) | (1 << MPCM0))) | (1 << TXC0);
     8e4:	e8 89       	ldd	r30, Y+16	; 0x10
     8e6:	f9 89       	ldd	r31, Y+17	; 0x11
     8e8:	80 81       	ld	r24, Z
     8ea:	83 70       	andi	r24, 0x03	; 3
     8ec:	80 64       	ori	r24, 0x40	; 64
/Users/leyry/Library/Arduino15/packages/MiniCore/hardware/avr/3.1.1/cores/MCUdude_corefiles/HardwareSerial.cpp:271
  // make atomic to prevent execution of ISR between setting the
  // head pointer and setting the interrupt flag resulting in buffer
  // retransmission
  ATOMIC_BLOCK(ATOMIC_RESTORESTATE) {
    _tx_buffer_head = i;
    *_ucsrb |= _BV(UDRIE0);
     8ee:	80 83       	st	Z, r24
__iRestore():
/Users/leyry/Library/Arduino15/packages/arduino/tools/avr-gcc/7.3.0-atmel3.6.1-arduino7/avr/include/util/atomic.h:70
    (void)__s;
}

static __inline__ void __iRestore(const  uint8_t *__s)
{
    SREG = *__s;
     8f0:	9f bf       	out	0x3f, r25	; 63
_ZN14HardwareSerial5writeEh():
/Users/leyry/Library/Arduino15/packages/MiniCore/hardware/avr/3.1.1/cores/MCUdude_corefiles/HardwareSerial.cpp:275
  }
  
  return 1;
}
     8f2:	81 e0       	ldi	r24, 0x01	; 1
     8f4:	90 e0       	ldi	r25, 0x00	; 0
     8f6:	df 91       	pop	r29
     8f8:	cf 91       	pop	r28
     8fa:	1f 91       	pop	r17
     8fc:	0f 91       	pop	r16
     8fe:	ff 90       	pop	r15
     900:	ef 90       	pop	r14
     902:	08 95       	ret
     904:	f6 2e       	mov	r15, r22
/Users/leyry/Library/Arduino15/packages/MiniCore/hardware/avr/3.1.1/cores/MCUdude_corefiles/HardwareSerial.cpp:248
        *_ucsra = ((*_ucsra) & ((1 << U2X0) | (1 << TXC0)));
      #endif
    }
    return 1;
  }
  tx_buffer_index_t i = (_tx_buffer_head + 1) % SERIAL_TX_BUFFER_SIZE;
     906:	0b 8d       	ldd	r16, Y+27	; 0x1b
     908:	10 e0       	ldi	r17, 0x00	; 0
     90a:	0f 5f       	subi	r16, 0xFF	; 255
     90c:	1f 4f       	sbci	r17, 0xFF	; 255
     90e:	0f 73       	andi	r16, 0x3F	; 63
     910:	11 27       	eor	r17, r17
     912:	e0 2e       	mov	r14, r16
/Users/leyry/Library/Arduino15/packages/MiniCore/hardware/avr/3.1.1/cores/MCUdude_corefiles/HardwareSerial.cpp:252

  // If the output buffer is full, there's nothing for it other than to 
  // wait for the interrupt handler to empty it a bit
  while (i == _tx_buffer_tail) {
     914:	8c 8d       	ldd	r24, Y+28	; 0x1c
     916:	8e 11       	cpse	r24, r14
     918:	0c c0       	rjmp	.+24     	; 0x932 <__stack+0x33>
/Users/leyry/Library/Arduino15/packages/MiniCore/hardware/avr/3.1.1/cores/MCUdude_corefiles/HardwareSerial.cpp:253
    if (bit_is_clear(SREG, SREG_I)) {
     91a:	0f b6       	in	r0, 0x3f	; 63
     91c:	07 fc       	sbrc	r0, 7
     91e:	fa cf       	rjmp	.-12     	; 0x914 <__stack+0x15>
/Users/leyry/Library/Arduino15/packages/MiniCore/hardware/avr/3.1.1/cores/MCUdude_corefiles/HardwareSerial.cpp:258
      // Interrupts are disabled, so we'll have to poll the data
      // register empty flag ourselves. If it is set, pretend an
      // interrupt has happened and call the handler to free up
      // space for us.
      if(bit_is_set(*_ucsra, UDRE0))
     920:	e8 89       	ldd	r30, Y+16	; 0x10
     922:	f9 89       	ldd	r31, Y+17	; 0x11
     924:	80 81       	ld	r24, Z
     926:	85 ff       	sbrs	r24, 5
     928:	f5 cf       	rjmp	.-22     	; 0x914 <__stack+0x15>
/Users/leyry/Library/Arduino15/packages/MiniCore/hardware/avr/3.1.1/cores/MCUdude_corefiles/HardwareSerial.cpp:259
        _tx_udr_empty_irq();
     92a:	ce 01       	movw	r24, r28
     92c:	0e 94 39 04 	call	0x872	; 0x872 <HardwareSerial::_tx_udr_empty_irq()>
     930:	f1 cf       	rjmp	.-30     	; 0x914 <__stack+0x15>
/Users/leyry/Library/Arduino15/packages/MiniCore/hardware/avr/3.1.1/cores/MCUdude_corefiles/HardwareSerial.cpp:265
    } else {
      // nop, the interrupt handler will free up space for us
    }
  }

  _tx_buffer[_tx_buffer_head] = c;
     932:	eb 8d       	ldd	r30, Y+27	; 0x1b
     934:	ec 0f       	add	r30, r28
     936:	fd 2f       	mov	r31, r29
     938:	f1 1d       	adc	r31, r1
     93a:	e3 5a       	subi	r30, 0xA3	; 163
     93c:	ff 4f       	sbci	r31, 0xFF	; 255
     93e:	f0 82       	st	Z, r15
/Users/leyry/Library/Arduino15/packages/MiniCore/hardware/avr/3.1.1/cores/MCUdude_corefiles/HardwareSerial.cpp:269
  // make atomic to prevent execution of ISR between setting the
  // head pointer and setting the interrupt flag resulting in buffer
  // retransmission
  ATOMIC_BLOCK(ATOMIC_RESTORESTATE) {
     940:	9f b7       	in	r25, 0x3f	; 63
__iCliRetVal():
/Users/leyry/Library/Arduino15/packages/arduino/tools/avr-gcc/7.3.0-atmel3.6.1-arduino7/avr/include/util/atomic.h:50
    return 1;
}

static __inline__ uint8_t __iCliRetVal(void)
{
    cli();
     942:	f8 94       	cli
_ZN14HardwareSerial5writeEh():
/Users/leyry/Library/Arduino15/packages/MiniCore/hardware/avr/3.1.1/cores/MCUdude_corefiles/HardwareSerial.cpp:270
    _tx_buffer_head = i;
     944:	0b 8f       	std	Y+27, r16	; 0x1b
/Users/leyry/Library/Arduino15/packages/MiniCore/hardware/avr/3.1.1/cores/MCUdude_corefiles/HardwareSerial.cpp:271
    *_ucsrb |= _BV(UDRIE0);
     946:	ea 89       	ldd	r30, Y+18	; 0x12
     948:	fb 89       	ldd	r31, Y+19	; 0x13
     94a:	80 81       	ld	r24, Z
     94c:	80 62       	ori	r24, 0x20	; 32
     94e:	cf cf       	rjmp	.-98     	; 0x8ee <HardwareSerial::write(unsigned char)+0x38>

00000950 <HardwareSerial::flush()>:
_ZN14HardwareSerial5flushEv():
/Users/leyry/Library/Arduino15/packages/MiniCore/hardware/avr/3.1.1/cores/MCUdude_corefiles/HardwareSerial.cpp:203
  if (head >= tail) return SERIAL_TX_BUFFER_SIZE - 1 - head + tail;
  return tail - head - 1;
}

void HardwareSerial::flush()
{
     950:	cf 93       	push	r28
     952:	df 93       	push	r29
     954:	ec 01       	movw	r28, r24
/Users/leyry/Library/Arduino15/packages/MiniCore/hardware/avr/3.1.1/cores/MCUdude_corefiles/HardwareSerial.cpp:207
  // If we have never written a byte, no need to flush. This special
  // case is needed since there is no way to force the TXC (transmit
  // complete) bit to 1 during initialization
  if (!_written)
     956:	88 8d       	ldd	r24, Y+24	; 0x18
     958:	88 23       	and	r24, r24
     95a:	b9 f0       	breq	.+46     	; 0x98a <HardwareSerial::flush()+0x3a>
/Users/leyry/Library/Arduino15/packages/MiniCore/hardware/avr/3.1.1/cores/MCUdude_corefiles/HardwareSerial.cpp:210
    return;

  while (bit_is_set(*_ucsrb, UDRIE0) || bit_is_clear(*_ucsra, TXC0)) {
     95c:	aa 89       	ldd	r26, Y+18	; 0x12
     95e:	bb 89       	ldd	r27, Y+19	; 0x13
     960:	e8 89       	ldd	r30, Y+16	; 0x10
     962:	f9 89       	ldd	r31, Y+17	; 0x11
     964:	8c 91       	ld	r24, X
     966:	85 fd       	sbrc	r24, 5
     968:	03 c0       	rjmp	.+6      	; 0x970 <HardwareSerial::flush()+0x20>
     96a:	80 81       	ld	r24, Z
     96c:	86 fd       	sbrc	r24, 6
     96e:	0d c0       	rjmp	.+26     	; 0x98a <HardwareSerial::flush()+0x3a>
/Users/leyry/Library/Arduino15/packages/MiniCore/hardware/avr/3.1.1/cores/MCUdude_corefiles/HardwareSerial.cpp:211
    if (bit_is_clear(SREG, SREG_I) && bit_is_set(*_ucsrb, UDRIE0))
     970:	0f b6       	in	r0, 0x3f	; 63
     972:	07 fc       	sbrc	r0, 7
     974:	f7 cf       	rjmp	.-18     	; 0x964 <HardwareSerial::flush()+0x14>
     976:	8c 91       	ld	r24, X
     978:	85 ff       	sbrs	r24, 5
     97a:	f2 cf       	rjmp	.-28     	; 0x960 <HardwareSerial::flush()+0x10>
/Users/leyry/Library/Arduino15/packages/MiniCore/hardware/avr/3.1.1/cores/MCUdude_corefiles/HardwareSerial.cpp:215
      // Interrupts are globally disabled, but the DR empty
      // interrupt should be enabled, so poll the DR empty flag to
      // prevent deadlock
      if (bit_is_set(*_ucsra, UDRE0))
     97c:	80 81       	ld	r24, Z
     97e:	85 ff       	sbrs	r24, 5
     980:	ed cf       	rjmp	.-38     	; 0x95c <HardwareSerial::flush()+0xc>
/Users/leyry/Library/Arduino15/packages/MiniCore/hardware/avr/3.1.1/cores/MCUdude_corefiles/HardwareSerial.cpp:216
        _tx_udr_empty_irq();
     982:	ce 01       	movw	r24, r28
     984:	0e 94 39 04 	call	0x872	; 0x872 <HardwareSerial::_tx_udr_empty_irq()>
     988:	e9 cf       	rjmp	.-46     	; 0x95c <HardwareSerial::flush()+0xc>
/Users/leyry/Library/Arduino15/packages/MiniCore/hardware/avr/3.1.1/cores/MCUdude_corefiles/HardwareSerial.cpp:220
  }
  // If we get here, nothing is queued anymore (DRIE is disabled) and
  // the hardware finished tranmission (TXC is set).
}
     98a:	df 91       	pop	r29
     98c:	cf 91       	pop	r28
     98e:	08 95       	ret

00000990 <SPIClass::transfer(unsigned char)>:
_ZN8SPIClass8transferEh():
/Users/leyry/Library/Arduino15/packages/MiniCore/hardware/avr/3.1.1/libraries/SPI/src/SPI.h:212
    SPSR = settings.spsr;
  }

  // Write to the SPI bus (MOSI pin) and also receive (MISO pin)
  inline static uint8_t transfer(uint8_t data) {
    SPDR = data;
     990:	8e bd       	out	0x2e, r24	; 46
/Users/leyry/Library/Arduino15/packages/MiniCore/hardware/avr/3.1.1/libraries/SPI/src/SPI.h:219
     * The following NOP introduces a small delay that can prevent the wait
     * loop form iterating when running at the maximum speed. This gives
     * about 10% more speed, even if it seems counter-intuitive. At lower
     * speeds it is unnoticed.
     */
    asm volatile("nop");
     992:	00 00       	nop
/Users/leyry/Library/Arduino15/packages/MiniCore/hardware/avr/3.1.1/libraries/SPI/src/SPI.h:220
    while (!(SPSR & _BV(SPIF))) ; // wait
     994:	0d b4       	in	r0, 0x2d	; 45
     996:	07 fe       	sbrs	r0, 7
     998:	fd cf       	rjmp	.-6      	; 0x994 <SPIClass::transfer(unsigned char)+0x4>
/Users/leyry/Library/Arduino15/packages/MiniCore/hardware/avr/3.1.1/libraries/SPI/src/SPI.h:221
    return SPDR;
     99a:	8e b5       	in	r24, 0x2e	; 46
/Users/leyry/Library/Arduino15/packages/MiniCore/hardware/avr/3.1.1/libraries/SPI/src/SPI.h:222
  }
     99c:	08 95       	ret

0000099e <ThermioRfCc1101::strobe(unsigned char) [clone .constprop.43]>:
_ZN15ThermioRfCc11016strobeEh.constprop.43():
/Users/leyry/Documents/Electronique/Thermonuino/main/lib/Thermonuino-commons/src/ThermioRfCc1101.cpp:44
}

uint8_t ThermioRfCc1101::strobe(uint8_t value) {
     99e:	1f 93       	push	r17
     9a0:	cf 93       	push	r28
     9a2:	df 93       	push	r29
     9a4:	18 2f       	mov	r17, r24
/Users/leyry/Documents/Electronique/Thermonuino/main/lib/Thermonuino-commons/src/ThermioRfCc1101.cpp:45
  digitalWrite(pins_.csn, LOW);
     9a6:	c8 e2       	ldi	r28, 0x28	; 40
     9a8:	d3 e0       	ldi	r29, 0x03	; 3
     9aa:	60 e0       	ldi	r22, 0x00	; 0
     9ac:	88 81       	ld	r24, Y
     9ae:	0e 94 20 01 	call	0x240	; 0x240 <digitalWrite>
/Users/leyry/Documents/Electronique/Thermonuino/main/lib/Thermonuino-commons/src/ThermioRfCc1101.cpp:46
  waitReady(15);
     9b2:	0e 94 9a 03 	call	0x734	; 0x734 <ThermioRfCc1101::waitReady(unsigned int) [clone .constprop.44]>
/Users/leyry/Documents/Electronique/Thermonuino/main/lib/Thermonuino-commons/src/ThermioRfCc1101.cpp:47
  const uint8_t status = SPI.transfer(value);
     9b6:	81 2f       	mov	r24, r17
     9b8:	0e 94 c8 04 	call	0x990	; 0x990 <SPIClass::transfer(unsigned char)>
     9bc:	18 2f       	mov	r17, r24
/Users/leyry/Documents/Electronique/Thermonuino/main/lib/Thermonuino-commons/src/ThermioRfCc1101.cpp:48
  digitalWrite(pins_.csn, HIGH);
     9be:	61 e0       	ldi	r22, 0x01	; 1
     9c0:	88 81       	ld	r24, Y
     9c2:	0e 94 20 01 	call	0x240	; 0x240 <digitalWrite>
/Users/leyry/Documents/Electronique/Thermonuino/main/lib/Thermonuino-commons/src/ThermioRfCc1101.cpp:50
  return status;
}
     9c6:	81 2f       	mov	r24, r17
     9c8:	df 91       	pop	r29
     9ca:	cf 91       	pop	r28
     9cc:	1f 91       	pop	r17
     9ce:	08 95       	ret

000009d0 <ThermioRfCc1101::readStatus(unsigned char, unsigned char&) [clone .constprop.39]>:
_ZN15ThermioRfCc110110readStatusEhRh.constprop.39():
/Users/leyry/Documents/Electronique/Thermonuino/main/lib/Thermonuino-commons/src/ThermioRfCc1101.cpp:52

bool ThermioRfCc1101::readStatus(uint8_t address, uint8_t &value) {
     9d0:	0f 93       	push	r16
     9d2:	1f 93       	push	r17
     9d4:	cf 93       	push	r28
     9d6:	df 93       	push	r29
     9d8:	d8 2f       	mov	r29, r24
     9da:	8b 01       	movw	r16, r22
/Users/leyry/Documents/Electronique/Thermonuino/main/lib/Thermonuino-commons/src/ThermioRfCc1101.cpp:53
  digitalWrite(pins_.csn, LOW);
     9dc:	60 e0       	ldi	r22, 0x00	; 0
     9de:	80 91 28 03 	lds	r24, 0x0328	; 0x800328 <radio>
     9e2:	0e 94 20 01 	call	0x240	; 0x240 <digitalWrite>
/Users/leyry/Documents/Electronique/Thermonuino/main/lib/Thermonuino-commons/src/ThermioRfCc1101.cpp:54
  if (!waitReady(15)) {
     9e6:	0e 94 9a 03 	call	0x734	; 0x734 <ThermioRfCc1101::waitReady(unsigned int) [clone .constprop.44]>
     9ea:	c8 2f       	mov	r28, r24
     9ec:	81 11       	cpse	r24, r1
     9ee:	0b c0       	rjmp	.+22     	; 0xa06 <ThermioRfCc1101::readStatus(unsigned char, unsigned char&) [clone .constprop.39]+0x36>
/Users/leyry/Documents/Electronique/Thermonuino/main/lib/Thermonuino-commons/src/ThermioRfCc1101.cpp:60
    digitalWrite(pins_.csn, HIGH);
    return false;
  }
  SPI.transfer(ReadBurst | address);
  value = SPI.transfer(0x00);
  digitalWrite(pins_.csn, HIGH);
     9f0:	61 e0       	ldi	r22, 0x01	; 1
     9f2:	80 91 28 03 	lds	r24, 0x0328	; 0x800328 <radio>
     9f6:	0e 94 20 01 	call	0x240	; 0x240 <digitalWrite>
/Users/leyry/Documents/Electronique/Thermonuino/main/lib/Thermonuino-commons/src/ThermioRfCc1101.cpp:62
  return true;
}
     9fa:	8c 2f       	mov	r24, r28
     9fc:	df 91       	pop	r29
     9fe:	cf 91       	pop	r28
     a00:	1f 91       	pop	r17
     a02:	0f 91       	pop	r16
     a04:	08 95       	ret
/Users/leyry/Documents/Electronique/Thermonuino/main/lib/Thermonuino-commons/src/ThermioRfCc1101.cpp:58
  digitalWrite(pins_.csn, LOW);
  if (!waitReady(15)) {
    digitalWrite(pins_.csn, HIGH);
    return false;
  }
  SPI.transfer(ReadBurst | address);
     a06:	8d 2f       	mov	r24, r29
     a08:	80 6c       	ori	r24, 0xC0	; 192
     a0a:	0e 94 c8 04 	call	0x990	; 0x990 <SPIClass::transfer(unsigned char)>
/Users/leyry/Documents/Electronique/Thermonuino/main/lib/Thermonuino-commons/src/ThermioRfCc1101.cpp:59
  value = SPI.transfer(0x00);
     a0e:	80 e0       	ldi	r24, 0x00	; 0
     a10:	0e 94 c8 04 	call	0x990	; 0x990 <SPIClass::transfer(unsigned char)>
     a14:	f8 01       	movw	r30, r16
     a16:	80 83       	st	Z, r24
     a18:	eb cf       	rjmp	.-42     	; 0x9f0 <ThermioRfCc1101::readStatus(unsigned char, unsigned char&) [clone .constprop.39]+0x20>

00000a1a <ThermioRfCc1101::writeRegister(unsigned char, unsigned char) [clone .constprop.11]>:
_ZN15ThermioRfCc110113writeRegisterEhh.constprop.11():
/Users/leyry/Documents/Electronique/Thermonuino/main/lib/Thermonuino-commons/src/ThermioRfCc1101.cpp:70
  uint8_t value = 0xFF;
  readStatus(address, value);
  return value;
}

void ThermioRfCc1101::writeRegister(uint8_t address, uint8_t value) {
     a1a:	0f 93       	push	r16
     a1c:	1f 93       	push	r17
     a1e:	cf 93       	push	r28
     a20:	df 93       	push	r29
     a22:	08 2f       	mov	r16, r24
     a24:	16 2f       	mov	r17, r22
/Users/leyry/Documents/Electronique/Thermonuino/main/lib/Thermonuino-commons/src/ThermioRfCc1101.cpp:71
  digitalWrite(pins_.csn, LOW);
     a26:	c8 e2       	ldi	r28, 0x28	; 40
     a28:	d3 e0       	ldi	r29, 0x03	; 3
     a2a:	60 e0       	ldi	r22, 0x00	; 0
     a2c:	88 81       	ld	r24, Y
     a2e:	0e 94 20 01 	call	0x240	; 0x240 <digitalWrite>
/Users/leyry/Documents/Electronique/Thermonuino/main/lib/Thermonuino-commons/src/ThermioRfCc1101.cpp:72
  waitReady(15);
     a32:	0e 94 9a 03 	call	0x734	; 0x734 <ThermioRfCc1101::waitReady(unsigned int) [clone .constprop.44]>
/Users/leyry/Documents/Electronique/Thermonuino/main/lib/Thermonuino-commons/src/ThermioRfCc1101.cpp:73
  SPI.transfer(address);
     a36:	80 2f       	mov	r24, r16
     a38:	0e 94 c8 04 	call	0x990	; 0x990 <SPIClass::transfer(unsigned char)>
/Users/leyry/Documents/Electronique/Thermonuino/main/lib/Thermonuino-commons/src/ThermioRfCc1101.cpp:74
  SPI.transfer(value);
     a3c:	81 2f       	mov	r24, r17
     a3e:	0e 94 c8 04 	call	0x990	; 0x990 <SPIClass::transfer(unsigned char)>
/Users/leyry/Documents/Electronique/Thermonuino/main/lib/Thermonuino-commons/src/ThermioRfCc1101.cpp:75
  digitalWrite(pins_.csn, HIGH);
     a42:	61 e0       	ldi	r22, 0x01	; 1
     a44:	88 81       	ld	r24, Y
/Users/leyry/Documents/Electronique/Thermonuino/main/lib/Thermonuino-commons/src/ThermioRfCc1101.cpp:76
}
     a46:	df 91       	pop	r29
     a48:	cf 91       	pop	r28
     a4a:	1f 91       	pop	r17
     a4c:	0f 91       	pop	r16
/Users/leyry/Documents/Electronique/Thermonuino/main/lib/Thermonuino-commons/src/ThermioRfCc1101.cpp:75
void ThermioRfCc1101::writeRegister(uint8_t address, uint8_t value) {
  digitalWrite(pins_.csn, LOW);
  waitReady(15);
  SPI.transfer(address);
  SPI.transfer(value);
  digitalWrite(pins_.csn, HIGH);
     a4e:	0c 94 20 01 	jmp	0x240	; 0x240 <digitalWrite>

00000a52 <beginOrRefreshAssociation(unsigned int, unsigned char) [clone .part.12]>:
_Z25beginOrRefreshAssociationjh.part.12():
/Users/leyry/Documents/Electronique/Thermonuino/main/modules/console/console.ino:485

  const int index = findAssociatedSlave(nodeId);
  return index >= 0 ? associatedSlaves[index].zone : 1;
}

void beginOrRefreshAssociation(uint16_t nodeId, uint8_t deviceType) {
     a52:	9c 01       	movw	r18, r24
/Users/leyry/Documents/Electronique/Thermonuino/main/modules/console/console.ino:490
  if (nodeId == ThermioRfFrame::BroadcastId || nodeId == consoleId) {
    return;
  }

  if (!associationActive || associationNodeId != nodeId) {
     a54:	80 91 7b 02 	lds	r24, 0x027B	; 0x80027b <associationActive>
     a58:	88 23       	and	r24, r24
     a5a:	39 f0       	breq	.+14     	; 0xa6a <beginOrRefreshAssociation(unsigned int, unsigned char) [clone .part.12]+0x18>
     a5c:	80 91 1b 02 	lds	r24, 0x021B	; 0x80021b <associationNodeId>
     a60:	90 91 1c 02 	lds	r25, 0x021C	; 0x80021c <associationNodeId+0x1>
     a64:	82 17       	cp	r24, r18
     a66:	93 07       	cpc	r25, r19
     a68:	59 f0       	breq	.+22     	; 0xa80 <beginOrRefreshAssociation(unsigned int, unsigned char) [clone .part.12]+0x2e>
/Users/leyry/Documents/Electronique/Thermonuino/main/modules/console/console.ino:491
    associationActive = true;
     a6a:	91 e0       	ldi	r25, 0x01	; 1
     a6c:	90 93 7b 02 	sts	0x027B, r25	; 0x80027b <associationActive>
/Users/leyry/Documents/Electronique/Thermonuino/main/modules/console/console.ino:492
    associationNodeId = nodeId;
     a70:	30 93 1c 02 	sts	0x021C, r19	; 0x80021c <associationNodeId+0x1>
     a74:	20 93 1b 02 	sts	0x021B, r18	; 0x80021b <associationNodeId>
/Users/leyry/Documents/Electronique/Thermonuino/main/modules/console/console.ino:493
    associationDeviceType = deviceType;
     a78:	60 93 f2 01 	sts	0x01F2, r22	; 0x8001f2 <associationDeviceType>
/Users/leyry/Documents/Electronique/Thermonuino/main/modules/console/console.ino:494
    associationZone = 1;
     a7c:	90 93 05 01 	sts	0x0105, r25	; 0x800105 <associationZone>
/Users/leyry/Documents/Electronique/Thermonuino/main/modules/console/console.ino:496
  }
  associationSaveAt = millis() + RF_ASSOCIATION_SAVE_DELAY_MS;
     a80:	0e 94 8e 03 	call	0x71c	; 0x71c <millis>
     a84:	60 5f       	subi	r22, 0xF0	; 240
     a86:	78 4d       	sbci	r23, 0xD8	; 216
     a88:	8f 4f       	sbci	r24, 0xFF	; 255
     a8a:	9f 4f       	sbci	r25, 0xFF	; 255
     a8c:	60 93 1d 02 	sts	0x021D, r22	; 0x80021d <associationSaveAt>
     a90:	70 93 1e 02 	sts	0x021E, r23	; 0x80021e <associationSaveAt+0x1>
     a94:	80 93 1f 02 	sts	0x021F, r24	; 0x80021f <associationSaveAt+0x2>
     a98:	90 93 20 02 	sts	0x0220, r25	; 0x800220 <associationSaveAt+0x3>
/Users/leyry/Documents/Electronique/Thermonuino/main/modules/console/console.ino:497
}
     a9c:	08 95       	ret

00000a9e <readRawMode()>:
_Z11readRawModev():
/Users/leyry/Documents/Electronique/Thermonuino/main/modules/console/console.ino:667
  for (uint8_t zone = 1; zone <= RF_ASSOC_ZONE_COUNT; zone++) {
    setPixel(ledForZone(zone), zone == associationZone && blinkOn ? rgb(255, 0, 120) : rgb(0, 0, 0));
  }
}

ModeValue readRawMode() {
     a9e:	ef 92       	push	r14
     aa0:	ff 92       	push	r15
     aa2:	0f 93       	push	r16
     aa4:	1f 93       	push	r17
     aa6:	cf 93       	push	r28
     aa8:	df 93       	push	r29
     aaa:	c1 e1       	ldi	r28, 0x11	; 17
     aac:	d1 e0       	ldi	r29, 0x01	; 1
     aae:	8d e1       	ldi	r24, 0x1D	; 29
     ab0:	e8 2e       	mov	r14, r24
     ab2:	81 e0       	ldi	r24, 0x01	; 1
     ab4:	f8 2e       	mov	r15, r24
/Users/leyry/Documents/Electronique/Thermonuino/main/modules/console/console.ino:669
  uint8_t activeCount = 0;
  ModeValue activeMode = MODE_NONE;
     ab6:	10 e0       	ldi	r17, 0x00	; 0
/Users/leyry/Documents/Electronique/Thermonuino/main/modules/console/console.ino:668
    setPixel(ledForZone(zone), zone == associationZone && blinkOn ? rgb(255, 0, 120) : rgb(0, 0, 0));
  }
}

ModeValue readRawMode() {
  uint8_t activeCount = 0;
     ab8:	00 e0       	ldi	r16, 0x00	; 0
/Users/leyry/Documents/Electronique/Thermonuino/main/modules/console/console.ino:671
  ModeValue activeMode = MODE_NONE;
  for (const ModeInput &input : modeInputs) {
    if (digitalRead(input.pin) == LOW) {
     aba:	88 81       	ld	r24, Y
     abc:	0e 94 f7 00 	call	0x1ee	; 0x1ee <digitalRead>
     ac0:	89 2b       	or	r24, r25
     ac2:	11 f4       	brne	.+4      	; 0xac8 <readRawMode()+0x2a>
/Users/leyry/Documents/Electronique/Thermonuino/main/modules/console/console.ino:672
      activeCount++;
     ac4:	0f 5f       	subi	r16, 0xFF	; 255
/Users/leyry/Documents/Electronique/Thermonuino/main/modules/console/console.ino:673
      activeMode = input.mode;
     ac6:	19 81       	ldd	r17, Y+1	; 0x01
     ac8:	22 96       	adiw	r28, 0x02	; 2
/Users/leyry/Documents/Electronique/Thermonuino/main/modules/console/console.ino:670
}

ModeValue readRawMode() {
  uint8_t activeCount = 0;
  ModeValue activeMode = MODE_NONE;
  for (const ModeInput &input : modeInputs) {
     aca:	ec 16       	cp	r14, r28
     acc:	fd 06       	cpc	r15, r29
     ace:	a9 f7       	brne	.-22     	; 0xaba <readRawMode()+0x1c>
/Users/leyry/Documents/Electronique/Thermonuino/main/modules/console/console.ino:676
    if (digitalRead(input.pin) == LOW) {
      activeCount++;
      activeMode = input.mode;
    }
  }
  if (activeCount == 0) {
     ad0:	00 23       	and	r16, r16
     ad2:	21 f0       	breq	.+8      	; 0xadc <readRawMode()+0x3e>
/Users/leyry/Documents/Electronique/Thermonuino/main/modules/console/console.ino:679
    return MODE_NONE;
  }
  return activeCount > 1 ? MODE_INVALID : activeMode;
     ad4:	02 30       	cpi	r16, 0x02	; 2
     ad6:	18 f0       	brcs	.+6      	; 0xade <readRawMode()+0x40>
     ad8:	17 e0       	ldi	r17, 0x07	; 7
     ada:	01 c0       	rjmp	.+2      	; 0xade <readRawMode()+0x40>
/Users/leyry/Documents/Electronique/Thermonuino/main/modules/console/console.ino:677
      activeCount++;
      activeMode = input.mode;
    }
  }
  if (activeCount == 0) {
    return MODE_NONE;
     adc:	10 e0       	ldi	r17, 0x00	; 0
/Users/leyry/Documents/Electronique/Thermonuino/main/modules/console/console.ino:680
  }
  return activeCount > 1 ? MODE_INVALID : activeMode;
}
     ade:	81 2f       	mov	r24, r17
     ae0:	df 91       	pop	r29
     ae2:	cf 91       	pop	r28
     ae4:	1f 91       	pop	r17
     ae6:	0f 91       	pop	r16
     ae8:	ff 90       	pop	r15
     aea:	ef 90       	pop	r14
     aec:	08 95       	ret

00000aee <findAssociatedSlave(unsigned int)>:
_Z19findAssociatedSlavej():
/Users/leyry/Documents/Electronique/Thermonuino/main/modules/console/console.ino:440
  associatedSlaves[index].deviceType = 0;
  associatedSlaves[index].zone = 0;
  saveAssociationEntry(index);
}

int findAssociatedSlave(uint16_t nodeId) {
     aee:	9c 01       	movw	r18, r24
     af0:	e3 ef       	ldi	r30, 0xF3	; 243
     af2:	f1 e0       	ldi	r31, 0x01	; 1
     af4:	90 e0       	ldi	r25, 0x00	; 0
     af6:	80 e0       	ldi	r24, 0x00	; 0
/Users/leyry/Documents/Electronique/Thermonuino/main/modules/console/console.ino:442
  for (uint8_t i = 0; i < RF_MAX_ASSOCIATED_SLAVES; i++) {
    if (associatedSlaves[i].nodeId == nodeId) {
     af8:	40 81       	ld	r20, Z
     afa:	51 81       	ldd	r21, Z+1	; 0x01
     afc:	42 17       	cp	r20, r18
     afe:	53 07       	cpc	r21, r19
     b00:	39 f0       	breq	.+14     	; 0xb10 <findAssociatedSlave(unsigned int)+0x22>
     b02:	01 96       	adiw	r24, 0x01	; 1
     b04:	34 96       	adiw	r30, 0x04	; 4
/Users/leyry/Documents/Electronique/Thermonuino/main/modules/console/console.ino:441
  associatedSlaves[index].zone = 0;
  saveAssociationEntry(index);
}

int findAssociatedSlave(uint16_t nodeId) {
  for (uint8_t i = 0; i < RF_MAX_ASSOCIATED_SLAVES; i++) {
     b06:	8a 30       	cpi	r24, 0x0A	; 10
     b08:	91 05       	cpc	r25, r1
     b0a:	b1 f7       	brne	.-20     	; 0xaf8 <findAssociatedSlave(unsigned int)+0xa>
/Users/leyry/Documents/Electronique/Thermonuino/main/modules/console/console.ino:446
    if (associatedSlaves[i].nodeId == nodeId) {
      return i;
    }
  }
  return -1;
     b0c:	8f ef       	ldi	r24, 0xFF	; 255
     b0e:	9f ef       	ldi	r25, 0xFF	; 255
/Users/leyry/Documents/Electronique/Thermonuino/main/modules/console/console.ino:447
}
     b10:	08 95       	ret

00000b12 <zoneForSlave(unsigned int)>:
_Z12zoneForSlavej():
/Users/leyry/Documents/Electronique/Thermonuino/main/modules/console/console.ino:477
  }
  return 0;
}

uint8_t zoneForSlave(uint16_t nodeId) {
  if (associationActive && associationNodeId == nodeId) {
     b12:	20 91 7b 02 	lds	r18, 0x027B	; 0x80027b <associationActive>
     b16:	22 23       	and	r18, r18
     b18:	51 f0       	breq	.+20     	; 0xb2e <zoneForSlave(unsigned int)+0x1c>
     b1a:	20 91 1b 02 	lds	r18, 0x021B	; 0x80021b <associationNodeId>
     b1e:	30 91 1c 02 	lds	r19, 0x021C	; 0x80021c <associationNodeId+0x1>
     b22:	28 17       	cp	r18, r24
     b24:	39 07       	cpc	r19, r25
     b26:	19 f4       	brne	.+6      	; 0xb2e <zoneForSlave(unsigned int)+0x1c>
/Users/leyry/Documents/Electronique/Thermonuino/main/modules/console/console.ino:478
    return associationZone;
     b28:	80 91 05 01 	lds	r24, 0x0105	; 0x800105 <associationZone>
     b2c:	08 95       	ret
/Users/leyry/Documents/Electronique/Thermonuino/main/modules/console/console.ino:481
  }

  const int index = findAssociatedSlave(nodeId);
     b2e:	0e 94 77 05 	call	0xaee	; 0xaee <findAssociatedSlave(unsigned int)>
/Users/leyry/Documents/Electronique/Thermonuino/main/modules/console/console.ino:482
  return index >= 0 ? associatedSlaves[index].zone : 1;
     b32:	97 fd       	sbrc	r25, 7
     b34:	09 c0       	rjmp	.+18     	; 0xb48 <zoneForSlave(unsigned int)+0x36>
     b36:	88 0f       	add	r24, r24
     b38:	99 1f       	adc	r25, r25
     b3a:	88 0f       	add	r24, r24
     b3c:	99 1f       	adc	r25, r25
     b3e:	fc 01       	movw	r30, r24
     b40:	ed 50       	subi	r30, 0x0D	; 13
     b42:	fe 4f       	sbci	r31, 0xFE	; 254
     b44:	83 81       	ldd	r24, Z+3	; 0x03
     b46:	08 95       	ret
     b48:	81 e0       	ldi	r24, 0x01	; 1
/Users/leyry/Documents/Electronique/Thermonuino/main/modules/console/console.ino:483
}
     b4a:	08 95       	ret

00000b4c <doucheActive()>:
_Z12doucheActivev():
/Users/leyry/Documents/Electronique/Thermonuino/main/modules/console/console.ino:257
  }
  const ZoneState &state = zones[zone - 1];
  return state.heatSeen && (uint32_t)(now - state.lastHeatAt) <= windowMs;
}

bool doucheActive() {
     b4c:	0f 93       	push	r16
     b4e:	1f 93       	push	r17
/Users/leyry/Documents/Electronique/Thermonuino/main/modules/console/console.ino:258
  return stableMode == MODE_DOUCHE && (int32_t)(millis() - doucheUntil) < 0;
     b50:	80 91 81 02 	lds	r24, 0x0281	; 0x800281 <stableMode>
     b54:	86 30       	cpi	r24, 0x06	; 6
     b56:	c9 f4       	brne	.+50     	; 0xb8a <doucheActive()+0x3e>
     b58:	0e 94 8e 03 	call	0x71c	; 0x71c <millis>
     b5c:	00 91 22 02 	lds	r16, 0x0222	; 0x800222 <doucheUntil>
     b60:	10 91 23 02 	lds	r17, 0x0223	; 0x800223 <doucheUntil+0x1>
     b64:	20 91 24 02 	lds	r18, 0x0224	; 0x800224 <doucheUntil+0x2>
     b68:	30 91 25 02 	lds	r19, 0x0225	; 0x800225 <doucheUntil+0x3>
     b6c:	dc 01       	movw	r26, r24
     b6e:	cb 01       	movw	r24, r22
     b70:	80 1b       	sub	r24, r16
     b72:	91 0b       	sbc	r25, r17
     b74:	a2 0b       	sbc	r26, r18
     b76:	b3 0b       	sbc	r27, r19
     b78:	88 27       	eor	r24, r24
     b7a:	b7 fd       	sbrc	r27, 7
     b7c:	83 95       	inc	r24
     b7e:	99 27       	eor	r25, r25
     b80:	aa 27       	eor	r26, r26
     b82:	bb 27       	eor	r27, r27
/Users/leyry/Documents/Electronique/Thermonuino/main/modules/console/console.ino:259
}
     b84:	1f 91       	pop	r17
     b86:	0f 91       	pop	r16
     b88:	08 95       	ret
/Users/leyry/Documents/Electronique/Thermonuino/main/modules/console/console.ino:258
  const ZoneState &state = zones[zone - 1];
  return state.heatSeen && (uint32_t)(now - state.lastHeatAt) <= windowMs;
}

bool doucheActive() {
  return stableMode == MODE_DOUCHE && (int32_t)(millis() - doucheUntil) < 0;
     b8a:	80 e0       	ldi	r24, 0x00	; 0
     b8c:	fb cf       	rjmp	.-10     	; 0xb84 <doucheActive()+0x38>

00000b8e <currentSetpointForZone(unsigned char)>:
_Z22currentSetpointForZoneh():
/Users/leyry/Documents/Electronique/Thermonuino/main/modules/console/console.ino:298

int16_t usualSetpointForZone(uint8_t zone) {
  return (zone >= 1 && zone <= PILOTE_ZONE_COUNT) ? SETPOINT_NORMAL_DECI_C : 0;
}

int16_t currentSetpointForZone(uint8_t zone) {
     b8e:	cf 93       	push	r28
/Users/leyry/Documents/Electronique/Thermonuino/main/modules/console/console.ino:299
  if (zone < 1 || zone > PILOTE_ZONE_COUNT) {
     b90:	9f ef       	ldi	r25, 0xFF	; 255
     b92:	98 0f       	add	r25, r24
     b94:	94 30       	cpi	r25, 0x04	; 4
     b96:	e8 f4       	brcc	.+58     	; 0xbd2 <currentSetpointForZone(unsigned char)+0x44>
/Users/leyry/Documents/Electronique/Thermonuino/main/modules/console/console.ino:302
    return 0;
  }
  if (stableMode == MODE_STOP) {
     b98:	90 91 81 02 	lds	r25, 0x0281	; 0x800281 <stableMode>
     b9c:	95 30       	cpi	r25, 0x05	; 5
     b9e:	c9 f0       	breq	.+50     	; 0xbd2 <currentSetpointForZone(unsigned char)+0x44>
/Users/leyry/Documents/Electronique/Thermonuino/main/modules/console/console.ino:305
    return 0;
  }
  if (stableMode == MODE_VACANCES) {
     ba0:	94 30       	cpi	r25, 0x04	; 4
     ba2:	d1 f0       	breq	.+52     	; 0xbd8 <currentSetpointForZone(unsigned char)+0x4a>
/Users/leyry/Documents/Electronique/Thermonuino/main/modules/console/console.ino:309
    return SETPOINT_VACANCE_DECI_C;
  }
  int16_t setpoint = usualSetpointForZone(zone);
  if (stableMode == MODE_PLUS || stableMode == MODE_MOINS) {
     ba4:	92 50       	subi	r25, 0x02	; 2
     ba6:	92 30       	cpi	r25, 0x02	; 2
     ba8:	50 f4       	brcc	.+20     	; 0xbbe <currentSetpointForZone(unsigned char)+0x30>
/Users/leyry/Documents/Electronique/Thermonuino/main/modules/console/console.ino:310
    setpoint += (int16_t)plusMinusOffsetC * 10;
     baa:	80 91 26 02 	lds	r24, 0x0226	; 0x800226 <plusMinusOffsetC>
/Users/leyry/Documents/Electronique/Thermonuino/main/modules/console/console.ino:312
  } else if (doucheActive()) {
    setpoint += (zone == ZONE_SDB ? DOUCHE_SDB_DELTA_C : DOUCHE_OTHER_DELTA_C) * 10;
     bae:	2a e0       	ldi	r18, 0x0A	; 10
     bb0:	82 02       	muls	r24, r18
     bb2:	c0 01       	movw	r24, r0
     bb4:	11 24       	eor	r1, r1
     bb6:	82 54       	subi	r24, 0x42	; 66
     bb8:	9f 4f       	sbci	r25, 0xFF	; 255
/Users/leyry/Documents/Electronique/Thermonuino/main/modules/console/console.ino:315
  }
  return setpoint;
}
     bba:	cf 91       	pop	r28
     bbc:	08 95       	ret
     bbe:	c8 2f       	mov	r28, r24
/Users/leyry/Documents/Electronique/Thermonuino/main/modules/console/console.ino:311
    return SETPOINT_VACANCE_DECI_C;
  }
  int16_t setpoint = usualSetpointForZone(zone);
  if (stableMode == MODE_PLUS || stableMode == MODE_MOINS) {
    setpoint += (int16_t)plusMinusOffsetC * 10;
  } else if (doucheActive()) {
     bc0:	0e 94 a6 05 	call	0xb4c	; 0xb4c <doucheActive()>
     bc4:	88 23       	and	r24, r24
     bc6:	59 f0       	breq	.+22     	; 0xbde <currentSetpointForZone(unsigned char)+0x50>
/Users/leyry/Documents/Electronique/Thermonuino/main/modules/console/console.ino:312
    setpoint += (zone == ZONE_SDB ? DOUCHE_SDB_DELTA_C : DOUCHE_OTHER_DELTA_C) * 10;
     bc8:	8f ef       	ldi	r24, 0xFF	; 255
     bca:	c4 30       	cpi	r28, 0x04	; 4
     bcc:	81 f7       	brne	.-32     	; 0xbae <currentSetpointForZone(unsigned char)+0x20>
     bce:	82 e0       	ldi	r24, 0x02	; 2
     bd0:	ee cf       	rjmp	.-36     	; 0xbae <currentSetpointForZone(unsigned char)+0x20>
/Users/leyry/Documents/Electronique/Thermonuino/main/modules/console/console.ino:300
  return (zone >= 1 && zone <= PILOTE_ZONE_COUNT) ? SETPOINT_NORMAL_DECI_C : 0;
}

int16_t currentSetpointForZone(uint8_t zone) {
  if (zone < 1 || zone > PILOTE_ZONE_COUNT) {
    return 0;
     bd2:	90 e0       	ldi	r25, 0x00	; 0
     bd4:	80 e0       	ldi	r24, 0x00	; 0
     bd6:	f1 cf       	rjmp	.-30     	; 0xbba <currentSetpointForZone(unsigned char)+0x2c>
/Users/leyry/Documents/Electronique/Thermonuino/main/modules/console/console.ino:306
  }
  if (stableMode == MODE_STOP) {
    return 0;
  }
  if (stableMode == MODE_VACANCES) {
    return SETPOINT_VACANCE_DECI_C;
     bd8:	8a ea       	ldi	r24, 0xAA	; 170
     bda:	90 e0       	ldi	r25, 0x00	; 0
     bdc:	ee cf       	rjmp	.-36     	; 0xbba <currentSetpointForZone(unsigned char)+0x2c>
/Users/leyry/Documents/Electronique/Thermonuino/main/modules/console/console.ino:308
  }
  int16_t setpoint = usualSetpointForZone(zone);
     bde:	8e eb       	ldi	r24, 0xBE	; 190
     be0:	90 e0       	ldi	r25, 0x00	; 0
     be2:	eb cf       	rjmp	.-42     	; 0xbba <currentSetpointForZone(unsigned char)+0x2c>

00000be4 <recomputeZoneWorkloads()>:
_Z22recomputeZoneWorkloadsv():
/Users/leyry/Documents/Electronique/Thermonuino/main/modules/console/console.ino:346
  requestedPowerVa = max<uint16_t>(MIN_REQUEST_POWER_VA, requestedPowerVa);
  requestedPowerVa = min<uint16_t>(MAX_REQUEST_POWER_VA, requestedPowerVa);
  return workloadFromRequestedPower(requestedPowerVa, installedPowerForZone(zone));
}

void recomputeZoneWorkloads() {
     be4:	ff 92       	push	r15
     be6:	0f 93       	push	r16
     be8:	1f 93       	push	r17
     bea:	cf 93       	push	r28
     bec:	df 93       	push	r29
     bee:	c0 e3       	ldi	r28, 0x30	; 48
     bf0:	d2 e0       	ldi	r29, 0x02	; 2
/Users/leyry/Documents/Electronique/Thermonuino/main/modules/console/console.ino:347
  for (uint8_t i = 0; i < PILOTE_ZONE_COUNT; i++) {
     bf2:	10 e0       	ldi	r17, 0x00	; 0
computeRegulatedWorkloadForZone():
/Users/leyry/Documents/Electronique/Thermonuino/main/modules/console/console.ino:340
  if (setpoint <= 0 || measured >= setpoint - HEATING_HYSTERESIS_DECI_C) {
    return 0;
  }

  const uint16_t deltaDeciC = (uint16_t)(setpoint - measured);
  uint16_t requestedPowerVa = deltaDeciC * REQUEST_POWER_PER_DECI_C_VA;
     bf4:	f4 eb       	ldi	r31, 0xB4	; 180
     bf6:	ff 2e       	mov	r15, r31
_Z22recomputeZoneWorkloadsv():
/Users/leyry/Documents/Electronique/Thermonuino/main/modules/console/console.ino:348
  return workloadFromRequestedPower(requestedPowerVa, installedPowerForZone(zone));
}

void recomputeZoneWorkloads() {
  for (uint8_t i = 0; i < PILOTE_ZONE_COUNT; i++) {
    zones[i].workload = computeRegulatedWorkloadForZone(i + 1);
     bf8:	1f 5f       	subi	r17, 0xFF	; 255
computeRegulatedWorkloadForZone():
/Users/leyry/Documents/Electronique/Thermonuino/main/modules/console/console.ino:329
  const uint32_t scaled = (uint32_t)requestedPowerVa * 255UL + installedPowerVa / 2;
  return (uint8_t)min<uint32_t>(255UL, scaled / installedPowerVa);
}

uint8_t computeRegulatedWorkloadForZone(uint8_t zone) {
  if (zone < 1 || zone > PILOTE_ZONE_COUNT || stableMode == MODE_STOP || doorOpenForZone(zone)) {
     bfa:	00 91 81 02 	lds	r16, 0x0281	; 0x800281 <stableMode>
     bfe:	05 30       	cpi	r16, 0x05	; 5
     c00:	09 f4       	brne	.+2      	; 0xc04 <recomputeZoneWorkloads()+0x20>
     c02:	62 c0       	rjmp	.+196    	; 0xcc8 <recomputeZoneWorkloads()+0xe4>
     c04:	8b 85       	ldd	r24, Y+11	; 0x0b
     c06:	81 11       	cpse	r24, r1
     c08:	5f c0       	rjmp	.+190    	; 0xcc8 <recomputeZoneWorkloads()+0xe4>
/Users/leyry/Documents/Electronique/Thermonuino/main/modules/console/console.ino:333
    return 0;
  }

  const int16_t setpoint = currentSetpointForZone(zone);
     c0a:	81 2f       	mov	r24, r17
     c0c:	0e 94 c7 05 	call	0xb8e	; 0xb8e <currentSetpointForZone(unsigned char)>
measuredTempForZone():
/Users/leyry/Documents/Electronique/Thermonuino/main/modules/console/console.ino:266
int16_t measuredTempForZone(uint8_t zone) {
  if (zone < 1 || zone > PILOTE_ZONE_COUNT) {
    return FALLBACK_MEASURED_TEMP_DECI_C;
  }
  const ZoneState &state = zones[zone - 1];
  return state.hasTemperature ? state.measuredTempDeciC : FALLBACK_MEASURED_TEMP_DECI_C;
     c10:	29 85       	ldd	r18, Y+9	; 0x09
     c12:	22 23       	and	r18, r18
     c14:	09 f4       	brne	.+2      	; 0xc18 <recomputeZoneWorkloads()+0x34>
     c16:	55 c0       	rjmp	.+170    	; 0xcc2 <recomputeZoneWorkloads()+0xde>
     c18:	2f 81       	ldd	r18, Y+7	; 0x07
     c1a:	38 85       	ldd	r19, Y+8	; 0x08
computeRegulatedWorkloadForZone():
/Users/leyry/Documents/Electronique/Thermonuino/main/modules/console/console.ino:335
    return 0;
  }

  const int16_t setpoint = currentSetpointForZone(zone);
  const int16_t measured = measuredTempForZone(zone);
  if (setpoint <= 0 || measured >= setpoint - HEATING_HYSTERESIS_DECI_C) {
     c1c:	18 16       	cp	r1, r24
     c1e:	19 06       	cpc	r1, r25
     c20:	0c f0       	brlt	.+2      	; 0xc24 <recomputeZoneWorkloads()+0x40>
     c22:	52 c0       	rjmp	.+164    	; 0xcc8 <recomputeZoneWorkloads()+0xe4>
     c24:	ac 01       	movw	r20, r24
     c26:	42 50       	subi	r20, 0x02	; 2
     c28:	51 09       	sbc	r21, r1
     c2a:	24 17       	cp	r18, r20
     c2c:	35 07       	cpc	r19, r21
     c2e:	0c f0       	brlt	.+2      	; 0xc32 <recomputeZoneWorkloads()+0x4e>
     c30:	4b c0       	rjmp	.+150    	; 0xcc8 <recomputeZoneWorkloads()+0xe4>
/Users/leyry/Documents/Electronique/Thermonuino/main/modules/console/console.ino:339
    return 0;
  }

  const uint16_t deltaDeciC = (uint16_t)(setpoint - measured);
     c32:	82 1b       	sub	r24, r18
     c34:	93 0b       	sbc	r25, r19
/Users/leyry/Documents/Electronique/Thermonuino/main/modules/console/console.ino:340
  uint16_t requestedPowerVa = deltaDeciC * REQUEST_POWER_PER_DECI_C_VA;
     c36:	f8 9e       	mul	r15, r24
     c38:	90 01       	movw	r18, r0
     c3a:	f9 9e       	mul	r15, r25
     c3c:	30 0d       	add	r19, r0
     c3e:	11 24       	eor	r1, r1
     c40:	2c 32       	cpi	r18, 0x2C	; 44
     c42:	81 e0       	ldi	r24, 0x01	; 1
     c44:	38 07       	cpc	r19, r24
     c46:	10 f4       	brcc	.+4      	; 0xc4c <recomputeZoneWorkloads()+0x68>
     c48:	2c e2       	ldi	r18, 0x2C	; 44
     c4a:	31 e0       	ldi	r19, 0x01	; 1
     c4c:	21 37       	cpi	r18, 0x71	; 113
     c4e:	87 e1       	ldi	r24, 0x17	; 23
     c50:	38 07       	cpc	r19, r24
     c52:	10 f0       	brcs	.+4      	; 0xc58 <recomputeZoneWorkloads()+0x74>
     c54:	20 e7       	ldi	r18, 0x70	; 112
     c56:	37 e1       	ldi	r19, 0x17	; 23
installedPowerForZone():
/Users/leyry/Documents/Electronique/Thermonuino/main/modules/console/console.ino:273

uint16_t installedPowerForZone(uint8_t zone) {
  if (zone < 1 || zone > PILOTE_ZONE_COUNT) {
    return FALLBACK_ZONE_POWER_VA;
  }
  return zones[zone - 1].powerVa > 0 ? zones[zone - 1].powerVa : FALLBACK_ZONE_POWER_VA;
     c58:	49 81       	ldd	r20, Y+1	; 0x01
     c5a:	5a 81       	ldd	r21, Y+2	; 0x02
     c5c:	41 15       	cp	r20, r1
     c5e:	51 05       	cpc	r21, r1
     c60:	11 f4       	brne	.+4      	; 0xc66 <recomputeZoneWorkloads()+0x82>
_Z22recomputeZoneWorkloadsv():
     c62:	4c ed       	ldi	r20, 0xDC	; 220
     c64:	55 e0       	ldi	r21, 0x05	; 5
workloadFromRequestedPower():
/Users/leyry/Documents/Electronique/Thermonuino/main/modules/console/console.ino:324
    return 0;
  }
  if (installedPowerVa == 0) {
    return 255;
  }
  const uint32_t scaled = (uint32_t)requestedPowerVa * 255UL + installedPowerVa / 2;
     c66:	af ef       	ldi	r26, 0xFF	; 255
     c68:	b0 e0       	ldi	r27, 0x00	; 0
     c6a:	0e 94 2c 14 	call	0x2858	; 0x2858 <__umulhisi3>
     c6e:	9a 01       	movw	r18, r20
     c70:	36 95       	lsr	r19
     c72:	27 95       	ror	r18
     c74:	62 0f       	add	r22, r18
     c76:	73 1f       	adc	r23, r19
     c78:	81 1d       	adc	r24, r1
     c7a:	91 1d       	adc	r25, r1
/Users/leyry/Documents/Electronique/Thermonuino/main/modules/console/console.ino:325
  return (uint8_t)min<uint32_t>(255UL, scaled / installedPowerVa);
     c7c:	9a 01       	movw	r18, r20
     c7e:	50 e0       	ldi	r21, 0x00	; 0
     c80:	40 e0       	ldi	r20, 0x00	; 0
     c82:	0e 94 0a 14 	call	0x2814	; 0x2814 <__udivmodsi4>
_Z3minImmEDTqultfp0_fp_fp0_fp_ERKT_RKT0_():
/Users/leyry/Library/Arduino15/packages/MiniCore/hardware/avr/3.1.1/cores/MCUdude_corefiles/Arduino.h:315
		return x > 0 ? x : -x;
	}

	template<class T, class L>
	auto min(const T& a, const L& b) -> decltype((b < a) ? b : a) {
		return (b < a) ? b : a;
     c86:	2f 3f       	cpi	r18, 0xFF	; 255
     c88:	31 05       	cpc	r19, r1
     c8a:	41 05       	cpc	r20, r1
     c8c:	51 05       	cpc	r21, r1
     c8e:	20 f0       	brcs	.+8      	; 0xc98 <recomputeZoneWorkloads()+0xb4>
_Z22recomputeZoneWorkloadsv():
     c90:	2f ef       	ldi	r18, 0xFF	; 255
     c92:	30 e0       	ldi	r19, 0x00	; 0
     c94:	40 e0       	ldi	r20, 0x00	; 0
     c96:	50 e0       	ldi	r21, 0x00	; 0
/Users/leyry/Documents/Electronique/Thermonuino/main/modules/console/console.ino:348
  return workloadFromRequestedPower(requestedPowerVa, installedPowerForZone(zone));
}

void recomputeZoneWorkloads() {
  for (uint8_t i = 0; i < PILOTE_ZONE_COUNT; i++) {
    zones[i].workload = computeRegulatedWorkloadForZone(i + 1);
     c98:	28 83       	st	Y, r18
     c9a:	60 96       	adiw	r28, 0x10	; 16
/Users/leyry/Documents/Electronique/Thermonuino/main/modules/console/console.ino:347
  requestedPowerVa = min<uint16_t>(MAX_REQUEST_POWER_VA, requestedPowerVa);
  return workloadFromRequestedPower(requestedPowerVa, installedPowerForZone(zone));
}

void recomputeZoneWorkloads() {
  for (uint8_t i = 0; i < PILOTE_ZONE_COUNT; i++) {
     c9c:	14 30       	cpi	r17, 0x04	; 4
     c9e:	09 f0       	breq	.+2      	; 0xca2 <recomputeZoneWorkloads()+0xbe>
     ca0:	ab cf       	rjmp	.-170    	; 0xbf8 <recomputeZoneWorkloads()+0x14>
/Users/leyry/Documents/Electronique/Thermonuino/main/modules/console/console.ino:351
    zones[i].workload = computeRegulatedWorkloadForZone(i + 1);
  }

  if (stableMode == MODE_STOP) {
     ca2:	05 30       	cpi	r16, 0x05	; 5
     ca4:	41 f4       	brne	.+16     	; 0xcb6 <recomputeZoneWorkloads()+0xd2>
/Users/leyry/Documents/Electronique/Thermonuino/main/modules/console/console.ino:353
    for (uint8_t i = 0; i < PILOTE_ZONE_COUNT; i++) {
      zones[i].workload = 0;
     ca6:	10 92 30 02 	sts	0x0230, r1	; 0x800230 <zones>
     caa:	10 92 40 02 	sts	0x0240, r1	; 0x800240 <zones+0x10>
     cae:	10 92 50 02 	sts	0x0250, r1	; 0x800250 <zones+0x20>
     cb2:	10 92 60 02 	sts	0x0260, r1	; 0x800260 <zones+0x30>
/Users/leyry/Documents/Electronique/Thermonuino/main/modules/console/console.ino:358
    }
    return;
  }

}
     cb6:	df 91       	pop	r29
     cb8:	cf 91       	pop	r28
     cba:	1f 91       	pop	r17
     cbc:	0f 91       	pop	r16
     cbe:	ff 90       	pop	r15
     cc0:	08 95       	ret
/Users/leyry/Documents/Electronique/Thermonuino/main/modules/console/console.ino:266
int16_t measuredTempForZone(uint8_t zone) {
  if (zone < 1 || zone > PILOTE_ZONE_COUNT) {
    return FALLBACK_MEASURED_TEMP_DECI_C;
  }
  const ZoneState &state = zones[zone - 1];
  return state.hasTemperature ? state.measuredTempDeciC : FALLBACK_MEASURED_TEMP_DECI_C;
     cc2:	24 eb       	ldi	r18, 0xB4	; 180
     cc4:	30 e0       	ldi	r19, 0x00	; 0
     cc6:	aa cf       	rjmp	.-172    	; 0xc1c <recomputeZoneWorkloads()+0x38>
/Users/leyry/Documents/Electronique/Thermonuino/main/modules/console/console.ino:330
  return (uint8_t)min<uint32_t>(255UL, scaled / installedPowerVa);
}

uint8_t computeRegulatedWorkloadForZone(uint8_t zone) {
  if (zone < 1 || zone > PILOTE_ZONE_COUNT || stableMode == MODE_STOP || doorOpenForZone(zone)) {
    return 0;
     cc8:	20 e0       	ldi	r18, 0x00	; 0
     cca:	e6 cf       	rjmp	.-52     	; 0xc98 <recomputeZoneWorkloads()+0xb4>

00000ccc <setPixel(unsigned char, unsigned long)>:
_Z8setPixelhm():
/Users/leyry/Documents/Electronique/Thermonuino/main/modules/console/console.ino:195

uint32_t rgb(uint8_t red, uint8_t green, uint8_t blue) {
  return leds.Color(red, green, blue);
}

void setPixel(uint8_t index, uint32_t color) {
     ccc:	8f 92       	push	r8
     cce:	9f 92       	push	r9
     cd0:	af 92       	push	r10
     cd2:	bf 92       	push	r11
     cd4:	cf 92       	push	r12
     cd6:	df 92       	push	r13
     cd8:	ef 92       	push	r14
     cda:	ff 92       	push	r15
     cdc:	1f 93       	push	r17
     cde:	cf 93       	push	r28
     ce0:	df 93       	push	r29
     ce2:	38 2f       	mov	r19, r24
/Users/leyry/Documents/Electronique/Thermonuino/main/modules/console/console.ino:196
  leds.setPixelColor(index, color);
     ce4:	a8 2f       	mov	r26, r24
     ce6:	b0 e0       	ldi	r27, 0x00	; 0
setPixelColor():
/Users/leyry/Documents/Arduino/libraries/Adafruit_NeoPixel/Adafruit_NeoPixel.cpp:3384
  @param   c  32-bit color value. Most significant byte is white (for RGBW
              pixels) or ignored (for RGB pixels), next is red, then green,
              and least significant byte is blue.
*/
void Adafruit_NeoPixel::setPixelColor(uint16_t n, uint32_t c) {
  if (n < numLEDs) {
     ce8:	80 91 31 03 	lds	r24, 0x0331	; 0x800331 <leds+0x2>
     cec:	90 91 32 03 	lds	r25, 0x0332	; 0x800332 <leds+0x3>
     cf0:	a8 17       	cp	r26, r24
     cf2:	b9 07       	cpc	r27, r25
     cf4:	d8 f5       	brcc	.+118    	; 0xd6c <setPixel(unsigned char, unsigned long)+0xa0>
/Users/leyry/Documents/Arduino/libraries/Adafruit_NeoPixel/Adafruit_NeoPixel.cpp:3385
    uint8_t *p, r = (uint8_t)(c >> 16), g = (uint8_t)(c >> 8), b = (uint8_t)c;
     cf6:	4b 01       	movw	r8, r22
     cf8:	aa 24       	eor	r10, r10
     cfa:	bb 24       	eor	r11, r11
     cfc:	18 2d       	mov	r17, r8
     cfe:	c5 2e       	mov	r12, r21
     d00:	d6 2e       	mov	r13, r22
     d02:	e7 2e       	mov	r14, r23
     d04:	ff 24       	eor	r15, r15
     d06:	dc 2d       	mov	r29, r12
     d08:	c4 2f       	mov	r28, r20
/Users/leyry/Documents/Arduino/libraries/Adafruit_NeoPixel/Adafruit_NeoPixel.cpp:3386
    if (brightness) { // See notes in setBrightness()
     d0a:	20 91 37 03 	lds	r18, 0x0337	; 0x800337 <leds+0x8>
     d0e:	22 23       	and	r18, r18
     d10:	61 f0       	breq	.+24     	; 0xd2a <setPixel(unsigned char, unsigned long)+0x5e>
/Users/leyry/Documents/Arduino/libraries/Adafruit_NeoPixel/Adafruit_NeoPixel.cpp:3387
      r = (r * brightness) >> 8;
     d12:	82 9e       	mul	r8, r18
     d14:	40 01       	movw	r8, r0
     d16:	11 24       	eor	r1, r1
     d18:	19 2d       	mov	r17, r9
/Users/leyry/Documents/Arduino/libraries/Adafruit_NeoPixel/Adafruit_NeoPixel.cpp:3388
      g = (g * brightness) >> 8;
     d1a:	2c 9d       	mul	r18, r12
     d1c:	60 01       	movw	r12, r0
     d1e:	11 24       	eor	r1, r1
     d20:	dd 2d       	mov	r29, r13
/Users/leyry/Documents/Arduino/libraries/Adafruit_NeoPixel/Adafruit_NeoPixel.cpp:3389
      b = (b * brightness) >> 8;
     d22:	24 9f       	mul	r18, r20
     d24:	c0 01       	movw	r24, r0
     d26:	11 24       	eor	r1, r1
     d28:	c9 2f       	mov	r28, r25
/Users/leyry/Documents/Arduino/libraries/Adafruit_NeoPixel/Adafruit_NeoPixel.cpp:3391
    }
    if (wOffset == rOffset) {
     d2a:	e0 91 3d 03 	lds	r30, 0x033D	; 0x80033d <leds+0xe>
     d2e:	80 91 38 03 	lds	r24, 0x0338	; 0x800338 <leds+0x9>
     d32:	90 91 39 03 	lds	r25, 0x0339	; 0x800339 <leds+0xa>
     d36:	f0 91 3a 03 	lds	r31, 0x033A	; 0x80033a <leds+0xb>
     d3a:	ef 13       	cpse	r30, r31
     d3c:	23 c0       	rjmp	.+70     	; 0xd84 <setPixel(unsigned char, unsigned long)+0xb8>
/Users/leyry/Documents/Arduino/libraries/Adafruit_NeoPixel/Adafruit_NeoPixel.cpp:3392
      p = &pixels[n * 3];
     d3e:	23 e0       	ldi	r18, 0x03	; 3
     d40:	32 9f       	mul	r19, r18
     d42:	80 0d       	add	r24, r0
     d44:	91 1d       	adc	r25, r1
     d46:	11 24       	eor	r1, r1
/Users/leyry/Documents/Arduino/libraries/Adafruit_NeoPixel/Adafruit_NeoPixel.cpp:3398
    } else {
      p = &pixels[n * 4];
      uint8_t w = (uint8_t)(c >> 24);
      p[wOffset] = brightness ? ((w * brightness) >> 8) : w;
    }
    p[rOffset] = r;
     d48:	e0 91 3a 03 	lds	r30, 0x033A	; 0x80033a <leds+0xb>
     d4c:	e8 0f       	add	r30, r24
     d4e:	f9 2f       	mov	r31, r25
     d50:	f1 1d       	adc	r31, r1
     d52:	10 83       	st	Z, r17
/Users/leyry/Documents/Arduino/libraries/Adafruit_NeoPixel/Adafruit_NeoPixel.cpp:3399
    p[gOffset] = g;
     d54:	e0 91 3b 03 	lds	r30, 0x033B	; 0x80033b <leds+0xc>
     d58:	e8 0f       	add	r30, r24
     d5a:	f9 2f       	mov	r31, r25
     d5c:	f1 1d       	adc	r31, r1
     d5e:	d0 83       	st	Z, r29
/Users/leyry/Documents/Arduino/libraries/Adafruit_NeoPixel/Adafruit_NeoPixel.cpp:3400
    p[bOffset] = b;
     d60:	20 91 3c 03 	lds	r18, 0x033C	; 0x80033c <leds+0xd>
     d64:	82 0f       	add	r24, r18
     d66:	91 1d       	adc	r25, r1
     d68:	fc 01       	movw	r30, r24
     d6a:	c0 83       	st	Z, r28
_Z8setPixelhm():
/Users/leyry/Documents/Electronique/Thermonuino/main/modules/console/console.ino:197
}
     d6c:	df 91       	pop	r29
     d6e:	cf 91       	pop	r28
     d70:	1f 91       	pop	r17
     d72:	ff 90       	pop	r15
     d74:	ef 90       	pop	r14
     d76:	df 90       	pop	r13
     d78:	cf 90       	pop	r12
     d7a:	bf 90       	pop	r11
     d7c:	af 90       	pop	r10
     d7e:	9f 90       	pop	r9
     d80:	8f 90       	pop	r8
     d82:	08 95       	ret
setPixelColor():
/Users/leyry/Documents/Arduino/libraries/Adafruit_NeoPixel/Adafruit_NeoPixel.cpp:3394
      b = (b * brightness) >> 8;
    }
    if (wOffset == rOffset) {
      p = &pixels[n * 3];
    } else {
      p = &pixels[n * 4];
     d84:	aa 0f       	add	r26, r26
     d86:	bb 1f       	adc	r27, r27
     d88:	aa 0f       	add	r26, r26
     d8a:	bb 1f       	adc	r27, r27
     d8c:	8a 0f       	add	r24, r26
     d8e:	9b 1f       	adc	r25, r27
/Users/leyry/Documents/Arduino/libraries/Adafruit_NeoPixel/Adafruit_NeoPixel.cpp:3395
      uint8_t w = (uint8_t)(c >> 24);
     d90:	47 2f       	mov	r20, r23
     d92:	55 27       	eor	r21, r21
     d94:	66 27       	eor	r22, r22
     d96:	77 27       	eor	r23, r23
/Users/leyry/Documents/Arduino/libraries/Adafruit_NeoPixel/Adafruit_NeoPixel.cpp:3396
      p[wOffset] = brightness ? ((w * brightness) >> 8) : w;
     d98:	22 23       	and	r18, r18
     d9a:	49 f0       	breq	.+18     	; 0xdae <setPixel(unsigned char, unsigned long)+0xe2>
     d9c:	30 e0       	ldi	r19, 0x00	; 0
     d9e:	24 9f       	mul	r18, r20
     da0:	d0 01       	movw	r26, r0
     da2:	25 9f       	mul	r18, r21
     da4:	b0 0d       	add	r27, r0
     da6:	34 9f       	mul	r19, r20
     da8:	b0 0d       	add	r27, r0
     daa:	11 24       	eor	r1, r1
     dac:	4b 2f       	mov	r20, r27
     dae:	e8 0f       	add	r30, r24
     db0:	f9 2f       	mov	r31, r25
     db2:	f1 1d       	adc	r31, r1
     db4:	40 83       	st	Z, r20
     db6:	c8 cf       	rjmp	.-112    	; 0xd48 <setPixel(unsigned char, unsigned long)+0x7c>

00000db8 <clearAllLeds()>:
_Z12clearAllLedsv():
/Users/leyry/Documents/Electronique/Thermonuino/main/modules/console/console.ino:199

void clearAllLeds() {
     db8:	cf 93       	push	r28
/Users/leyry/Documents/Electronique/Thermonuino/main/modules/console/console.ino:200
  for (uint8_t i = 0; i < LED_COUNT; i++) {
     dba:	c0 e0       	ldi	r28, 0x00	; 0
/Users/leyry/Documents/Electronique/Thermonuino/main/modules/console/console.ino:201
    setPixel(i, rgb(0, 0, 0));
     dbc:	40 e0       	ldi	r20, 0x00	; 0
     dbe:	50 e0       	ldi	r21, 0x00	; 0
     dc0:	ba 01       	movw	r22, r20
     dc2:	8c 2f       	mov	r24, r28
     dc4:	0e 94 66 06 	call	0xccc	; 0xccc <setPixel(unsigned char, unsigned long)>
/Users/leyry/Documents/Electronique/Thermonuino/main/modules/console/console.ino:200
void setPixel(uint8_t index, uint32_t color) {
  leds.setPixelColor(index, color);
}

void clearAllLeds() {
  for (uint8_t i = 0; i < LED_COUNT; i++) {
     dc8:	cf 5f       	subi	r28, 0xFF	; 255
     dca:	c6 30       	cpi	r28, 0x06	; 6
     dcc:	b9 f7       	brne	.-18     	; 0xdbc <clearAllLeds()+0x4>
/Users/leyry/Documents/Electronique/Thermonuino/main/modules/console/console.ino:203
    setPixel(i, rgb(0, 0, 0));
  }
}
     dce:	cf 91       	pop	r28
     dd0:	08 95       	ret

00000dd2 <SPIClass::beginTransaction(SPISettings)>:
_ZN8SPIClass16beginTransactionE11SPISettings():
/Users/leyry/Library/Arduino15/packages/MiniCore/hardware/avr/3.1.1/libraries/SPI/src/SPI.h:206
      digitalWrite(SPI_TRANSACTION_MISMATCH_LED, HIGH);
    }
    inTransactionFlag = 1;
    #endif

    SPCR = settings.spcr;
     dd2:	8c bd       	out	0x2c, r24	; 44
/Users/leyry/Library/Arduino15/packages/MiniCore/hardware/avr/3.1.1/libraries/SPI/src/SPI.h:207
    SPSR = settings.spsr;
     dd4:	9d bd       	out	0x2d, r25	; 45
/Users/leyry/Library/Arduino15/packages/MiniCore/hardware/avr/3.1.1/libraries/SPI/src/SPI.h:208
  }
     dd6:	08 95       	ret

00000dd8 <Print::printNumber(unsigned long, unsigned char) [clone .constprop.19]>:
_ZN5Print11printNumberEmh.constprop.19():
/Users/leyry/Library/Arduino15/packages/MiniCore/hardware/avr/3.1.1/cores/MCUdude_corefiles/Print.cpp:232
  return vfprintf_P(&f, (const char *)format, ap);
}

// Private Methods /////////////////////////////////////////////////////////////

size_t Print::printNumber(unsigned long n, uint8_t base)
     dd8:	8f 92       	push	r8
     dda:	9f 92       	push	r9
     ddc:	af 92       	push	r10
     dde:	bf 92       	push	r11
     de0:	0f 93       	push	r16
     de2:	1f 93       	push	r17
     de4:	cf 93       	push	r28
     de6:	df 93       	push	r29
     de8:	cd b7       	in	r28, 0x3d	; 61
     dea:	de b7       	in	r29, 0x3e	; 62
     dec:	a1 97       	sbiw	r28, 0x21	; 33
     dee:	0f b6       	in	r0, 0x3f	; 63
     df0:	f8 94       	cli
     df2:	de bf       	out	0x3e, r29	; 62
     df4:	0f be       	out	0x3f, r0	; 63
     df6:	cd bf       	out	0x3d, r28	; 61
/Users/leyry/Library/Arduino15/packages/MiniCore/hardware/avr/3.1.1/cores/MCUdude_corefiles/Print.cpp:237
{
  char buf[8 * sizeof(long) + 1]; // Assumes 8-bit chars plus zero byte.
  char *str = &buf[sizeof(buf) - 1];

  *str = '\0';
     df8:	19 a2       	std	Y+33, r1	; 0x21
/Users/leyry/Library/Arduino15/packages/MiniCore/hardware/avr/3.1.1/cores/MCUdude_corefiles/Print.cpp:240

  // prevent crash if called with base == 1
  if (base < 2) base = 10;
     dfa:	42 30       	cpi	r20, 0x02	; 2
     dfc:	08 f4       	brcc	.+2      	; 0xe00 <Print::printNumber(unsigned long, unsigned char) [clone .constprop.19]+0x28>
     dfe:	4a e0       	ldi	r20, 0x0A	; 10
     e00:	8e 01       	movw	r16, r28
     e02:	0f 5d       	subi	r16, 0xDF	; 223
     e04:	1f 4f       	sbci	r17, 0xFF	; 255
/Users/leyry/Library/Arduino15/packages/MiniCore/hardware/avr/3.1.1/cores/MCUdude_corefiles/Print.cpp:243

  do {
    char c = n % base;
     e06:	84 2e       	mov	r8, r20
     e08:	91 2c       	mov	r9, r1
     e0a:	b1 2c       	mov	r11, r1
     e0c:	a1 2c       	mov	r10, r1
     e0e:	a5 01       	movw	r20, r10
     e10:	94 01       	movw	r18, r8
     e12:	0e 94 0a 14 	call	0x2814	; 0x2814 <__udivmodsi4>
     e16:	e6 2f       	mov	r30, r22
/Users/leyry/Library/Arduino15/packages/MiniCore/hardware/avr/3.1.1/cores/MCUdude_corefiles/Print.cpp:244
    n /= base;
     e18:	b9 01       	movw	r22, r18
     e1a:	ca 01       	movw	r24, r20
/Users/leyry/Library/Arduino15/packages/MiniCore/hardware/avr/3.1.1/cores/MCUdude_corefiles/Print.cpp:246

    *--str = c < 10 ? c + '0' : c + 'A' - 10;
     e1c:	ea 30       	cpi	r30, 0x0A	; 10
     e1e:	44 f5       	brge	.+80     	; 0xe70 <Print::printNumber(unsigned long, unsigned char) [clone .constprop.19]+0x98>
     e20:	e0 5d       	subi	r30, 0xD0	; 208
     e22:	d8 01       	movw	r26, r16
     e24:	ee 93       	st	-X, r30
     e26:	8d 01       	movw	r16, r26
/Users/leyry/Library/Arduino15/packages/MiniCore/hardware/avr/3.1.1/cores/MCUdude_corefiles/Print.cpp:247
  } while(n);
     e28:	23 2b       	or	r18, r19
     e2a:	24 2b       	or	r18, r20
     e2c:	25 2b       	or	r18, r21
     e2e:	79 f7       	brne	.-34     	; 0xe0e <Print::printNumber(unsigned long, unsigned char) [clone .constprop.19]+0x36>
/Users/leyry/Library/Arduino15/packages/MiniCore/hardware/avr/3.1.1/cores/MCUdude_corefiles/Print.h:53
    int getWriteError() { return write_error; }
    void clearWriteError() { setWriteError(0); }

    virtual size_t write(uint8_t) = 0;
    size_t write(const char *str) {
      if (str == NULL) return 0;
     e30:	90 e0       	ldi	r25, 0x00	; 0
     e32:	80 e0       	ldi	r24, 0x00	; 0
write():
     e34:	10 97       	sbiw	r26, 0x00	; 0
     e36:	69 f0       	breq	.+26     	; 0xe52 <Print::printNumber(unsigned long, unsigned char) [clone .constprop.19]+0x7a>
/Users/leyry/Library/Arduino15/packages/MiniCore/hardware/avr/3.1.1/cores/MCUdude_corefiles/Print.h:54
      return write((const uint8_t *)str, strlen(str));
     e38:	fd 01       	movw	r30, r26
     e3a:	01 90       	ld	r0, Z+
     e3c:	00 20       	and	r0, r0
     e3e:	e9 f7       	brne	.-6      	; 0xe3a <Print::printNumber(unsigned long, unsigned char) [clone .constprop.19]+0x62>
     e40:	31 97       	sbiw	r30, 0x01	; 1
     e42:	af 01       	movw	r20, r30
     e44:	4a 1b       	sub	r20, r26
     e46:	5b 0b       	sbc	r21, r27
     e48:	bd 01       	movw	r22, r26
     e4a:	8b e8       	ldi	r24, 0x8B	; 139
     e4c:	92 e0       	ldi	r25, 0x02	; 2
     e4e:	0e 94 bb 03 	call	0x776	; 0x776 <Print::write(unsigned char const*, unsigned int)>
_ZN5Print11printNumberEmh.constprop.19():
/Users/leyry/Library/Arduino15/packages/MiniCore/hardware/avr/3.1.1/cores/MCUdude_corefiles/Print.cpp:250

  return write(str);
}
     e52:	a1 96       	adiw	r28, 0x21	; 33
     e54:	0f b6       	in	r0, 0x3f	; 63
     e56:	f8 94       	cli
     e58:	de bf       	out	0x3e, r29	; 62
     e5a:	0f be       	out	0x3f, r0	; 63
     e5c:	cd bf       	out	0x3d, r28	; 61
     e5e:	df 91       	pop	r29
     e60:	cf 91       	pop	r28
     e62:	1f 91       	pop	r17
     e64:	0f 91       	pop	r16
     e66:	bf 90       	pop	r11
     e68:	af 90       	pop	r10
     e6a:	9f 90       	pop	r9
     e6c:	8f 90       	pop	r8
     e6e:	08 95       	ret
/Users/leyry/Library/Arduino15/packages/MiniCore/hardware/avr/3.1.1/cores/MCUdude_corefiles/Print.cpp:246

  do {
    char c = n % base;
    n /= base;

    *--str = c < 10 ? c + '0' : c + 'A' - 10;
     e70:	e9 5c       	subi	r30, 0xC9	; 201
     e72:	d7 cf       	rjmp	.-82     	; 0xe22 <Print::printNumber(unsigned long, unsigned char) [clone .constprop.19]+0x4a>

00000e74 <sendPiloteSet()>:
_Z13sendPiloteSetv():
/Users/leyry/Documents/Electronique/Thermonuino/main/modules/console/console.ino:719
    default:
      return rgb(255, 255, 255);
  }
}

void sendPiloteSet() {
     e74:	cf 93       	push	r28
     e76:	df 93       	push	r29
     e78:	c8 e6       	ldi	r28, 0x68	; 104
     e7a:	d0 e0       	ldi	r29, 0x00	; 0
print():
/Users/leyry/Library/Arduino15/packages/MiniCore/hardware/avr/3.1.1/cores/MCUdude_corefiles/Print.cpp:49
size_t Print::print(const __FlashStringHelper *ifsh)
{
  PGM_P p = reinterpret_cast<PGM_P>(ifsh);
  size_t n = 0;
  while (1) {
    unsigned char c = pgm_read_byte(p++);
     e7c:	fe 01       	movw	r30, r28
     e7e:	64 91       	lpm	r22, Z
/Users/leyry/Library/Arduino15/packages/MiniCore/hardware/avr/3.1.1/cores/MCUdude_corefiles/Print.cpp:50
    if (c == 0) break;
     e80:	66 23       	and	r22, r22
     e82:	39 f0       	breq	.+14     	; 0xe92 <sendPiloteSet()+0x1e>
/Users/leyry/Library/Arduino15/packages/MiniCore/hardware/avr/3.1.1/cores/MCUdude_corefiles/Print.cpp:51
    if (write(c)) n++;
     e84:	8b e8       	ldi	r24, 0x8B	; 139
     e86:	92 e0       	ldi	r25, 0x02	; 2
     e88:	0e 94 5b 04 	call	0x8b6	; 0x8b6 <HardwareSerial::write(unsigned char)>
     e8c:	21 96       	adiw	r28, 0x01	; 1
     e8e:	89 2b       	or	r24, r25
     e90:	a9 f7       	brne	.-22     	; 0xe7c <sendPiloteSet()+0x8>
/Users/leyry/Library/Arduino15/packages/MiniCore/hardware/avr/3.1.1/cores/MCUdude_corefiles/Print.cpp:106
}

size_t Print::print(unsigned long n, int base)
{
  if (base == 0) return write(n);
  else return printNumber(n, base);
     e92:	4a e0       	ldi	r20, 0x0A	; 10
     e94:	6e e1       	ldi	r22, 0x1E	; 30
     e96:	70 e0       	ldi	r23, 0x00	; 0
     e98:	80 e0       	ldi	r24, 0x00	; 0
     e9a:	90 e0       	ldi	r25, 0x00	; 0
     e9c:	0e 94 ec 06 	call	0xdd8	; 0xdd8 <Print::printNumber(unsigned long, unsigned char) [clone .constprop.19]>
     ea0:	c0 e3       	ldi	r28, 0x30	; 48
     ea2:	d2 e0       	ldi	r29, 0x02	; 2
/Users/leyry/Library/Arduino15/packages/MiniCore/hardware/avr/3.1.1/cores/MCUdude_corefiles/Print.cpp:69
  return write(str);
}

size_t Print::print(char c)
{
  return write(c);
     ea4:	60 e2       	ldi	r22, 0x20	; 32
     ea6:	8b e8       	ldi	r24, 0x8B	; 139
     ea8:	92 e0       	ldi	r25, 0x02	; 2
     eaa:	0e 94 5b 04 	call	0x8b6	; 0x8b6 <HardwareSerial::write(unsigned char)>
workloadForZone():
/Users/leyry/Documents/Electronique/Thermonuino/main/modules/console/console.ino:230

uint8_t workloadForZone(uint8_t zone) {
  if (zone < 1 || zone > PILOTE_ZONE_COUNT) {
    return 0;
  }
  return zones[zone - 1].doorOpen ? 0 : zones[zone - 1].workload;
     eae:	8b 85       	ldd	r24, Y+11	; 0x0b
_Z13sendPiloteSetv():
     eb0:	60 e0       	ldi	r22, 0x00	; 0
workloadForZone():
     eb2:	81 11       	cpse	r24, r1
     eb4:	01 c0       	rjmp	.+2      	; 0xeb8 <sendPiloteSet()+0x44>
     eb6:	68 81       	ld	r22, Y
print():
/Users/leyry/Library/Arduino15/packages/MiniCore/hardware/avr/3.1.1/cores/MCUdude_corefiles/Print.cpp:74
}

size_t Print::print(unsigned char b, int base)
{
  return print((unsigned long) b, base);
     eb8:	70 e0       	ldi	r23, 0x00	; 0
     eba:	90 e0       	ldi	r25, 0x00	; 0
     ebc:	80 e0       	ldi	r24, 0x00	; 0
/Users/leyry/Library/Arduino15/packages/MiniCore/hardware/avr/3.1.1/cores/MCUdude_corefiles/Print.cpp:106
}

size_t Print::print(unsigned long n, int base)
{
  if (base == 0) return write(n);
  else return printNumber(n, base);
     ebe:	4a e0       	ldi	r20, 0x0A	; 10
     ec0:	0e 94 ec 06 	call	0xdd8	; 0xdd8 <Print::printNumber(unsigned long, unsigned char) [clone .constprop.19]>
     ec4:	60 96       	adiw	r28, 0x10	; 16
_Z13sendPiloteSetv():
/Users/leyry/Documents/Electronique/Thermonuino/main/modules/console/console.ino:722
}

void sendPiloteSet() {
  Serial.print(F("SET "));
  Serial.print(PILOTE_DEFAULT_CYCLE_MINUTES);
  for (uint8_t i = 0; i < PILOTE_ZONE_COUNT; i++) {
     ec6:	f2 e0       	ldi	r31, 0x02	; 2
     ec8:	c0 37       	cpi	r28, 0x70	; 112
     eca:	df 07       	cpc	r29, r31
     ecc:	59 f7       	brne	.-42     	; 0xea4 <sendPiloteSet()+0x30>
write():
/Users/leyry/Library/Arduino15/packages/MiniCore/hardware/avr/3.1.1/cores/MCUdude_corefiles/Print.h:54
     ece:	42 e0       	ldi	r20, 0x02	; 2
     ed0:	50 e0       	ldi	r21, 0x00	; 0
     ed2:	63 e4       	ldi	r22, 0x43	; 67
     ed4:	71 e0       	ldi	r23, 0x01	; 1
     ed6:	8b e8       	ldi	r24, 0x8B	; 139
     ed8:	92 e0       	ldi	r25, 0x02	; 2
_Z13sendPiloteSetv():
/Users/leyry/Documents/Electronique/Thermonuino/main/modules/console/console.ino:727
    Serial.print(' ');
    Serial.print(workloadForZone(i + 1));
  }
  Serial.println();
}
     eda:	df 91       	pop	r29
     edc:	cf 91       	pop	r28
write():
/Users/leyry/Library/Arduino15/packages/MiniCore/hardware/avr/3.1.1/cores/MCUdude_corefiles/Print.h:54
     ede:	0c 94 bb 03 	jmp	0x776	; 0x776 <Print::write(unsigned char const*, unsigned int)>

00000ee2 <EEPROMClass::update(int, unsigned char) [clone .isra.1] [clone .lto_priv.65]>:
_ZN11EEPROMClass6updateEih.isra.1.lto_priv.65():
/Users/leyry/Library/Arduino15/packages/MiniCore/hardware/avr/3.1.1/libraries/EEPROM/src/EEPROM.h:122

    //Basic user access methods.
    EERef operator[]( const int idx )    { return idx; }
    uint8_t read( int idx )              { return EERef( idx ); }
    void write( int idx, uint8_t val )   { (EERef( idx )) = val; }
    void update( int idx, uint8_t val )  { EERef( idx ).update( val ); }
     ee2:	1f 93       	push	r17
     ee4:	cf 93       	push	r28
     ee6:	df 93       	push	r29
     ee8:	ec 01       	movw	r28, r24
     eea:	16 2f       	mov	r17, r22
operator*():
/Users/leyry/Library/Arduino15/packages/MiniCore/hardware/avr/3.1.1/libraries/EEPROM/src/EEPROM.h:42

    EERef( const int index )
        : index( index )                 {}
    
    //Access/read members.
    uint8_t operator*() const            { return eeprom_read_byte( (uint8_t*) index ); }
     eec:	0e 94 d4 13 	call	0x27a8	; 0x27a8 <eeprom_read_byte>
update():
/Users/leyry/Library/Arduino15/packages/MiniCore/hardware/avr/3.1.1/libraries/EEPROM/src/EEPROM.h:59
    EERef &operator &=( uint8_t in )     { return *this = **this & in; }
    EERef &operator |=( uint8_t in )     { return *this = **this | in; }
    EERef &operator <<=( uint8_t in )    { return *this = **this << in; }
    EERef &operator >>=( uint8_t in )    { return *this = **this >> in; }
    
    EERef &update( uint8_t in )          { return  in != *this ? *this = in : *this; }
     ef0:	18 17       	cp	r17, r24
     ef2:	39 f0       	breq	.+14     	; 0xf02 <EEPROMClass::update(int, unsigned char) [clone .isra.1] [clone .lto_priv.65]+0x20>
_ZN5EERefaSEh():
/Users/leyry/Library/Arduino15/packages/MiniCore/hardware/avr/3.1.1/libraries/EEPROM/src/EEPROM.h:47
    uint8_t operator*() const            { return eeprom_read_byte( (uint8_t*) index ); }
    operator uint8_t() const             { return **this; }
    
    //Assignment/write members.
    EERef &operator=( const EERef &ref ) { return *this = *ref; }
    EERef &operator=( uint8_t in )       { return eeprom_write_byte( (uint8_t*) index, in ), *this;  }
     ef4:	61 2f       	mov	r22, r17
     ef6:	ce 01       	movw	r24, r28
_ZN11EEPROMClass6updateEih.isra.1.lto_priv.65():
/Users/leyry/Library/Arduino15/packages/MiniCore/hardware/avr/3.1.1/libraries/EEPROM/src/EEPROM.h:122

    //Basic user access methods.
    EERef operator[]( const int idx )    { return idx; }
    uint8_t read( int idx )              { return EERef( idx ); }
    void write( int idx, uint8_t val )   { (EERef( idx )) = val; }
    void update( int idx, uint8_t val )  { EERef( idx ).update( val ); }
     ef8:	df 91       	pop	r29
     efa:	cf 91       	pop	r28
     efc:	1f 91       	pop	r17
_ZN5EERefaSEh():
/Users/leyry/Library/Arduino15/packages/MiniCore/hardware/avr/3.1.1/libraries/EEPROM/src/EEPROM.h:47
    uint8_t operator*() const            { return eeprom_read_byte( (uint8_t*) index ); }
    operator uint8_t() const             { return **this; }
    
    //Assignment/write members.
    EERef &operator=( const EERef &ref ) { return *this = *ref; }
    EERef &operator=( uint8_t in )       { return eeprom_write_byte( (uint8_t*) index, in ), *this;  }
     efe:	0c 94 dc 13 	jmp	0x27b8	; 0x27b8 <eeprom_write_byte>
_ZN11EEPROMClass6updateEih.isra.1.lto_priv.65():
/Users/leyry/Library/Arduino15/packages/MiniCore/hardware/avr/3.1.1/libraries/EEPROM/src/EEPROM.h:122

    //Basic user access methods.
    EERef operator[]( const int idx )    { return idx; }
    uint8_t read( int idx )              { return EERef( idx ); }
    void write( int idx, uint8_t val )   { (EERef( idx )) = val; }
    void update( int idx, uint8_t val )  { EERef( idx ).update( val ); }
     f02:	df 91       	pop	r29
     f04:	cf 91       	pop	r28
     f06:	1f 91       	pop	r17
     f08:	08 95       	ret

00000f0a <saveAssociationEntry(unsigned char)>:
_Z20saveAssociationEntryh():
/Users/leyry/Documents/Electronique/Thermonuino/main/modules/console/console.ino:423
      associatedSlaves[i].zone = zone;
    }
  }
}

void saveAssociationEntry(uint8_t index) {
     f0a:	0f 93       	push	r16
     f0c:	1f 93       	push	r17
     f0e:	cf 93       	push	r28
     f10:	df 93       	push	r29
eepromAssocAddress():
/Users/leyry/Documents/Electronique/Thermonuino/main/modules/console/console.ino:388
    zones[i].doorMissing = false;
  }
}

int eepromAssocAddress(uint8_t index) {
  return EEPROM_ASSOC_FIRST + index * RF_ASSOC_ENTRY_LEN;
     f12:	94 e0       	ldi	r25, 0x04	; 4
     f14:	89 9f       	mul	r24, r25
     f16:	e0 01       	movw	r28, r0
     f18:	11 24       	eor	r1, r1
_Z20saveAssociationEntryh():
/Users/leyry/Documents/Electronique/Thermonuino/main/modules/console/console.ino:425
  }
}

void saveAssociationEntry(uint8_t index) {
  const int address = eepromAssocAddress(index);
  EEPROM.update(address, associatedSlaves[index].nodeId & 0xFF);
     f1a:	8e 01       	movw	r16, r28
     f1c:	0d 50       	subi	r16, 0x0D	; 13
     f1e:	1e 4f       	sbci	r17, 0xFE	; 254
     f20:	f8 01       	movw	r30, r16
     f22:	60 81       	ld	r22, Z
     f24:	ce 01       	movw	r24, r28
     f26:	06 96       	adiw	r24, 0x06	; 6
     f28:	0e 94 71 07 	call	0xee2	; 0xee2 <EEPROMClass::update(int, unsigned char) [clone .isra.1] [clone .lto_priv.65]>
/Users/leyry/Documents/Electronique/Thermonuino/main/modules/console/console.ino:426
  EEPROM.update(address + 1, associatedSlaves[index].nodeId >> 8);
     f2c:	f8 01       	movw	r30, r16
     f2e:	61 81       	ldd	r22, Z+1	; 0x01
     f30:	ce 01       	movw	r24, r28
     f32:	07 96       	adiw	r24, 0x07	; 7
     f34:	0e 94 71 07 	call	0xee2	; 0xee2 <EEPROMClass::update(int, unsigned char) [clone .isra.1] [clone .lto_priv.65]>
/Users/leyry/Documents/Electronique/Thermonuino/main/modules/console/console.ino:427
  EEPROM.update(address + 2, associatedSlaves[index].deviceType);
     f38:	f8 01       	movw	r30, r16
     f3a:	62 81       	ldd	r22, Z+2	; 0x02
     f3c:	ce 01       	movw	r24, r28
     f3e:	08 96       	adiw	r24, 0x08	; 8
     f40:	0e 94 71 07 	call	0xee2	; 0xee2 <EEPROMClass::update(int, unsigned char) [clone .isra.1] [clone .lto_priv.65]>
/Users/leyry/Documents/Electronique/Thermonuino/main/modules/console/console.ino:428
  EEPROM.update(address + 3, associatedSlaves[index].zone);
     f44:	f8 01       	movw	r30, r16
     f46:	63 81       	ldd	r22, Z+3	; 0x03
     f48:	ce 01       	movw	r24, r28
     f4a:	09 96       	adiw	r24, 0x09	; 9
     f4c:	0e 94 71 07 	call	0xee2	; 0xee2 <EEPROMClass::update(int, unsigned char) [clone .isra.1] [clone .lto_priv.65]>
/Users/leyry/Documents/Electronique/Thermonuino/main/modules/console/console.ino:429
  EEPROM.update(EEPROM_ASSOC_MAGIC_0, EEPROM_ASSOC_MAGIC_VALUE_0);
     f50:	64 e5       	ldi	r22, 0x54	; 84
     f52:	84 e0       	ldi	r24, 0x04	; 4
     f54:	90 e0       	ldi	r25, 0x00	; 0
     f56:	0e 94 71 07 	call	0xee2	; 0xee2 <EEPROMClass::update(int, unsigned char) [clone .isra.1] [clone .lto_priv.65]>
/Users/leyry/Documents/Electronique/Thermonuino/main/modules/console/console.ino:430
  EEPROM.update(EEPROM_ASSOC_MAGIC_1, EEPROM_ASSOC_MAGIC_VALUE_1);
     f5a:	61 e4       	ldi	r22, 0x41	; 65
     f5c:	85 e0       	ldi	r24, 0x05	; 5
     f5e:	90 e0       	ldi	r25, 0x00	; 0
/Users/leyry/Documents/Electronique/Thermonuino/main/modules/console/console.ino:431
}
     f60:	df 91       	pop	r29
     f62:	cf 91       	pop	r28
     f64:	1f 91       	pop	r17
     f66:	0f 91       	pop	r16
/Users/leyry/Documents/Electronique/Thermonuino/main/modules/console/console.ino:430
  EEPROM.update(address, associatedSlaves[index].nodeId & 0xFF);
  EEPROM.update(address + 1, associatedSlaves[index].nodeId >> 8);
  EEPROM.update(address + 2, associatedSlaves[index].deviceType);
  EEPROM.update(address + 3, associatedSlaves[index].zone);
  EEPROM.update(EEPROM_ASSOC_MAGIC_0, EEPROM_ASSOC_MAGIC_VALUE_0);
  EEPROM.update(EEPROM_ASSOC_MAGIC_1, EEPROM_ASSOC_MAGIC_VALUE_1);
     f68:	0c 94 71 07 	jmp	0xee2	; 0xee2 <EEPROMClass::update(int, unsigned char) [clone .isra.1] [clone .lto_priv.65]>

00000f6c <EEPROMClass::read(int) [clone .isra.0] [clone .lto_priv.67]>:
_ZN11EEPROMClass4readEi.isra.0.lto_priv.67():
/Users/leyry/Library/Arduino15/packages/MiniCore/hardware/avr/3.1.1/libraries/EEPROM/src/EEPROM.h:42

    EERef( const int index )
        : index( index )                 {}
    
    //Access/read members.
    uint8_t operator*() const            { return eeprom_read_byte( (uint8_t*) index ); }
     f6c:	0c 94 d4 13 	jmp	0x27a8	; 0x27a8 <eeprom_read_byte>

00000f70 <__vector_16>:
__vector_16():
/Users/leyry/Library/Arduino15/packages/MiniCore/hardware/avr/3.1.1/cores/MCUdude_corefiles/wiring.c:159
#if defined(__AVR_ATtiny24__) || defined(__AVR_ATtiny44__) || defined(__AVR_ATtiny84__)
ISR(TIM0_OVF_vect)
#else
ISR(TIMER0_OVF_vect)
#endif
{
     f70:	1f 92       	push	r1
     f72:	0f 92       	push	r0
     f74:	0f b6       	in	r0, 0x3f	; 63
     f76:	0f 92       	push	r0
     f78:	11 24       	eor	r1, r1
     f7a:	2f 93       	push	r18
     f7c:	3f 93       	push	r19
     f7e:	8f 93       	push	r24
     f80:	9f 93       	push	r25
     f82:	af 93       	push	r26
     f84:	bf 93       	push	r27
/Users/leyry/Library/Arduino15/packages/MiniCore/hardware/avr/3.1.1/cores/MCUdude_corefiles/wiring.c:167
  static unsigned char timer0_exact = 0;
#endif

  // copy these to local variables so they can be stored in registers
  // (volatile variables must be read from memory on every access, so this saves time)
  unsigned long m = timer0_millis;
     f86:	80 91 83 02 	lds	r24, 0x0283	; 0x800283 <timer0_millis>
     f8a:	90 91 84 02 	lds	r25, 0x0284	; 0x800284 <timer0_millis+0x1>
     f8e:	a0 91 85 02 	lds	r26, 0x0285	; 0x800285 <timer0_millis+0x2>
     f92:	b0 91 86 02 	lds	r27, 0x0286	; 0x800286 <timer0_millis+0x3>
/Users/leyry/Library/Arduino15/packages/MiniCore/hardware/avr/3.1.1/cores/MCUdude_corefiles/wiring.c:168
  unsigned char f = timer0_fract;
     f96:	30 91 82 02 	lds	r19, 0x0282	; 0x800282 <timer0_fract>
/Users/leyry/Library/Arduino15/packages/MiniCore/hardware/avr/3.1.1/cores/MCUdude_corefiles/wiring.c:170

  f += FRACT_INC FRACT_INC_PLUS;
     f9a:	26 e0       	ldi	r18, 0x06	; 6
     f9c:	23 0f       	add	r18, r19
/Users/leyry/Library/Arduino15/packages/MiniCore/hardware/avr/3.1.1/cores/MCUdude_corefiles/wiring.c:200
    ++f;
  }
#endif
#endif // CORRECT_EXACT_MILLIS

  if (f >= FRACT_MAX) {
     f9e:	2d 37       	cpi	r18, 0x7D	; 125
     fa0:	68 f1       	brcs	.+90     	; 0xffc <__vector_16+0x8c>
/Users/leyry/Library/Arduino15/packages/MiniCore/hardware/avr/3.1.1/cores/MCUdude_corefiles/wiring.c:201
    f -= FRACT_MAX;
     fa2:	29 e8       	ldi	r18, 0x89	; 137
     fa4:	23 0f       	add	r18, r19
/Users/leyry/Library/Arduino15/packages/MiniCore/hardware/avr/3.1.1/cores/MCUdude_corefiles/wiring.c:202
    m += MILLIS_INC + 1;
     fa6:	03 96       	adiw	r24, 0x03	; 3
     fa8:	a1 1d       	adc	r26, r1
     faa:	b1 1d       	adc	r27, r1
/Users/leyry/Library/Arduino15/packages/MiniCore/hardware/avr/3.1.1/cores/MCUdude_corefiles/wiring.c:208
  }
  else {
    m += MILLIS_INC;
  }

  timer0_fract = f;
     fac:	20 93 82 02 	sts	0x0282, r18	; 0x800282 <timer0_fract>
/Users/leyry/Library/Arduino15/packages/MiniCore/hardware/avr/3.1.1/cores/MCUdude_corefiles/wiring.c:209
  timer0_millis = m;
     fb0:	80 93 83 02 	sts	0x0283, r24	; 0x800283 <timer0_millis>
     fb4:	90 93 84 02 	sts	0x0284, r25	; 0x800284 <timer0_millis+0x1>
     fb8:	a0 93 85 02 	sts	0x0285, r26	; 0x800285 <timer0_millis+0x2>
     fbc:	b0 93 86 02 	sts	0x0286, r27	; 0x800286 <timer0_millis+0x3>
/Users/leyry/Library/Arduino15/packages/MiniCore/hardware/avr/3.1.1/cores/MCUdude_corefiles/wiring.c:211
#ifndef CORRECT_EXACT_MICROS
  timer0_overflow_count++;
     fc0:	80 91 87 02 	lds	r24, 0x0287	; 0x800287 <timer0_overflow_count>
     fc4:	90 91 88 02 	lds	r25, 0x0288	; 0x800288 <timer0_overflow_count+0x1>
     fc8:	a0 91 89 02 	lds	r26, 0x0289	; 0x800289 <timer0_overflow_count+0x2>
     fcc:	b0 91 8a 02 	lds	r27, 0x028A	; 0x80028a <timer0_overflow_count+0x3>
     fd0:	01 96       	adiw	r24, 0x01	; 1
     fd2:	a1 1d       	adc	r26, r1
     fd4:	b1 1d       	adc	r27, r1
     fd6:	80 93 87 02 	sts	0x0287, r24	; 0x800287 <timer0_overflow_count>
     fda:	90 93 88 02 	sts	0x0288, r25	; 0x800288 <timer0_overflow_count+0x1>
     fde:	a0 93 89 02 	sts	0x0289, r26	; 0x800289 <timer0_overflow_count+0x2>
     fe2:	b0 93 8a 02 	sts	0x028A, r27	; 0x80028a <timer0_overflow_count+0x3>
/Users/leyry/Library/Arduino15/packages/MiniCore/hardware/avr/3.1.1/cores/MCUdude_corefiles/wiring.c:213
#endif
}
     fe6:	bf 91       	pop	r27
     fe8:	af 91       	pop	r26
     fea:	9f 91       	pop	r25
     fec:	8f 91       	pop	r24
     fee:	3f 91       	pop	r19
     ff0:	2f 91       	pop	r18
     ff2:	0f 90       	pop	r0
     ff4:	0f be       	out	0x3f, r0	; 63
     ff6:	0f 90       	pop	r0
     ff8:	1f 90       	pop	r1
     ffa:	18 95       	reti
/Users/leyry/Library/Arduino15/packages/MiniCore/hardware/avr/3.1.1/cores/MCUdude_corefiles/wiring.c:205
  if (f >= FRACT_MAX) {
    f -= FRACT_MAX;
    m += MILLIS_INC + 1;
  }
  else {
    m += MILLIS_INC;
     ffc:	02 96       	adiw	r24, 0x02	; 2
     ffe:	a1 1d       	adc	r26, r1
    1000:	b1 1d       	adc	r27, r1
    1002:	d4 cf       	rjmp	.-88     	; 0xfac <__vector_16+0x3c>

00001004 <__vector_19>:
__vector_19():
/Users/leyry/Library/Arduino15/packages/MiniCore/hardware/avr/3.1.1/cores/MCUdude_corefiles/HardwareSerial0.cpp:63
#elif defined(USART0_UDRE_vect)
ISR(USART0_UDRE_vect)
#else
  #error "Don't know what the Data Register Empty vector is called for Serial"
#endif
{
    1004:	1f 92       	push	r1
    1006:	0f 92       	push	r0
    1008:	0f b6       	in	r0, 0x3f	; 63
    100a:	0f 92       	push	r0
    100c:	11 24       	eor	r1, r1
    100e:	2f 93       	push	r18
    1010:	3f 93       	push	r19
    1012:	4f 93       	push	r20
    1014:	5f 93       	push	r21
    1016:	6f 93       	push	r22
    1018:	7f 93       	push	r23
    101a:	8f 93       	push	r24
    101c:	9f 93       	push	r25
    101e:	af 93       	push	r26
    1020:	bf 93       	push	r27
    1022:	ef 93       	push	r30
    1024:	ff 93       	push	r31
/Users/leyry/Library/Arduino15/packages/MiniCore/hardware/avr/3.1.1/cores/MCUdude_corefiles/HardwareSerial0.cpp:64
  Serial._tx_udr_empty_irq();
    1026:	8b e8       	ldi	r24, 0x8B	; 139
    1028:	92 e0       	ldi	r25, 0x02	; 2
    102a:	0e 94 39 04 	call	0x872	; 0x872 <HardwareSerial::_tx_udr_empty_irq()>
/Users/leyry/Library/Arduino15/packages/MiniCore/hardware/avr/3.1.1/cores/MCUdude_corefiles/HardwareSerial0.cpp:65
}
    102e:	ff 91       	pop	r31
    1030:	ef 91       	pop	r30
    1032:	bf 91       	pop	r27
    1034:	af 91       	pop	r26
    1036:	9f 91       	pop	r25
    1038:	8f 91       	pop	r24
    103a:	7f 91       	pop	r23
    103c:	6f 91       	pop	r22
    103e:	5f 91       	pop	r21
    1040:	4f 91       	pop	r20
    1042:	3f 91       	pop	r19
    1044:	2f 91       	pop	r18
    1046:	0f 90       	pop	r0
    1048:	0f be       	out	0x3f, r0	; 63
    104a:	0f 90       	pop	r0
    104c:	1f 90       	pop	r1
    104e:	18 95       	reti

00001050 <__vector_18>:
__vector_18():
/Users/leyry/Library/Arduino15/packages/MiniCore/hardware/avr/3.1.1/cores/MCUdude_corefiles/HardwareSerial0.cpp:50
#elif defined(USART_RX_vect)
  ISR(USART_RX_vect)
#else
  #error "Don't know what the Data Received vector is called for Serial"
#endif
  {
    1050:	1f 92       	push	r1
    1052:	0f 92       	push	r0
    1054:	0f b6       	in	r0, 0x3f	; 63
    1056:	0f 92       	push	r0
    1058:	11 24       	eor	r1, r1
    105a:	2f 93       	push	r18
    105c:	8f 93       	push	r24
    105e:	9f 93       	push	r25
    1060:	ef 93       	push	r30
    1062:	ff 93       	push	r31
_rx_complete_irq():
/Users/leyry/Library/Arduino15/packages/MiniCore/hardware/avr/3.1.1/cores/MCUdude_corefiles/HardwareSerial_private.h:100

// Actual interrupt handlers //////////////////////////////////////////////////////////////

void HardwareSerial::_rx_complete_irq(void)
{
  if (bit_is_clear(*_ucsra, UPE0)) {
    1064:	e0 91 9b 02 	lds	r30, 0x029B	; 0x80029b <Serial+0x10>
    1068:	f0 91 9c 02 	lds	r31, 0x029C	; 0x80029c <Serial+0x11>
    106c:	80 81       	ld	r24, Z
    106e:	e0 91 a1 02 	lds	r30, 0x02A1	; 0x8002a1 <Serial+0x16>
    1072:	f0 91 a2 02 	lds	r31, 0x02A2	; 0x8002a2 <Serial+0x17>
    1076:	82 fd       	sbrc	r24, 2
    1078:	1b c0       	rjmp	.+54     	; 0x10b0 <__vector_18+0x60>
/Users/leyry/Library/Arduino15/packages/MiniCore/hardware/avr/3.1.1/cores/MCUdude_corefiles/HardwareSerial_private.h:103
    // No Parity error, read byte and store it in the buffer if there is
    // room
    unsigned char c = *_udr;
    107a:	90 81       	ld	r25, Z
/Users/leyry/Library/Arduino15/packages/MiniCore/hardware/avr/3.1.1/cores/MCUdude_corefiles/HardwareSerial_private.h:104
    rx_buffer_index_t i = (unsigned int)(_rx_buffer_head + 1) % SERIAL_RX_BUFFER_SIZE;
    107c:	80 91 a4 02 	lds	r24, 0x02A4	; 0x8002a4 <Serial+0x19>
    1080:	8f 5f       	subi	r24, 0xFF	; 255
    1082:	8f 73       	andi	r24, 0x3F	; 63
/Users/leyry/Library/Arduino15/packages/MiniCore/hardware/avr/3.1.1/cores/MCUdude_corefiles/HardwareSerial_private.h:110

    // if we should be storing the received character into the location
    // just before the tail (meaning that the head would advance to the
    // current location of the tail), we're about to overflow the buffer
    // and so we don't write the character or advance the head.
    if (i != _rx_buffer_tail) {
    1084:	20 91 a5 02 	lds	r18, 0x02A5	; 0x8002a5 <Serial+0x1a>
    1088:	82 17       	cp	r24, r18
    108a:	41 f0       	breq	.+16     	; 0x109c <__vector_18+0x4c>
/Users/leyry/Library/Arduino15/packages/MiniCore/hardware/avr/3.1.1/cores/MCUdude_corefiles/HardwareSerial_private.h:111
      _rx_buffer[_rx_buffer_head] = c;
    108c:	e0 91 a4 02 	lds	r30, 0x02A4	; 0x8002a4 <Serial+0x19>
    1090:	f0 e0       	ldi	r31, 0x00	; 0
    1092:	e5 57       	subi	r30, 0x75	; 117
    1094:	fd 4f       	sbci	r31, 0xFD	; 253
    1096:	95 8f       	std	Z+29, r25	; 0x1d
/Users/leyry/Library/Arduino15/packages/MiniCore/hardware/avr/3.1.1/cores/MCUdude_corefiles/HardwareSerial_private.h:112
      _rx_buffer_head = i;
    1098:	80 93 a4 02 	sts	0x02A4, r24	; 0x8002a4 <Serial+0x19>
__vector_18():
/Users/leyry/Library/Arduino15/packages/MiniCore/hardware/avr/3.1.1/cores/MCUdude_corefiles/HardwareSerial0.cpp:52
    Serial._rx_complete_irq();
  }
    109c:	ff 91       	pop	r31
    109e:	ef 91       	pop	r30
    10a0:	9f 91       	pop	r25
    10a2:	8f 91       	pop	r24
    10a4:	2f 91       	pop	r18
    10a6:	0f 90       	pop	r0
    10a8:	0f be       	out	0x3f, r0	; 63
    10aa:	0f 90       	pop	r0
    10ac:	1f 90       	pop	r1
    10ae:	18 95       	reti
_rx_complete_irq():
/Users/leyry/Library/Arduino15/packages/MiniCore/hardware/avr/3.1.1/cores/MCUdude_corefiles/HardwareSerial_private.h:116
    }
  } else {
    // Parity error, read byte but discard it
    *_udr;
    10b0:	80 81       	ld	r24, Z
    10b2:	f4 cf       	rjmp	.-24     	; 0x109c <__vector_18+0x4c>

000010b4 <__vector_6>:
__vector_6():
/Users/leyry/Documents/Electronique/Thermonuino/main/lib/Thermonuino-commons/src/ThermioSlavePower.cpp:27
  if (gPinChangeCallback != nullptr) {
    gPinChangeCallback();
  }
}

ISR(WDT_vect) {
    10b4:	1f 92       	push	r1
    10b6:	0f 92       	push	r0
    10b8:	0f b6       	in	r0, 0x3f	; 63
    10ba:	0f 92       	push	r0
    10bc:	11 24       	eor	r1, r1
    10be:	8f 93       	push	r24
    10c0:	9f 93       	push	r25
/Users/leyry/Documents/Electronique/Thermonuino/main/lib/Thermonuino-commons/src/ThermioSlavePower.cpp:28
  gWatchdogTicks++;
    10c2:	80 91 61 01 	lds	r24, 0x0161	; 0x800161 <(anonymous namespace)::gWatchdogTicks>
    10c6:	90 91 62 01 	lds	r25, 0x0162	; 0x800162 <(anonymous namespace)::gWatchdogTicks+0x1>
    10ca:	01 96       	adiw	r24, 0x01	; 1
    10cc:	90 93 62 01 	sts	0x0162, r25	; 0x800162 <(anonymous namespace)::gWatchdogTicks+0x1>
    10d0:	80 93 61 01 	sts	0x0161, r24	; 0x800161 <(anonymous namespace)::gWatchdogTicks>
/Users/leyry/Documents/Electronique/Thermonuino/main/lib/Thermonuino-commons/src/ThermioSlavePower.cpp:29
}
    10d4:	9f 91       	pop	r25
    10d6:	8f 91       	pop	r24
    10d8:	0f 90       	pop	r0
    10da:	0f be       	out	0x3f, r0	; 63
    10dc:	0f 90       	pop	r0
    10de:	1f 90       	pop	r1
    10e0:	18 95       	reti

000010e2 <__vector_4>:
__vector_4():
/Users/leyry/Documents/Electronique/Thermonuino/main/lib/Thermonuino-commons/src/ThermioSlavePower.cpp:13
volatile bool gPinWake = false;
volatile uint16_t gWatchdogTicks = 0;
ThermioSlavePower::PinChangeCallback gPinChangeCallback = nullptr;
}

ISR(PCINT1_vect) {
    10e2:	1f 92       	push	r1
    10e4:	0f 92       	push	r0
    10e6:	0f b6       	in	r0, 0x3f	; 63
    10e8:	0f 92       	push	r0
    10ea:	11 24       	eor	r1, r1
    10ec:	8f 93       	push	r24
/Users/leyry/Documents/Electronique/Thermonuino/main/lib/Thermonuino-commons/src/ThermioSlavePower.cpp:14
  gPinWake = true;
    10ee:	81 e0       	ldi	r24, 0x01	; 1
    10f0:	80 93 60 01 	sts	0x0160, r24	; 0x800160 <__data_end>
/Users/leyry/Documents/Electronique/Thermonuino/main/lib/Thermonuino-commons/src/ThermioSlavePower.cpp:18
  if (gPinChangeCallback != nullptr) {
    gPinChangeCallback();
  }
}
    10f4:	8f 91       	pop	r24
    10f6:	0f 90       	pop	r0
    10f8:	0f be       	out	0x3f, r0	; 63
    10fa:	0f 90       	pop	r0
    10fc:	1f 90       	pop	r1
    10fe:	18 95       	reti

00001100 <__vector_5>:
__vector_5():
    1100:	1f 92       	push	r1
    1102:	0f 92       	push	r0
    1104:	0f b6       	in	r0, 0x3f	; 63
    1106:	0f 92       	push	r0
    1108:	11 24       	eor	r1, r1
    110a:	2f 93       	push	r18
    110c:	3f 93       	push	r19
    110e:	4f 93       	push	r20
    1110:	5f 93       	push	r21
    1112:	6f 93       	push	r22
    1114:	7f 93       	push	r23
    1116:	8f 93       	push	r24
    1118:	9f 93       	push	r25
    111a:	af 93       	push	r26
    111c:	bf 93       	push	r27
    111e:	ef 93       	push	r30
    1120:	ff 93       	push	r31
    1122:	0e 94 71 08 	call	0x10e2	; 0x10e2 <__vector_4>
    1126:	ff 91       	pop	r31
    1128:	ef 91       	pop	r30
    112a:	bf 91       	pop	r27
    112c:	af 91       	pop	r26
    112e:	9f 91       	pop	r25
    1130:	8f 91       	pop	r24
    1132:	7f 91       	pop	r23
    1134:	6f 91       	pop	r22
    1136:	5f 91       	pop	r21
    1138:	4f 91       	pop	r20
    113a:	3f 91       	pop	r19
    113c:	2f 91       	pop	r18
    113e:	0f 90       	pop	r0
    1140:	0f be       	out	0x3f, r0	; 63
    1142:	0f 90       	pop	r0
    1144:	1f 90       	pop	r1
    1146:	18 95       	reti

00001148 <global constructors keyed to 65535_0_console.ino.cpp.o.2517>:
_GLOBAL__I_65535_0_console.ino.cpp.o.2517():
    1148:	10 92 8e 02 	sts	0x028E, r1	; 0x80028e <Serial+0x3>
    114c:	10 92 8d 02 	sts	0x028D, r1	; 0x80028d <Serial+0x2>
    1150:	88 ee       	ldi	r24, 0xE8	; 232
    1152:	93 e0       	ldi	r25, 0x03	; 3
    1154:	a0 e0       	ldi	r26, 0x00	; 0
    1156:	b0 e0       	ldi	r27, 0x00	; 0
    1158:	80 93 8f 02 	sts	0x028F, r24	; 0x80028f <Serial+0x4>
    115c:	90 93 90 02 	sts	0x0290, r25	; 0x800290 <Serial+0x5>
    1160:	a0 93 91 02 	sts	0x0291, r26	; 0x800291 <Serial+0x6>
    1164:	b0 93 92 02 	sts	0x0292, r27	; 0x800292 <Serial+0x7>
    1168:	85 e3       	ldi	r24, 0x35	; 53
    116a:	91 e0       	ldi	r25, 0x01	; 1
    116c:	90 93 8c 02 	sts	0x028C, r25	; 0x80028c <Serial+0x1>
    1170:	80 93 8b 02 	sts	0x028B, r24	; 0x80028b <Serial>
    1174:	85 ec       	ldi	r24, 0xC5	; 197
    1176:	90 e0       	ldi	r25, 0x00	; 0
    1178:	90 93 98 02 	sts	0x0298, r25	; 0x800298 <Serial+0xd>
    117c:	80 93 97 02 	sts	0x0297, r24	; 0x800297 <Serial+0xc>
    1180:	84 ec       	ldi	r24, 0xC4	; 196
    1182:	90 e0       	ldi	r25, 0x00	; 0
    1184:	90 93 9a 02 	sts	0x029A, r25	; 0x80029a <Serial+0xf>
    1188:	80 93 99 02 	sts	0x0299, r24	; 0x800299 <Serial+0xe>
    118c:	80 ec       	ldi	r24, 0xC0	; 192
    118e:	90 e0       	ldi	r25, 0x00	; 0
    1190:	90 93 9c 02 	sts	0x029C, r25	; 0x80029c <Serial+0x11>
    1194:	80 93 9b 02 	sts	0x029B, r24	; 0x80029b <Serial+0x10>
    1198:	81 ec       	ldi	r24, 0xC1	; 193
    119a:	90 e0       	ldi	r25, 0x00	; 0
    119c:	90 93 9e 02 	sts	0x029E, r25	; 0x80029e <Serial+0x13>
    11a0:	80 93 9d 02 	sts	0x029D, r24	; 0x80029d <Serial+0x12>
    11a4:	82 ec       	ldi	r24, 0xC2	; 194
    11a6:	90 e0       	ldi	r25, 0x00	; 0
    11a8:	90 93 a0 02 	sts	0x02A0, r25	; 0x8002a0 <Serial+0x15>
    11ac:	80 93 9f 02 	sts	0x029F, r24	; 0x80029f <Serial+0x14>
    11b0:	86 ec       	ldi	r24, 0xC6	; 198
    11b2:	90 e0       	ldi	r25, 0x00	; 0
    11b4:	90 93 a2 02 	sts	0x02A2, r25	; 0x8002a2 <Serial+0x17>
    11b8:	80 93 a1 02 	sts	0x02A1, r24	; 0x8002a1 <Serial+0x16>
    11bc:	10 92 a4 02 	sts	0x02A4, r1	; 0x8002a4 <Serial+0x19>
    11c0:	10 92 a5 02 	sts	0x02A5, r1	; 0x8002a5 <Serial+0x1a>
    11c4:	10 92 a6 02 	sts	0x02A6, r1	; 0x8002a6 <Serial+0x1b>
    11c8:	10 92 a7 02 	sts	0x02A7, r1	; 0x8002a7 <Serial+0x1c>
    11cc:	81 e5       	ldi	r24, 0x51	; 81
    11ce:	80 93 45 03 	sts	0x0345, r24	; 0x800345 <RF_SPI_SETTINGS>
    11d2:	81 e0       	ldi	r24, 0x01	; 1
    11d4:	80 93 46 03 	sts	0x0346, r24	; 0x800346 <RF_SPI_SETTINGS+0x1>
    11d8:	10 92 30 03 	sts	0x0330, r1	; 0x800330 <leds+0x1>
    11dc:	10 92 37 03 	sts	0x0337, r1	; 0x800337 <leds+0x8>
    11e0:	10 92 3e 03 	sts	0x033E, r1	; 0x80033e <leds+0xf>
    11e4:	10 92 3f 03 	sts	0x033F, r1	; 0x80033f <leds+0x10>
    11e8:	10 92 40 03 	sts	0x0340, r1	; 0x800340 <leds+0x11>
    11ec:	10 92 41 03 	sts	0x0341, r1	; 0x800341 <leds+0x12>
    11f0:	80 93 3d 03 	sts	0x033D, r24	; 0x80033d <leds+0xe>
    11f4:	80 93 3a 03 	sts	0x033A, r24	; 0x80033a <leds+0xb>
    11f8:	10 92 3b 03 	sts	0x033B, r1	; 0x80033b <leds+0xc>
    11fc:	92 e0       	ldi	r25, 0x02	; 2
    11fe:	90 93 3c 03 	sts	0x033C, r25	; 0x80033c <leds+0xd>
    1202:	80 93 2f 03 	sts	0x032F, r24	; 0x80032f <leds>
    1206:	82 e1       	ldi	r24, 0x12	; 18
    1208:	90 e0       	ldi	r25, 0x00	; 0
    120a:	90 93 34 03 	sts	0x0334, r25	; 0x800334 <leds+0x5>
    120e:	80 93 33 03 	sts	0x0333, r24	; 0x800333 <leds+0x4>
    1212:	0e 94 41 14 	call	0x2882	; 0x2882 <malloc>
    1216:	90 93 39 03 	sts	0x0339, r25	; 0x800339 <leds+0xa>
    121a:	80 93 38 03 	sts	0x0338, r24	; 0x800338 <leds+0x9>
    121e:	00 97       	sbiw	r24, 0x00	; 0
    1220:	09 f4       	brne	.+2      	; 0x1224 <global constructors keyed to 65535_0_console.ino.cpp.o.2517+0xdc>
    1222:	42 c0       	rjmp	.+132    	; 0x12a8 <global constructors keyed to 65535_0_console.ino.cpp.o.2517+0x160>
    1224:	22 e1       	ldi	r18, 0x12	; 18
    1226:	fc 01       	movw	r30, r24
    1228:	11 92       	st	Z+, r1
    122a:	2a 95       	dec	r18
    122c:	e9 f7       	brne	.-6      	; 0x1228 <global constructors keyed to 65535_0_console.ino.cpp.o.2517+0xe0>
    122e:	86 e0       	ldi	r24, 0x06	; 6
    1230:	90 e0       	ldi	r25, 0x00	; 0
    1232:	90 93 32 03 	sts	0x0332, r25	; 0x800332 <leds+0x3>
    1236:	80 93 31 03 	sts	0x0331, r24	; 0x800331 <leds+0x2>
    123a:	81 e1       	ldi	r24, 0x11	; 17
    123c:	90 e0       	ldi	r25, 0x00	; 0
    123e:	90 93 36 03 	sts	0x0336, r25	; 0x800336 <leds+0x7>
    1242:	80 93 35 03 	sts	0x0335, r24	; 0x800335 <leds+0x6>
    1246:	80 91 30 03 	lds	r24, 0x0330	; 0x800330 <leds+0x1>
    124a:	88 23       	and	r24, r24
    124c:	41 f0       	breq	.+16     	; 0x125e <global constructors keyed to 65535_0_console.ino.cpp.o.2517+0x116>
    124e:	61 e0       	ldi	r22, 0x01	; 1
    1250:	81 e1       	ldi	r24, 0x11	; 17
    1252:	0e 94 4e 01 	call	0x29c	; 0x29c <pinMode>
    1256:	60 e0       	ldi	r22, 0x00	; 0
    1258:	81 e1       	ldi	r24, 0x11	; 17
    125a:	0e 94 20 01 	call	0x240	; 0x240 <digitalWrite>
    125e:	ea ec       	ldi	r30, 0xCA	; 202
    1260:	f0 e0       	ldi	r31, 0x00	; 0
    1262:	e4 91       	lpm	r30, Z
    1264:	f0 e0       	ldi	r31, 0x00	; 0
    1266:	ee 0f       	add	r30, r30
    1268:	ff 1f       	adc	r31, r31
    126a:	e1 55       	subi	r30, 0x51	; 81
    126c:	ff 4f       	sbci	r31, 0xFF	; 255
    126e:	85 91       	lpm	r24, Z+
    1270:	94 91       	lpm	r25, Z
    1272:	90 93 43 03 	sts	0x0343, r25	; 0x800343 <leds+0x14>
    1276:	80 93 42 03 	sts	0x0342, r24	; 0x800342 <leds+0x13>
    127a:	e9 ea       	ldi	r30, 0xA9	; 169
    127c:	f0 e0       	ldi	r31, 0x00	; 0
    127e:	e4 91       	lpm	r30, Z
    1280:	e0 93 44 03 	sts	0x0344, r30	; 0x800344 <leds+0x15>
    1284:	85 e0       	ldi	r24, 0x05	; 5
    1286:	e6 e0       	ldi	r30, 0x06	; 6
    1288:	f1 e0       	ldi	r31, 0x01	; 1
    128a:	a8 e2       	ldi	r26, 0x28	; 40
    128c:	b3 e0       	ldi	r27, 0x03	; 3
    128e:	01 90       	ld	r0, Z+
    1290:	0d 92       	st	X+, r0
    1292:	8a 95       	dec	r24
    1294:	e1 f7       	brne	.-8      	; 0x128e <global constructors keyed to 65535_0_console.ino.cpp.o.2517+0x146>
    1296:	80 91 45 03 	lds	r24, 0x0345	; 0x800345 <RF_SPI_SETTINGS>
    129a:	90 91 46 03 	lds	r25, 0x0346	; 0x800346 <RF_SPI_SETTINGS+0x1>
    129e:	90 93 2e 03 	sts	0x032E, r25	; 0x80032e <radio+0x6>
    12a2:	80 93 2d 03 	sts	0x032D, r24	; 0x80032d <radio+0x5>
    12a6:	08 95       	ret
    12a8:	10 92 34 03 	sts	0x0334, r1	; 0x800334 <leds+0x5>
    12ac:	10 92 33 03 	sts	0x0333, r1	; 0x800333 <leds+0x4>
    12b0:	10 92 32 03 	sts	0x0332, r1	; 0x800332 <leds+0x3>
    12b4:	10 92 31 03 	sts	0x0331, r1	; 0x800331 <leds+0x2>
    12b8:	c0 cf       	rjmp	.-128    	; 0x123a <global constructors keyed to 65535_0_console.ino.cpp.o.2517+0xf2>

000012ba <main>:
main():
/Users/leyry/Library/Arduino15/packages/MiniCore/hardware/avr/3.1.1/cores/MCUdude_corefiles/main.cpp:34

//void setupUSB() __attribute__((weak));
//void setupUSB() { }

int main(void)
{
    12ba:	cf 93       	push	r28
    12bc:	df 93       	push	r29
    12be:	cd b7       	in	r28, 0x3d	; 61
    12c0:	de b7       	in	r29, 0x3e	; 62
    12c2:	c0 58       	subi	r28, 0x80	; 128
    12c4:	d1 09       	sbc	r29, r1
    12c6:	0f b6       	in	r0, 0x3f	; 63
    12c8:	f8 94       	cli
    12ca:	de bf       	out	0x3e, r29	; 62
    12cc:	0f be       	out	0x3f, r0	; 63
    12ce:	cd bf       	out	0x3d, r28	; 61
init():
/Users/leyry/Library/Arduino15/packages/MiniCore/hardware/avr/3.1.1/cores/MCUdude_corefiles/wiring.c:945

void init()
{
  // this needs to be called before setup() or some functions won't
  // work there
  sei();
    12d0:	78 94       	sei
/Users/leyry/Library/Arduino15/packages/MiniCore/hardware/avr/3.1.1/cores/MCUdude_corefiles/wiring.c:957

  // On the ATmega168, timer 0 is also used for fast hardware pwm
  // (using phase-correct PWM would mean that timer 0 overflowed half as often
  // resulting in different millis() behavior on the ATmega8 and ATmega168)
#if defined(TCCR0A) && defined(WGM01)
  TCCR0A |= _BV(WGM01) | _BV(WGM00);
    12d2:	84 b5       	in	r24, 0x24	; 36
    12d4:	83 60       	ori	r24, 0x03	; 3
    12d6:	84 bd       	out	0x24, r24	; 36
/Users/leyry/Library/Arduino15/packages/MiniCore/hardware/avr/3.1.1/cores/MCUdude_corefiles/wiring.c:972
  #if defined(WGM00) && defined(WGM01) // The ATmega8 doesn't have WGM00 and WGM01
    TCCR0 |= _BV(WGM01) | _BV(WGM00);
  #endif
#elif defined(TCCR0B) && defined(CS01) && defined(CS00)
  // This combination is for the standard 168/328/640/1280/1281/2560/2561
  TCCR0B |= _BV(CS01) | _BV(CS00);
    12d8:	85 b5       	in	r24, 0x25	; 37
    12da:	83 60       	ori	r24, 0x03	; 3
    12dc:	85 bd       	out	0x25, r24	; 37
/Users/leyry/Library/Arduino15/packages/MiniCore/hardware/avr/3.1.1/cores/MCUdude_corefiles/wiring.c:984

// Enable timer 0 overflow interrupt
#if defined(TIMSK) && defined(TOIE0)
  TIMSK |= _BV(TOIE0);
#elif defined(TIMSK0) && defined(TOIE0)
  TIMSK0 |= _BV(TOIE0);
    12de:	80 91 6e 00 	lds	r24, 0x006E	; 0x80006e <__DATA_REGION_ORIGIN__+0xe>
    12e2:	81 60       	ori	r24, 0x01	; 1
    12e4:	80 93 6e 00 	sts	0x006E, r24	; 0x80006e <__DATA_REGION_ORIGIN__+0xe>
/Users/leyry/Library/Arduino15/packages/MiniCore/hardware/avr/3.1.1/cores/MCUdude_corefiles/wiring.c:995
// this is better for motors as it ensures an even waveform
// note, however, that fast pwm mode can achieve a frequency of up
// 8 MHz (with a 16 MHz clock) at 50% duty cycle

#if defined(TCCR1B) && defined(CS11) && defined(CS10)
  TCCR1B = _BV(CS11); // Set timer 1 prescale factor to 64
    12e8:	82 e0       	ldi	r24, 0x02	; 2
    12ea:	80 93 81 00 	sts	0x0081, r24	; 0x800081 <__DATA_REGION_ORIGIN__+0x21>
/Users/leyry/Library/Arduino15/packages/MiniCore/hardware/avr/3.1.1/cores/MCUdude_corefiles/wiring.c:997
#if F_CPU >= 8000000L
  TCCR1B |= _BV(CS10);
    12ee:	80 91 81 00 	lds	r24, 0x0081	; 0x800081 <__DATA_REGION_ORIGIN__+0x21>
    12f2:	81 60       	ori	r24, 0x01	; 1
    12f4:	80 93 81 00 	sts	0x0081, r24	; 0x800081 <__DATA_REGION_ORIGIN__+0x21>
/Users/leyry/Library/Arduino15/packages/MiniCore/hardware/avr/3.1.1/cores/MCUdude_corefiles/wiring.c:1006
#if F_CPU >= 8000000L
  TCCR1 |= _BV(CS10);
#endif
#endif
#if defined(TCCR1A) && defined(WGM10)
  TCCR1A |= _BV(WGM10); // Put timer 1 in 8-bit phase correct pwm mode
    12f8:	80 91 80 00 	lds	r24, 0x0080	; 0x800080 <__DATA_REGION_ORIGIN__+0x20>
    12fc:	81 60       	ori	r24, 0x01	; 1
    12fe:	80 93 80 00 	sts	0x0080, r24	; 0x800080 <__DATA_REGION_ORIGIN__+0x20>
/Users/leyry/Library/Arduino15/packages/MiniCore/hardware/avr/3.1.1/cores/MCUdude_corefiles/wiring.c:1013

// Set timer 2 prescale factor to 64
#if defined(TCCR2) && defined(CS22)
  TCCR2 |= _BV(CS22);
#elif defined(TCCR2B) && defined(CS22)
  TCCR2B |= _BV(CS22);
    1302:	80 91 b1 00 	lds	r24, 0x00B1	; 0x8000b1 <__DATA_REGION_ORIGIN__+0x51>
    1306:	84 60       	ori	r24, 0x04	; 4
    1308:	80 93 b1 00 	sts	0x00B1, r24	; 0x8000b1 <__DATA_REGION_ORIGIN__+0x51>
/Users/leyry/Library/Arduino15/packages/MiniCore/hardware/avr/3.1.1/cores/MCUdude_corefiles/wiring.c:1022

// Configure timer 2 for phase correct pwm (8-bit)
#if defined(TCCR2) && defined(WGM20)
  TCCR2 |= _BV(WGM20);
#elif defined(TCCR2A) && defined(WGM20)
  TCCR2A |= _BV(WGM20);
    130c:	80 91 b0 00 	lds	r24, 0x00B0	; 0x8000b0 <__DATA_REGION_ORIGIN__+0x50>
    1310:	81 60       	ori	r24, 0x01	; 1
    1312:	80 93 b0 00 	sts	0x00B0, r24	; 0x8000b0 <__DATA_REGION_ORIGIN__+0x50>
/Users/leyry/Library/Arduino15/packages/MiniCore/hardware/avr/3.1.1/cores/MCUdude_corefiles/wiring.c:1052
#if defined(ADCSRA)
  // set a2d prescaler so we are inside the desired 50-200 KHz range.
  #if F_CPU >= 16000000 // 16 MHz / 128 = 125 KHz
    ADCSRA = _BV(ADPS2) | _BV(ADPS1) | _BV(ADPS0) | _BV(ADEN);
  #elif F_CPU >= 8000000 // 8 MHz / 64 = 125 KHz
    ADCSRA = _BV(ADPS2) | _BV(ADPS1) | _BV(ADEN);
    1316:	86 e8       	ldi	r24, 0x86	; 134
    1318:	80 93 7a 00 	sts	0x007A, r24	; 0x80007a <__DATA_REGION_ORIGIN__+0x1a>
/Users/leyry/Library/Arduino15/packages/MiniCore/hardware/avr/3.1.1/cores/MCUdude_corefiles/wiring.c:1070
  // here so they can be used as normal digital i/o; they will be
  // reconnected in Serial.begin()
#if defined(UCSRB)
  UCSRB = 0;
#elif defined(UCSR0B)
  UCSR0B = 0;
    131c:	10 92 c1 00 	sts	0x00C1, r1	; 0x8000c1 <__DATA_REGION_ORIGIN__+0x61>
    1320:	01 e1       	ldi	r16, 0x11	; 17
    1322:	11 e0       	ldi	r17, 0x01	; 1
    1324:	5d e1       	ldi	r21, 0x1D	; 29
    1326:	e5 2e       	mov	r14, r21
    1328:	51 e0       	ldi	r21, 0x01	; 1
    132a:	f5 2e       	mov	r15, r21
setup():
/Users/leyry/Documents/Electronique/Thermonuino/main/modules/console/console.ino:919
  radio.strobeRx();
}

void setup() {
  for (const ModeInput &input : modeInputs) {
    pinMode(input.pin, INPUT);
    132c:	60 e0       	ldi	r22, 0x00	; 0
    132e:	f8 01       	movw	r30, r16
    1330:	80 81       	ld	r24, Z
    1332:	0e 94 4e 01 	call	0x29c	; 0x29c <pinMode>
    1336:	0e 5f       	subi	r16, 0xFE	; 254
    1338:	1f 4f       	sbci	r17, 0xFF	; 255
/Users/leyry/Documents/Electronique/Thermonuino/main/modules/console/console.ino:918
  }
  radio.strobeRx();
}

void setup() {
  for (const ModeInput &input : modeInputs) {
    133a:	e0 16       	cp	r14, r16
    133c:	f1 06       	cpc	r15, r17
    133e:	b1 f7       	brne	.-20     	; 0x132c <main+0x72>
load():
/Users/leyry/Documents/Electronique/Thermonuino/main/lib/Thermonuino-commons/src/ThermioRfIds.cpp:13
  return id != 0x0000 && id != 0xFFFF && id != forbiddenId;
}

bool load(const EepromSlot &slot, uint16_t &id, uint16_t forbiddenId) {
  const bool magicOk =
      EEPROM.read(slot.magic0) == slot.magicValue0 &&
    1340:	90 e0       	ldi	r25, 0x00	; 0
    1342:	80 e0       	ldi	r24, 0x00	; 0
    1344:	0e 94 b6 07 	call	0xf6c	; 0xf6c <EEPROMClass::read(int) [clone .isra.0] [clone .lto_priv.67]>
    1348:	84 35       	cpi	r24, 0x54	; 84
    134a:	09 f0       	breq	.+2      	; 0x134e <main+0x94>
    134c:	1b c1       	rjmp	.+566    	; 0x1584 <main+0x2ca>
/Users/leyry/Documents/Electronique/Thermonuino/main/lib/Thermonuino-commons/src/ThermioRfIds.cpp:14
      EEPROM.read(slot.magic1) == slot.magicValue1;
    134e:	81 e0       	ldi	r24, 0x01	; 1
    1350:	90 e0       	ldi	r25, 0x00	; 0
    1352:	0e 94 b6 07 	call	0xf6c	; 0xf6c <EEPROMClass::read(int) [clone .isra.0] [clone .lto_priv.67]>
/Users/leyry/Documents/Electronique/Thermonuino/main/lib/Thermonuino-commons/src/ThermioRfIds.cpp:13
  return id != 0x0000 && id != 0xFFFF && id != forbiddenId;
}

bool load(const EepromSlot &slot, uint16_t &id, uint16_t forbiddenId) {
  const bool magicOk =
      EEPROM.read(slot.magic0) == slot.magicValue0 &&
    1356:	83 34       	cpi	r24, 0x43	; 67
    1358:	09 f0       	breq	.+2      	; 0x135c <main+0xa2>
    135a:	14 c1       	rjmp	.+552    	; 0x1584 <main+0x2ca>
/Users/leyry/Documents/Electronique/Thermonuino/main/lib/Thermonuino-commons/src/ThermioRfIds.cpp:20
  if (!magicOk) {
    return false;
  }

  const uint16_t loaded =
      (uint16_t)EEPROM.read(slot.idLow) |
    135c:	82 e0       	ldi	r24, 0x02	; 2
    135e:	90 e0       	ldi	r25, 0x00	; 0
    1360:	0e 94 b6 07 	call	0xf6c	; 0xf6c <EEPROMClass::read(int) [clone .isra.0] [clone .lto_priv.67]>
    1364:	18 2f       	mov	r17, r24
/Users/leyry/Documents/Electronique/Thermonuino/main/lib/Thermonuino-commons/src/ThermioRfIds.cpp:21
      ((uint16_t)EEPROM.read(slot.idHigh) << 8);
    1366:	83 e0       	ldi	r24, 0x03	; 3
    1368:	90 e0       	ldi	r25, 0x00	; 0
    136a:	0e 94 b6 07 	call	0xf6c	; 0xf6c <EEPROMClass::read(int) [clone .isra.0] [clone .lto_priv.67]>
    136e:	98 2f       	mov	r25, r24
    1370:	81 2f       	mov	r24, r17
isValid():
/Users/leyry/Documents/Electronique/Thermonuino/main/lib/Thermonuino-commons/src/ThermioRfIds.cpp:8
#include <EEPROM.h>

namespace ThermioRfIds {

bool isValid(uint16_t id, uint16_t forbiddenId) {
  return id != 0x0000 && id != 0xFFFF && id != forbiddenId;
    1372:	9c 01       	movw	r18, r24
    1374:	21 50       	subi	r18, 0x01	; 1
    1376:	31 09       	sbc	r19, r1
    1378:	2e 3f       	cpi	r18, 0xFE	; 254
    137a:	3f 4f       	sbci	r19, 0xFF	; 255
    137c:	08 f0       	brcs	.+2      	; 0x1380 <main+0xc6>
    137e:	02 c1       	rjmp	.+516    	; 0x1584 <main+0x2ca>
load():
/Users/leyry/Documents/Electronique/Thermonuino/main/lib/Thermonuino-commons/src/ThermioRfIds.cpp:26
      ((uint16_t)EEPROM.read(slot.idHigh) << 8);
  if (!isValid(loaded, forbiddenId)) {
    return false;
  }

  id = loaded;
    1380:	90 93 01 01 	sts	0x0101, r25	; 0x800101 <__data_start+0x1>
    1384:	80 93 00 01 	sts	0x0100, r24	; 0x800100 <__data_start>
main():
/Users/leyry/Documents/Electronique/Thermonuino/main/lib/Thermonuino-commons/src/ThermioRfIds.cpp:53
    seed = (seed << 5) | (seed >> 27);
    delay(2);
  }

  const uint16_t generated = (uint16_t)(seed & 0x7FFF);
  return isValid(generated, forbiddenId) ? generated : fallbackId;
    1388:	e3 ef       	ldi	r30, 0xF3	; 243
    138a:	f1 e0       	ldi	r31, 0x01	; 1
clearAssociationTableRam():
/Users/leyry/Documents/Electronique/Thermonuino/main/modules/console/console.ino:393
  return EEPROM_ASSOC_FIRST + index * RF_ASSOC_ENTRY_LEN;
}

void clearAssociationTableRam() {
  for (uint8_t i = 0; i < RF_MAX_ASSOCIATED_SLAVES; i++) {
    associatedSlaves[i].nodeId = ThermioRfFrame::BroadcastId;
    138c:	11 82       	std	Z+1, r1	; 0x01
    138e:	10 82       	st	Z, r1
/Users/leyry/Documents/Electronique/Thermonuino/main/modules/console/console.ino:394
    associatedSlaves[i].deviceType = 0;
    1390:	12 82       	std	Z+2, r1	; 0x02
/Users/leyry/Documents/Electronique/Thermonuino/main/modules/console/console.ino:395
    associatedSlaves[i].zone = 0;
    1392:	13 82       	std	Z+3, r1	; 0x03
    1394:	34 96       	adiw	r30, 0x04	; 4
/Users/leyry/Documents/Electronique/Thermonuino/main/modules/console/console.ino:392
int eepromAssocAddress(uint8_t index) {
  return EEPROM_ASSOC_FIRST + index * RF_ASSOC_ENTRY_LEN;
}

void clearAssociationTableRam() {
  for (uint8_t i = 0; i < RF_MAX_ASSOCIATED_SLAVES; i++) {
    1396:	32 e0       	ldi	r19, 0x02	; 2
    1398:	eb 31       	cpi	r30, 0x1B	; 27
    139a:	f3 07       	cpc	r31, r19
    139c:	b9 f7       	brne	.-18     	; 0x138c <main+0xd2>
loadAssociationTableFromEeprom():
/Users/leyry/Documents/Electronique/Thermonuino/main/modules/console/console.ino:402
}

void loadAssociationTableFromEeprom() {
  clearAssociationTableRam();
  const bool magicOk =
      EEPROM.read(EEPROM_ASSOC_MAGIC_0) == EEPROM_ASSOC_MAGIC_VALUE_0 &&
    139e:	84 e0       	ldi	r24, 0x04	; 4
    13a0:	90 e0       	ldi	r25, 0x00	; 0
    13a2:	0e 94 b6 07 	call	0xf6c	; 0xf6c <EEPROMClass::read(int) [clone .isra.0] [clone .lto_priv.67]>
    13a6:	84 35       	cpi	r24, 0x54	; 84
    13a8:	e1 f5       	brne	.+120    	; 0x1422 <main+0x168>
/Users/leyry/Documents/Electronique/Thermonuino/main/modules/console/console.ino:403
      EEPROM.read(EEPROM_ASSOC_MAGIC_1) == EEPROM_ASSOC_MAGIC_VALUE_1;
    13aa:	85 e0       	ldi	r24, 0x05	; 5
    13ac:	90 e0       	ldi	r25, 0x00	; 0
    13ae:	0e 94 b6 07 	call	0xf6c	; 0xf6c <EEPROMClass::read(int) [clone .isra.0] [clone .lto_priv.67]>
/Users/leyry/Documents/Electronique/Thermonuino/main/modules/console/console.ino:402
}

void loadAssociationTableFromEeprom() {
  clearAssociationTableRam();
  const bool magicOk =
      EEPROM.read(EEPROM_ASSOC_MAGIC_0) == EEPROM_ASSOC_MAGIC_VALUE_0 &&
    13b2:	81 34       	cpi	r24, 0x41	; 65
    13b4:	b1 f5       	brne	.+108    	; 0x1422 <main+0x168>
/Users/leyry/Documents/Electronique/Thermonuino/main/modules/console/console.ino:415
    const uint16_t nodeId =
        (uint16_t)EEPROM.read(address) |
        ((uint16_t)EEPROM.read(address + 1) << 8);
    const uint8_t deviceType = EEPROM.read(address + 2);
    const uint8_t zone = EEPROM.read(address + 3);
    if (ThermioRfIds::isValid(nodeId, consoleId) && zone >= 1 && zone <= RF_ASSOC_ZONE_COUNT) {
    13b6:	a0 90 00 01 	lds	r10, 0x0100	; 0x800100 <__data_start>
    13ba:	b0 90 01 01 	lds	r11, 0x0101	; 0x800101 <__data_start+0x1>
    13be:	e3 ef       	ldi	r30, 0xF3	; 243
    13c0:	ee 2e       	mov	r14, r30
    13c2:	e1 e0       	ldi	r30, 0x01	; 1
    13c4:	fe 2e       	mov	r15, r30
    13c6:	06 e0       	ldi	r16, 0x06	; 6
    13c8:	10 e0       	ldi	r17, 0x00	; 0
/Users/leyry/Documents/Electronique/Thermonuino/main/modules/console/console.ino:411
  }

  for (uint8_t i = 0; i < RF_MAX_ASSOCIATED_SLAVES; i++) {
    const int address = eepromAssocAddress(i);
    const uint16_t nodeId =
        (uint16_t)EEPROM.read(address) |
    13ca:	c8 01       	movw	r24, r16
    13cc:	0e 94 b6 07 	call	0xf6c	; 0xf6c <EEPROMClass::read(int) [clone .isra.0] [clone .lto_priv.67]>
    13d0:	c8 2e       	mov	r12, r24
/Users/leyry/Documents/Electronique/Thermonuino/main/modules/console/console.ino:412
        ((uint16_t)EEPROM.read(address + 1) << 8);
    13d2:	c8 01       	movw	r24, r16
    13d4:	01 96       	adiw	r24, 0x01	; 1
    13d6:	0e 94 b6 07 	call	0xf6c	; 0xf6c <EEPROMClass::read(int) [clone .isra.0] [clone .lto_priv.67]>
    13da:	d8 2e       	mov	r13, r24
/Users/leyry/Documents/Electronique/Thermonuino/main/modules/console/console.ino:413
    const uint8_t deviceType = EEPROM.read(address + 2);
    13dc:	c8 01       	movw	r24, r16
    13de:	02 96       	adiw	r24, 0x02	; 2
    13e0:	0e 94 b6 07 	call	0xf6c	; 0xf6c <EEPROMClass::read(int) [clone .isra.0] [clone .lto_priv.67]>
    13e4:	98 2e       	mov	r9, r24
/Users/leyry/Documents/Electronique/Thermonuino/main/modules/console/console.ino:414
    const uint8_t zone = EEPROM.read(address + 3);
    13e6:	c8 01       	movw	r24, r16
    13e8:	03 96       	adiw	r24, 0x03	; 3
    13ea:	0e 94 b6 07 	call	0xf6c	; 0xf6c <EEPROMClass::read(int) [clone .isra.0] [clone .lto_priv.67]>
isValid():
/Users/leyry/Documents/Electronique/Thermonuino/main/lib/Thermonuino-commons/src/ThermioRfIds.cpp:8
#include <EEPROM.h>

namespace ThermioRfIds {

bool isValid(uint16_t id, uint16_t forbiddenId) {
  return id != 0x0000 && id != 0xFFFF && id != forbiddenId;
    13ee:	96 01       	movw	r18, r12
    13f0:	21 50       	subi	r18, 0x01	; 1
    13f2:	31 09       	sbc	r19, r1
    13f4:	2e 3f       	cpi	r18, 0xFE	; 254
    13f6:	3f 4f       	sbci	r19, 0xFF	; 255
    13f8:	60 f4       	brcc	.+24     	; 0x1412 <main+0x158>
    13fa:	ca 14       	cp	r12, r10
    13fc:	db 04       	cpc	r13, r11
    13fe:	49 f0       	breq	.+18     	; 0x1412 <main+0x158>
loadAssociationTableFromEeprom():
/Users/leyry/Documents/Electronique/Thermonuino/main/modules/console/console.ino:415
    if (ThermioRfIds::isValid(nodeId, consoleId) && zone >= 1 && zone <= RF_ASSOC_ZONE_COUNT) {
    1400:	9f ef       	ldi	r25, 0xFF	; 255
    1402:	98 0f       	add	r25, r24
    1404:	95 30       	cpi	r25, 0x05	; 5
    1406:	28 f4       	brcc	.+10     	; 0x1412 <main+0x158>
/Users/leyry/Documents/Electronique/Thermonuino/main/modules/console/console.ino:416
      associatedSlaves[i].nodeId = nodeId;
    1408:	f7 01       	movw	r30, r14
    140a:	d1 82       	std	Z+1, r13	; 0x01
    140c:	c0 82       	st	Z, r12
/Users/leyry/Documents/Electronique/Thermonuino/main/modules/console/console.ino:417
      associatedSlaves[i].deviceType = deviceType;
    140e:	92 82       	std	Z+2, r9	; 0x02
/Users/leyry/Documents/Electronique/Thermonuino/main/modules/console/console.ino:418
      associatedSlaves[i].zone = zone;
    1410:	83 83       	std	Z+3, r24	; 0x03
    1412:	0c 5f       	subi	r16, 0xFC	; 252
    1414:	1f 4f       	sbci	r17, 0xFF	; 255
    1416:	f4 e0       	ldi	r31, 0x04	; 4
    1418:	ef 0e       	add	r14, r31
    141a:	f1 1c       	adc	r15, r1
/Users/leyry/Documents/Electronique/Thermonuino/main/modules/console/console.ino:408
      EEPROM.read(EEPROM_ASSOC_MAGIC_1) == EEPROM_ASSOC_MAGIC_VALUE_1;
  if (!magicOk) {
    return;
  }

  for (uint8_t i = 0; i < RF_MAX_ASSOCIATED_SLAVES; i++) {
    141c:	0e 32       	cpi	r16, 0x2E	; 46
    141e:	11 05       	cpc	r17, r1
    1420:	a1 f6       	brne	.-88     	; 0x13ca <main+0x110>
/Users/leyry/Documents/Electronique/Thermonuino/main/modules/console/console.ino:415
    const uint16_t nodeId =
        (uint16_t)EEPROM.read(address) |
        ((uint16_t)EEPROM.read(address + 1) << 8);
    const uint8_t deviceType = EEPROM.read(address + 2);
    const uint8_t zone = EEPROM.read(address + 3);
    if (ThermioRfIds::isValid(nodeId, consoleId) && zone >= 1 && zone <= RF_ASSOC_ZONE_COUNT) {
    1422:	70 e3       	ldi	r23, 0x30	; 48
    1424:	e7 2e       	mov	r14, r23
    1426:	72 e0       	ldi	r23, 0x02	; 2
    1428:	f7 2e       	mov	r15, r23
initializeZoneStates():
/Users/leyry/Documents/Electronique/Thermonuino/main/modules/console/console.ino:374
}

void initializeZoneStates() {
  for (uint8_t i = 0; i < PILOTE_ZONE_COUNT; i++) {
    zones[i].workload = 0;
    zones[i].powerVa = FALLBACK_ZONE_POWER_VA;
    142a:	2c ed       	ldi	r18, 0xDC	; 220
    142c:	35 e0       	ldi	r19, 0x05	; 5
/Users/leyry/Documents/Electronique/Thermonuino/main/modules/console/console.ino:376
    zones[i].lastHeatAt = 0;
    zones[i].measuredTempDeciC = FALLBACK_MEASURED_TEMP_DECI_C;
    142e:	84 eb       	ldi	r24, 0xB4	; 180
    1430:	90 e0       	ldi	r25, 0x00	; 0
/Users/leyry/Documents/Electronique/Thermonuino/main/modules/console/console.ino:373
  }
}

void initializeZoneStates() {
  for (uint8_t i = 0; i < PILOTE_ZONE_COUNT; i++) {
    zones[i].workload = 0;
    1432:	f7 01       	movw	r30, r14
    1434:	10 82       	st	Z, r1
/Users/leyry/Documents/Electronique/Thermonuino/main/modules/console/console.ino:374
    zones[i].powerVa = FALLBACK_ZONE_POWER_VA;
    1436:	32 83       	std	Z+2, r19	; 0x02
    1438:	21 83       	std	Z+1, r18	; 0x01
/Users/leyry/Documents/Electronique/Thermonuino/main/modules/console/console.ino:375
    zones[i].lastHeatAt = 0;
    143a:	13 82       	std	Z+3, r1	; 0x03
    143c:	14 82       	std	Z+4, r1	; 0x04
    143e:	15 82       	std	Z+5, r1	; 0x05
    1440:	16 82       	std	Z+6, r1	; 0x06
/Users/leyry/Documents/Electronique/Thermonuino/main/modules/console/console.ino:376
    zones[i].measuredTempDeciC = FALLBACK_MEASURED_TEMP_DECI_C;
    1442:	90 87       	std	Z+8, r25	; 0x08
    1444:	87 83       	std	Z+7, r24	; 0x07
/Users/leyry/Documents/Electronique/Thermonuino/main/modules/console/console.ino:377
    zones[i].hasTemperature = false;
    1446:	11 86       	std	Z+9, r1	; 0x09
/Users/leyry/Documents/Electronique/Thermonuino/main/modules/console/console.ino:378
    zones[i].heatSeen = false;
    1448:	12 86       	std	Z+10, r1	; 0x0a
/Users/leyry/Documents/Electronique/Thermonuino/main/modules/console/console.ino:379
    zones[i].doorOpen = false;
    144a:	13 86       	std	Z+11, r1	; 0x0b
/Users/leyry/Documents/Electronique/Thermonuino/main/modules/console/console.ino:380
    zones[i].sondeLowBattery = false;
    144c:	14 86       	std	Z+12, r1	; 0x0c
/Users/leyry/Documents/Electronique/Thermonuino/main/modules/console/console.ino:381
    zones[i].doorLowBattery = false;
    144e:	15 86       	std	Z+13, r1	; 0x0d
/Users/leyry/Documents/Electronique/Thermonuino/main/modules/console/console.ino:382
    zones[i].sondeMissing = false;
    1450:	16 86       	std	Z+14, r1	; 0x0e
/Users/leyry/Documents/Electronique/Thermonuino/main/modules/console/console.ino:383
    zones[i].doorMissing = false;
    1452:	17 86       	std	Z+15, r1	; 0x0f
    1454:	f0 e1       	ldi	r31, 0x10	; 16
    1456:	ef 0e       	add	r14, r31
    1458:	f1 1c       	adc	r15, r1
/Users/leyry/Documents/Electronique/Thermonuino/main/modules/console/console.ino:372
    ThermioRfIds::save(EEPROM_CONSOLE_ID, consoleId);
  }
}

void initializeZoneStates() {
  for (uint8_t i = 0; i < PILOTE_ZONE_COUNT; i++) {
    145a:	40 e7       	ldi	r20, 0x70	; 112
    145c:	e4 16       	cp	r14, r20
    145e:	42 e0       	ldi	r20, 0x02	; 2
    1460:	f4 06       	cpc	r15, r20
    1462:	39 f7       	brne	.-50     	; 0x1432 <main+0x178>
begin():
/Users/leyry/Library/Arduino15/packages/MiniCore/hardware/avr/3.1.1/cores/MCUdude_corefiles/HardwareSerial.cpp:121

void HardwareSerial::begin(unsigned long baud, byte config)
{
  // Try u2x mode first
  uint16_t baud_setting = (F_CPU / 4 / baud - 1) / 2;
  *_ucsra = 1 << U2X0;
    1464:	e0 91 9b 02 	lds	r30, 0x029B	; 0x80029b <Serial+0x10>
    1468:	f0 91 9c 02 	lds	r31, 0x029C	; 0x80029c <Serial+0x11>
    146c:	82 e0       	ldi	r24, 0x02	; 2
    146e:	80 83       	st	Z, r24
/Users/leyry/Library/Arduino15/packages/MiniCore/hardware/avr/3.1.1/cores/MCUdude_corefiles/HardwareSerial.cpp:135
    *_ucsra = 0;
    baud_setting = (F_CPU / 8 / baud - 1) / 2;
  }

  // assign the baud_setting, a.k.a. ubrr (USART Baud Rate Register)
  *_ubrrh = baud_setting >> 8;
    1470:	e0 91 97 02 	lds	r30, 0x0297	; 0x800297 <Serial+0xc>
    1474:	f0 91 98 02 	lds	r31, 0x0298	; 0x800298 <Serial+0xd>
    1478:	10 82       	st	Z, r1
/Users/leyry/Library/Arduino15/packages/MiniCore/hardware/avr/3.1.1/cores/MCUdude_corefiles/HardwareSerial.cpp:136
  *_ubrrl = baud_setting;
    147a:	e0 91 99 02 	lds	r30, 0x0299	; 0x800299 <Serial+0xe>
    147e:	f0 91 9a 02 	lds	r31, 0x029A	; 0x80029a <Serial+0xf>
    1482:	87 e6       	ldi	r24, 0x67	; 103
    1484:	80 83       	st	Z, r24
/Users/leyry/Library/Arduino15/packages/MiniCore/hardware/avr/3.1.1/cores/MCUdude_corefiles/HardwareSerial.cpp:138

  _written = false;
    1486:	10 92 a3 02 	sts	0x02A3, r1	; 0x8002a3 <Serial+0x18>
/Users/leyry/Library/Arduino15/packages/MiniCore/hardware/avr/3.1.1/cores/MCUdude_corefiles/HardwareSerial.cpp:146
#if defined(__AVR_ATmega8__) || defined(__AVR_ATmega8515__) || defined(__AVR_ATmega162__) \
|| defined(__AVR_ATmega8535__) || defined(__AVR_ATmega16__)|| defined(__AVR_ATmega32__)   \
|| defined(__AVR_ATmega162__)
  config |= 0x80; // select UCSRC register (shared with UBRRH)
#endif
  *_ucsrc = config;
    148a:	e0 91 9f 02 	lds	r30, 0x029F	; 0x80029f <Serial+0x14>
    148e:	f0 91 a0 02 	lds	r31, 0x02A0	; 0x8002a0 <Serial+0x15>
    1492:	86 e0       	ldi	r24, 0x06	; 6
    1494:	80 83       	st	Z, r24
/Users/leyry/Library/Arduino15/packages/MiniCore/hardware/avr/3.1.1/cores/MCUdude_corefiles/HardwareSerial.cpp:148
  
  *_ucsrb |= _BV(RXEN0) | _BV(TXEN0) | _BV(RXCIE0);
    1496:	e0 91 9d 02 	lds	r30, 0x029D	; 0x80029d <Serial+0x12>
    149a:	f0 91 9e 02 	lds	r31, 0x029E	; 0x80029e <Serial+0x13>
    149e:	80 81       	ld	r24, Z
    14a0:	88 69       	ori	r24, 0x98	; 152
    14a2:	80 83       	st	Z, r24
/Users/leyry/Library/Arduino15/packages/MiniCore/hardware/avr/3.1.1/cores/MCUdude_corefiles/HardwareSerial.cpp:149
  *_ucsrb &= ~_BV(UDRIE0);
    14a4:	e0 91 9d 02 	lds	r30, 0x029D	; 0x80029d <Serial+0x12>
    14a8:	f0 91 9e 02 	lds	r31, 0x029E	; 0x80029e <Serial+0x13>
    14ac:	80 81       	ld	r24, Z
    14ae:	8f 7d       	andi	r24, 0xDF	; 223
    14b0:	80 83       	st	Z, r24
initializeModeSelection():
/Users/leyry/Documents/Electronique/Thermonuino/main/modules/console/console.ino:683
  }
  return activeCount > 1 ? MODE_INVALID : activeMode;
}

void initializeModeSelection() {
  const ModeValue rawMode = readRawMode();
    14b2:	0e 94 4f 05 	call	0xa9e	; 0xa9e <readRawMode()>
    14b6:	18 2f       	mov	r17, r24
/Users/leyry/Documents/Electronique/Thermonuino/main/modules/console/console.ino:684
  stableMode = (rawMode != MODE_NONE && rawMode != MODE_INVALID) ? rawMode : MODE_NORMAL;
    14b8:	88 23       	and	r24, r24
    14ba:	11 f0       	breq	.+4      	; 0x14c0 <main+0x206>
    14bc:	87 30       	cpi	r24, 0x07	; 7
    14be:	09 f4       	brne	.+2      	; 0x14c2 <main+0x208>
main():
    14c0:	11 e0       	ldi	r17, 0x01	; 1
initializeModeSelection():
    14c2:	10 93 81 02 	sts	0x0281, r17	; 0x800281 <stableMode>
/Users/leyry/Documents/Electronique/Thermonuino/main/modules/console/console.ino:685
  lastRawMode = stableMode;
    14c6:	10 93 2f 02 	sts	0x022F, r17	; 0x80022f <lastRawMode>
/Users/leyry/Documents/Electronique/Thermonuino/main/modules/console/console.ino:686
  lastModeBeforeNormal = MODE_NORMAL;
    14ca:	81 e0       	ldi	r24, 0x01	; 1
    14cc:	80 93 02 01 	sts	0x0102, r24	; 0x800102 <lastModeBeforeNormal>
/Users/leyry/Documents/Electronique/Thermonuino/main/modules/console/console.ino:687
  modeChangedAt = millis();
    14d0:	0e 94 8e 03 	call	0x71c	; 0x71c <millis>
    14d4:	60 93 2b 02 	sts	0x022B, r22	; 0x80022b <modeChangedAt>
    14d8:	70 93 2c 02 	sts	0x022C, r23	; 0x80022c <modeChangedAt+0x1>
    14dc:	80 93 2d 02 	sts	0x022D, r24	; 0x80022d <modeChangedAt+0x2>
    14e0:	90 93 2e 02 	sts	0x022E, r25	; 0x80022e <modeChangedAt+0x3>
/Users/leyry/Documents/Electronique/Thermonuino/main/modules/console/console.ino:688
  enteredNormalAt = millis();
    14e4:	0e 94 8e 03 	call	0x71c	; 0x71c <millis>
    14e8:	60 93 27 02 	sts	0x0227, r22	; 0x800227 <enteredNormalAt>
    14ec:	70 93 28 02 	sts	0x0228, r23	; 0x800228 <enteredNormalAt+0x1>
    14f0:	80 93 29 02 	sts	0x0229, r24	; 0x800229 <enteredNormalAt+0x2>
    14f4:	90 93 2a 02 	sts	0x022A, r25	; 0x80022a <enteredNormalAt+0x3>
main():
/Users/leyry/Documents/Electronique/Thermonuino/main/modules/console/console.ino:689
  plusMinusOffsetC = stableMode == MODE_MOINS ? -MODE_DELTA_STEP_C :
    14f8:	8f ef       	ldi	r24, 0xFF	; 255
initializeModeSelection():
    14fa:	12 30       	cpi	r17, 0x02	; 2
    14fc:	21 f0       	breq	.+8      	; 0x1506 <main+0x24c>
    14fe:	81 e0       	ldi	r24, 0x01	; 1
    1500:	13 30       	cpi	r17, 0x03	; 3
    1502:	09 f0       	breq	.+2      	; 0x1506 <main+0x24c>
    1504:	80 e0       	ldi	r24, 0x00	; 0
    1506:	80 93 26 02 	sts	0x0226, r24	; 0x800226 <plusMinusOffsetC>
/Users/leyry/Documents/Electronique/Thermonuino/main/modules/console/console.ino:691
      stableMode == MODE_PLUS ? MODE_DELTA_STEP_C : 0;
  if (stableMode == MODE_DOUCHE) {
    150a:	16 30       	cpi	r17, 0x06	; 6
    150c:	71 f4       	brne	.+28     	; 0x152a <main+0x270>
/Users/leyry/Documents/Electronique/Thermonuino/main/modules/console/console.ino:692
    doucheUntil = millis() + DOUCHE_DURATION_MS;
    150e:	0e 94 8e 03 	call	0x71c	; 0x71c <millis>
    1512:	60 5c       	subi	r22, 0xC0	; 192
    1514:	78 48       	sbci	r23, 0x88	; 136
    1516:	84 4e       	sbci	r24, 0xE4	; 228
    1518:	9f 4f       	sbci	r25, 0xFF	; 255
    151a:	60 93 22 02 	sts	0x0222, r22	; 0x800222 <doucheUntil>
    151e:	70 93 23 02 	sts	0x0223, r23	; 0x800223 <doucheUntil+0x1>
    1522:	80 93 24 02 	sts	0x0224, r24	; 0x800224 <doucheUntil+0x2>
    1526:	90 93 25 02 	sts	0x0225, r25	; 0x800225 <doucheUntil+0x3>
/Users/leyry/Documents/Electronique/Thermonuino/main/modules/console/console.ino:694
  }
  recomputeZoneWorkloads();
    152a:	0e 94 f2 05 	call	0xbe4	; 0xbe4 <recomputeZoneWorkloads()>
/Users/leyry/Documents/Electronique/Thermonuino/main/modules/console/console.ino:695
  doucheWasActive = doucheActive();
    152e:	0e 94 a6 05 	call	0xb4c	; 0xb4c <doucheActive()>
    1532:	80 93 21 02 	sts	0x0221, r24	; 0x800221 <doucheWasActive>
setBrightness():
/Users/leyry/Documents/Arduino/libraries/Adafruit_NeoPixel/Adafruit_NeoPixel.cpp:3607
  // 8x8-bit multiply and taking the MSB. 'brightness' is a uint8_t,
  // adding 1 here may (intentionally) roll over...so 0 = max brightness
  // (color values are interpreted literally; no scaling), 1 = min
  // brightness (off), 255 = just below max brightness.
  uint8_t newBrightness = b + 1;
  if (newBrightness != brightness) { // Compare against prior value
    1536:	60 91 37 03 	lds	r22, 0x0337	; 0x800337 <leds+0x8>
    153a:	64 30       	cpi	r22, 0x04	; 4
    153c:	09 f4       	brne	.+2      	; 0x1540 <main+0x286>
    153e:	9f c0       	rjmp	.+318    	; 0x167e <main+0x3c4>
/Users/leyry/Documents/Arduino/libraries/Adafruit_NeoPixel/Adafruit_NeoPixel.cpp:3618
    // and scale it (subsequent graphics commands also work at this
    // brightness level). If there's a significant step up in brightness,
    // the limited number of steps (quantization) in the old data will be
    // quite visible in the re-scaled version. For a non-destructive
    // change, you'll need to re-render the full strip data. C'est la vie.
    uint8_t c, *ptr = pixels,
    1540:	20 91 38 03 	lds	r18, 0x0338	; 0x800338 <leds+0x9>
    1544:	30 91 39 03 	lds	r19, 0x0339	; 0x800339 <leds+0xa>
/Users/leyry/Documents/Arduino/libraries/Adafruit_NeoPixel/Adafruit_NeoPixel.cpp:3619
               oldBrightness = brightness - 1; // De-wrap old brightness value
    1548:	61 50       	subi	r22, 0x01	; 1
/Users/leyry/Documents/Arduino/libraries/Adafruit_NeoPixel/Adafruit_NeoPixel.cpp:3621
    uint16_t scale;
    if (oldBrightness == 0)
    154a:	09 f4       	brne	.+2      	; 0x154e <main+0x294>
    154c:	92 c0       	rjmp	.+292    	; 0x1672 <main+0x3b8>
/Users/leyry/Documents/Arduino/libraries/Adafruit_NeoPixel/Adafruit_NeoPixel.cpp:3626
      scale = 0; // Avoid /0
    else if (b == 255)
      scale = 65535 / oldBrightness;
    else
      scale = (((uint16_t)newBrightness << 8) - 1) / oldBrightness;
    154e:	70 e0       	ldi	r23, 0x00	; 0
    1550:	8f ef       	ldi	r24, 0xFF	; 255
    1552:	93 e0       	ldi	r25, 0x03	; 3
    1554:	0e 94 f6 13 	call	0x27ec	; 0x27ec <__udivmodhi4>
main():
/Users/leyry/Documents/Arduino/libraries/Adafruit_NeoPixel/Adafruit_NeoPixel.cpp:3618
    // and scale it (subsequent graphics commands also work at this
    // brightness level). If there's a significant step up in brightness,
    // the limited number of steps (quantization) in the old data will be
    // quite visible in the re-scaled version. For a non-destructive
    // change, you'll need to re-render the full strip data. C'est la vie.
    uint8_t c, *ptr = pixels,
    1558:	f9 01       	movw	r30, r18
setBrightness():
/Users/leyry/Documents/Arduino/libraries/Adafruit_NeoPixel/Adafruit_NeoPixel.cpp:3627
      scale = 0; // Avoid /0
    else if (b == 255)
      scale = 65535 / oldBrightness;
    else
      scale = (((uint16_t)newBrightness << 8) - 1) / oldBrightness;
    for (uint16_t i = 0; i < numBytes; i++) {
    155a:	40 91 33 03 	lds	r20, 0x0333	; 0x800333 <leds+0x4>
    155e:	50 91 34 03 	lds	r21, 0x0334	; 0x800334 <leds+0x5>
    1562:	cf 01       	movw	r24, r30
    1564:	82 1b       	sub	r24, r18
    1566:	93 0b       	sbc	r25, r19
    1568:	84 17       	cp	r24, r20
    156a:	95 07       	cpc	r25, r21
    156c:	08 f0       	brcs	.+2      	; 0x1570 <main+0x2b6>
    156e:	84 c0       	rjmp	.+264    	; 0x1678 <main+0x3be>
/Users/leyry/Documents/Arduino/libraries/Adafruit_NeoPixel/Adafruit_NeoPixel.cpp:3629
      c = *ptr;
      *ptr++ = (c * scale) >> 8;
    1570:	df 01       	movw	r26, r30
    1572:	4d 91       	ld	r20, X+
    1574:	46 9f       	mul	r20, r22
    1576:	c0 01       	movw	r24, r0
    1578:	47 9f       	mul	r20, r23
    157a:	90 0d       	add	r25, r0
    157c:	11 24       	eor	r1, r1
    157e:	90 83       	st	Z, r25
main():
    1580:	fd 01       	movw	r30, r26
    1582:	eb cf       	rjmp	.-42     	; 0x155a <main+0x2a0>
generate():
/Users/leyry/Documents/Electronique/Thermonuino/main/lib/Thermonuino-commons/src/ThermioRfIds.cpp:45
  EEPROM.update(slot.idLow, 0xFF);
  EEPROM.update(slot.idHigh, 0xFF);
}

uint16_t generate(uint8_t entropyPin, uint16_t fallbackId, uint16_t forbiddenId) {
  uint32_t seed = micros() ^ ((uint32_t)millis() << 16);
    1584:	0e 94 87 01 	call	0x30e	; 0x30e <micros>
    1588:	4b 01       	movw	r8, r22
    158a:	5c 01       	movw	r10, r24
    158c:	0e 94 8e 03 	call	0x71c	; 0x71c <millis>
    1590:	7b 01       	movw	r14, r22
    1592:	dd 24       	eor	r13, r13
    1594:	cc 24       	eor	r12, r12
    1596:	c8 24       	eor	r12, r8
    1598:	d9 24       	eor	r13, r9
    159a:	ea 24       	eor	r14, r10
    159c:	fb 24       	eor	r15, r11
main():
/Users/leyry/Documents/Electronique/Thermonuino/main/lib/Thermonuino-commons/src/ThermioRfIds.cpp:46
  for (uint8_t i = 0; i < 24; i++) {
    159e:	b1 2c       	mov	r11, r1
analogRead():
/Users/leyry/Library/Arduino15/packages/MiniCore/hardware/avr/3.1.1/cores/MCUdude_corefiles/wiring_analog.c:68
  
  // set the analog reference (high two bits of ADMUX) and select the
  // channel (low 4 bits).  this also sets ADLAR (left-adjust result)
  // to 0 (the default).
#if defined(ADMUX)
  ADMUX = (analog_reference << 6) | (pin & 0x07);
    15a0:	30 e4       	ldi	r19, 0x40	; 64
    15a2:	93 2e       	mov	r9, r19
generate():
/Users/leyry/Documents/Electronique/Thermonuino/main/lib/Thermonuino-commons/src/ThermioRfIds.cpp:47
    seed ^= (uint32_t)analogRead(entropyPin) << (i % 10);
    15a4:	4a e0       	ldi	r20, 0x0A	; 10
    15a6:	a4 2e       	mov	r10, r20
analogRead():
/Users/leyry/Library/Arduino15/packages/MiniCore/hardware/avr/3.1.1/cores/MCUdude_corefiles/wiring_analog.c:68
    15a8:	90 92 7c 00 	sts	0x007C, r9	; 0x80007c <__DATA_REGION_ORIGIN__+0x1c>
/Users/leyry/Library/Arduino15/packages/MiniCore/hardware/avr/3.1.1/cores/MCUdude_corefiles/wiring_analog.c:76
  // without a delay, we seem to read from the wrong channel
  //delay(1);

#if defined(ADCSRA) && defined(ADC)
  // start the conversion
  ADCSRA |= _BV(ADSC);
    15ac:	80 91 7a 00 	lds	r24, 0x007A	; 0x80007a <__DATA_REGION_ORIGIN__+0x1a>
    15b0:	80 64       	ori	r24, 0x40	; 64
    15b2:	80 93 7a 00 	sts	0x007A, r24	; 0x80007a <__DATA_REGION_ORIGIN__+0x1a>
/Users/leyry/Library/Arduino15/packages/MiniCore/hardware/avr/3.1.1/cores/MCUdude_corefiles/wiring_analog.c:79

  // ADSC is cleared when the conversion finishes
  while (ADCSRA & _BV(ADSC)) {};
    15b6:	80 91 7a 00 	lds	r24, 0x007A	; 0x80007a <__DATA_REGION_ORIGIN__+0x1a>
    15ba:	86 fd       	sbrc	r24, 6
    15bc:	fc cf       	rjmp	.-8      	; 0x15b6 <main+0x2fc>
/Users/leyry/Library/Arduino15/packages/MiniCore/hardware/avr/3.1.1/cores/MCUdude_corefiles/wiring_analog.c:83

  // ADC macro takes care of reading ADC register.
 	// avr-gcc implements the proper reading order: ADCL is read first.
 	return ADC;
    15be:	00 91 78 00 	lds	r16, 0x0078	; 0x800078 <__DATA_REGION_ORIGIN__+0x18>
    15c2:	10 91 79 00 	lds	r17, 0x0079	; 0x800079 <__DATA_REGION_ORIGIN__+0x19>
generate():
/Users/leyry/Documents/Electronique/Thermonuino/main/lib/Thermonuino-commons/src/ThermioRfIds.cpp:47
    15c6:	01 2e       	mov	r0, r17
    15c8:	00 0c       	add	r0, r0
    15ca:	22 0b       	sbc	r18, r18
    15cc:	33 0b       	sbc	r19, r19
    15ce:	8b 2d       	mov	r24, r11
    15d0:	6a 2d       	mov	r22, r10
    15d2:	0e 94 ea 13 	call	0x27d4	; 0x27d4 <__udivmodqi4>
    15d6:	04 c0       	rjmp	.+8      	; 0x15e0 <main+0x326>
    15d8:	00 0f       	add	r16, r16
    15da:	11 1f       	adc	r17, r17
    15dc:	22 1f       	adc	r18, r18
    15de:	33 1f       	adc	r19, r19
    15e0:	9a 95       	dec	r25
    15e2:	d2 f7       	brpl	.-12     	; 0x15d8 <main+0x31e>
    15e4:	c0 26       	eor	r12, r16
    15e6:	d1 26       	eor	r13, r17
    15e8:	e2 26       	eor	r14, r18
    15ea:	f3 26       	eor	r15, r19
/Users/leyry/Documents/Electronique/Thermonuino/main/lib/Thermonuino-commons/src/ThermioRfIds.cpp:48
    seed = (seed << 5) | (seed >> 27);
    15ec:	d7 01       	movw	r26, r14
    15ee:	c6 01       	movw	r24, r12
    15f0:	15 e0       	ldi	r17, 0x05	; 5
    15f2:	88 0f       	add	r24, r24
    15f4:	99 1f       	adc	r25, r25
    15f6:	aa 1f       	adc	r26, r26
    15f8:	bb 1f       	adc	r27, r27
    15fa:	1a 95       	dec	r17
    15fc:	d1 f7       	brne	.-12     	; 0x15f2 <main+0x338>
    15fe:	0b e1       	ldi	r16, 0x1B	; 27
    1600:	f6 94       	lsr	r15
    1602:	e7 94       	ror	r14
    1604:	d7 94       	ror	r13
    1606:	c7 94       	ror	r12
    1608:	0a 95       	dec	r16
    160a:	d1 f7       	brne	.-12     	; 0x1600 <main+0x346>
    160c:	c8 2a       	or	r12, r24
    160e:	d9 2a       	or	r13, r25
    1610:	ea 2a       	or	r14, r26
    1612:	fb 2a       	or	r15, r27
/Users/leyry/Documents/Electronique/Thermonuino/main/lib/Thermonuino-commons/src/ThermioRfIds.cpp:49
    delay(2);
    1614:	62 e0       	ldi	r22, 0x02	; 2
    1616:	70 e0       	ldi	r23, 0x00	; 0
    1618:	80 e0       	ldi	r24, 0x00	; 0
    161a:	90 e0       	ldi	r25, 0x00	; 0
    161c:	0e 94 5c 03 	call	0x6b8	; 0x6b8 <delay>
/Users/leyry/Documents/Electronique/Thermonuino/main/lib/Thermonuino-commons/src/ThermioRfIds.cpp:46
  EEPROM.update(slot.idHigh, 0xFF);
}

uint16_t generate(uint8_t entropyPin, uint16_t fallbackId, uint16_t forbiddenId) {
  uint32_t seed = micros() ^ ((uint32_t)millis() << 16);
  for (uint8_t i = 0; i < 24; i++) {
    1620:	b3 94       	inc	r11
    1622:	88 e1       	ldi	r24, 0x18	; 24
    1624:	88 2e       	mov	r8, r24
    1626:	b8 10       	cpse	r11, r8
    1628:	bf cf       	rjmp	.-130    	; 0x15a8 <main+0x2ee>
/Users/leyry/Documents/Electronique/Thermonuino/main/lib/Thermonuino-commons/src/ThermioRfIds.cpp:52
    seed ^= (uint32_t)analogRead(entropyPin) << (i % 10);
    seed = (seed << 5) | (seed >> 27);
    delay(2);
  }

  const uint16_t generated = (uint16_t)(seed & 0x7FFF);
    162a:	e8 94       	clt
    162c:	d7 f8       	bld	r13, 7
isValid():
/Users/leyry/Documents/Electronique/Thermonuino/main/lib/Thermonuino-commons/src/ThermioRfIds.cpp:8
#include <EEPROM.h>

namespace ThermioRfIds {

bool isValid(uint16_t id, uint16_t forbiddenId) {
  return id != 0x0000 && id != 0xFFFF && id != forbiddenId;
    162e:	c6 01       	movw	r24, r12
    1630:	01 97       	sbiw	r24, 0x01	; 1
    1632:	8e 3f       	cpi	r24, 0xFE	; 254
    1634:	9f 4f       	sbci	r25, 0xFF	; 255
    1636:	20 f0       	brcs	.+8      	; 0x1640 <main+0x386>
main():
/Users/leyry/Documents/Electronique/Thermonuino/main/lib/Thermonuino-commons/src/ThermioRfIds.cpp:53
    seed = (seed << 5) | (seed >> 27);
    delay(2);
  }

  const uint16_t generated = (uint16_t)(seed & 0x7FFF);
  return isValid(generated, forbiddenId) ? generated : fallbackId;
    1638:	cc 24       	eor	r12, r12
    163a:	c3 94       	inc	r12
    163c:	fc e0       	ldi	r31, 0x0C	; 12
    163e:	df 2e       	mov	r13, r31
loadOrCreateConsoleId():
/Users/leyry/Documents/Electronique/Thermonuino/main/modules/console/console.ino:366
  return ThermioRfIds::generate(PIN_MODE_DOUCHE, RF_DEFAULT_CONSOLE_ID);
}

void loadOrCreateConsoleId() {
  if (!ThermioRfIds::load(EEPROM_CONSOLE_ID, consoleId)) {
    consoleId = generateConsoleId();
    1640:	d0 92 01 01 	sts	0x0101, r13	; 0x800101 <__data_start+0x1>
    1644:	c0 92 00 01 	sts	0x0100, r12	; 0x800100 <__data_start>
save():
/Users/leyry/Documents/Electronique/Thermonuino/main/lib/Thermonuino-commons/src/ThermioRfIds.cpp:31
  id = loaded;
  return true;
}

void save(const EepromSlot &slot, uint16_t id) {
  EEPROM.update(slot.magic0, slot.magicValue0);
    1648:	64 e5       	ldi	r22, 0x54	; 84
    164a:	90 e0       	ldi	r25, 0x00	; 0
    164c:	80 e0       	ldi	r24, 0x00	; 0
    164e:	0e 94 71 07 	call	0xee2	; 0xee2 <EEPROMClass::update(int, unsigned char) [clone .isra.1] [clone .lto_priv.65]>
/Users/leyry/Documents/Electronique/Thermonuino/main/lib/Thermonuino-commons/src/ThermioRfIds.cpp:32
  EEPROM.update(slot.magic1, slot.magicValue1);
    1652:	63 e4       	ldi	r22, 0x43	; 67
    1654:	81 e0       	ldi	r24, 0x01	; 1
    1656:	90 e0       	ldi	r25, 0x00	; 0
    1658:	0e 94 71 07 	call	0xee2	; 0xee2 <EEPROMClass::update(int, unsigned char) [clone .isra.1] [clone .lto_priv.65]>
/Users/leyry/Documents/Electronique/Thermonuino/main/lib/Thermonuino-commons/src/ThermioRfIds.cpp:33
  EEPROM.update(slot.idLow, id & 0xFF);
    165c:	6c 2d       	mov	r22, r12
    165e:	82 e0       	ldi	r24, 0x02	; 2
    1660:	90 e0       	ldi	r25, 0x00	; 0
    1662:	0e 94 71 07 	call	0xee2	; 0xee2 <EEPROMClass::update(int, unsigned char) [clone .isra.1] [clone .lto_priv.65]>
/Users/leyry/Documents/Electronique/Thermonuino/main/lib/Thermonuino-commons/src/ThermioRfIds.cpp:34
  EEPROM.update(slot.idHigh, id >> 8);
    1666:	6d 2d       	mov	r22, r13
    1668:	83 e0       	ldi	r24, 0x03	; 3
    166a:	90 e0       	ldi	r25, 0x00	; 0
    166c:	0e 94 71 07 	call	0xee2	; 0xee2 <EEPROMClass::update(int, unsigned char) [clone .isra.1] [clone .lto_priv.65]>
    1670:	8b ce       	rjmp	.-746    	; 0x1388 <main+0xce>
main():
/Users/leyry/Documents/Arduino/libraries/Adafruit_NeoPixel/Adafruit_NeoPixel.cpp:3622
    // change, you'll need to re-render the full strip data. C'est la vie.
    uint8_t c, *ptr = pixels,
               oldBrightness = brightness - 1; // De-wrap old brightness value
    uint16_t scale;
    if (oldBrightness == 0)
      scale = 0; // Avoid /0
    1672:	70 e0       	ldi	r23, 0x00	; 0
    1674:	60 e0       	ldi	r22, 0x00	; 0
    1676:	70 cf       	rjmp	.-288    	; 0x1558 <main+0x29e>
setBrightness():
/Users/leyry/Documents/Arduino/libraries/Adafruit_NeoPixel/Adafruit_NeoPixel.cpp:3631
      scale = (((uint16_t)newBrightness << 8) - 1) / oldBrightness;
    for (uint16_t i = 0; i < numBytes; i++) {
      c = *ptr;
      *ptr++ = (c * scale) >> 8;
    }
    brightness = newBrightness;
    1678:	84 e0       	ldi	r24, 0x04	; 4
    167a:	80 93 37 03 	sts	0x0337, r24	; 0x800337 <leds+0x8>
begin():
/Users/leyry/Documents/Arduino/libraries/Adafruit_NeoPixel/Adafruit_NeoPixel.cpp:129

/*!
  @brief   Configure NeoPixel pin for output.
*/
void Adafruit_NeoPixel::begin(void) {
  if (pin >= 0) {
    167e:	80 91 35 03 	lds	r24, 0x0335	; 0x800335 <leds+0x6>
    1682:	90 91 36 03 	lds	r25, 0x0336	; 0x800336 <leds+0x7>
    1686:	97 fd       	sbrc	r25, 7
    1688:	08 c0       	rjmp	.+16     	; 0x169a <main+0x3e0>
/Users/leyry/Documents/Arduino/libraries/Adafruit_NeoPixel/Adafruit_NeoPixel.cpp:130
    pinMode(pin, OUTPUT);
    168a:	61 e0       	ldi	r22, 0x01	; 1
    168c:	0e 94 4e 01 	call	0x29c	; 0x29c <pinMode>
/Users/leyry/Documents/Arduino/libraries/Adafruit_NeoPixel/Adafruit_NeoPixel.cpp:131
    digitalWrite(pin, LOW);
    1690:	60 e0       	ldi	r22, 0x00	; 0
    1692:	80 91 35 03 	lds	r24, 0x0335	; 0x800335 <leds+0x6>
    1696:	0e 94 20 01 	call	0x240	; 0x240 <digitalWrite>
/Users/leyry/Documents/Arduino/libraries/Adafruit_NeoPixel/Adafruit_NeoPixel.cpp:133
  }
  begun = true;
    169a:	81 e0       	ldi	r24, 0x01	; 1
    169c:	80 93 30 03 	sts	0x0330, r24	; 0x800330 <leds+0x1>
clear():
/Users/leyry/Documents/Arduino/libraries/Adafruit_NeoPixel/Adafruit_NeoPixel.cpp:3644
uint8_t Adafruit_NeoPixel::getBrightness(void) const { return brightness - 1; }

/*!
  @brief   Fill the whole NeoPixel strip with 0 / black / off.
*/
void Adafruit_NeoPixel::clear(void) { memset(pixels, 0, numBytes); }
    16a0:	40 91 33 03 	lds	r20, 0x0333	; 0x800333 <leds+0x4>
    16a4:	50 91 34 03 	lds	r21, 0x0334	; 0x800334 <leds+0x5>
    16a8:	70 e0       	ldi	r23, 0x00	; 0
    16aa:	60 e0       	ldi	r22, 0x00	; 0
    16ac:	80 91 38 03 	lds	r24, 0x0338	; 0x800338 <leds+0x9>
    16b0:	90 91 39 03 	lds	r25, 0x0339	; 0x800339 <leds+0xa>
    16b4:	0e 94 66 15 	call	0x2acc	; 0x2acc <memset>
setup():
/Users/leyry/Documents/Electronique/Thermonuino/main/modules/console/console.ino:931
  initializeModeSelection();

  leds.setBrightness(3);
  leds.begin();
  leds.clear();
  setPixel(LED_MODE, rgb(255, 255, 255));
    16b8:	4f ef       	ldi	r20, 0xFF	; 255
    16ba:	5f ef       	ldi	r21, 0xFF	; 255
    16bc:	6f ef       	ldi	r22, 0xFF	; 255
    16be:	70 e0       	ldi	r23, 0x00	; 0
    16c0:	85 e0       	ldi	r24, 0x05	; 5
    16c2:	0e 94 66 06 	call	0xccc	; 0xccc <setPixel(unsigned char, unsigned long)>
/Users/leyry/Documents/Electronique/Thermonuino/main/modules/console/console.ino:932
  leds.show();
    16c6:	0e 94 ac 01 	call	0x358	; 0x358 <Adafruit_NeoPixel::show() [clone .constprop.26]>
beginPins():
/Users/leyry/Documents/Electronique/Thermonuino/main/lib/Thermonuino-commons/src/ThermioRfCc1101.cpp:7

ThermioRfCc1101::ThermioRfCc1101(const Pins &pins, const SPISettings &settings)
    : pins_(pins), settings_(settings) {}

void ThermioRfCc1101::beginPins() {
  pinMode(pins_.csn, OUTPUT);
    16ca:	61 e0       	ldi	r22, 0x01	; 1
    16cc:	80 91 28 03 	lds	r24, 0x0328	; 0x800328 <radio>
    16d0:	0e 94 4e 01 	call	0x29c	; 0x29c <pinMode>
/Users/leyry/Documents/Electronique/Thermonuino/main/lib/Thermonuino-commons/src/ThermioRfCc1101.cpp:8
  pinMode(pins_.gdo0, INPUT);
    16d4:	60 e0       	ldi	r22, 0x00	; 0
    16d6:	80 91 29 03 	lds	r24, 0x0329	; 0x800329 <radio+0x1>
    16da:	0e 94 4e 01 	call	0x29c	; 0x29c <pinMode>
/Users/leyry/Documents/Electronique/Thermonuino/main/lib/Thermonuino-commons/src/ThermioRfCc1101.cpp:9
  pinMode(pins_.mosi, OUTPUT);
    16de:	61 e0       	ldi	r22, 0x01	; 1
    16e0:	80 91 2a 03 	lds	r24, 0x032A	; 0x80032a <radio+0x2>
    16e4:	0e 94 4e 01 	call	0x29c	; 0x29c <pinMode>
/Users/leyry/Documents/Electronique/Thermonuino/main/lib/Thermonuino-commons/src/ThermioRfCc1101.cpp:10
  pinMode(pins_.miso, INPUT);
    16e8:	60 e0       	ldi	r22, 0x00	; 0
    16ea:	80 91 2b 03 	lds	r24, 0x032B	; 0x80032b <radio+0x3>
    16ee:	0e 94 4e 01 	call	0x29c	; 0x29c <pinMode>
/Users/leyry/Documents/Electronique/Thermonuino/main/lib/Thermonuino-commons/src/ThermioRfCc1101.cpp:11
  pinMode(pins_.sck, OUTPUT);
    16f2:	61 e0       	ldi	r22, 0x01	; 1
    16f4:	80 91 2c 03 	lds	r24, 0x032C	; 0x80032c <radio+0x4>
    16f8:	0e 94 4e 01 	call	0x29c	; 0x29c <pinMode>
/Users/leyry/Documents/Electronique/Thermonuino/main/lib/Thermonuino-commons/src/ThermioRfCc1101.cpp:12
  digitalWrite(pins_.csn, HIGH);
    16fc:	61 e0       	ldi	r22, 0x01	; 1
    16fe:	80 91 28 03 	lds	r24, 0x0328	; 0x800328 <radio>
    1702:	0e 94 20 01 	call	0x240	; 0x240 <digitalWrite>
/Users/leyry/Documents/Electronique/Thermonuino/main/lib/Thermonuino-commons/src/ThermioRfCc1101.cpp:13
  digitalWrite(pins_.mosi, LOW);
    1706:	60 e0       	ldi	r22, 0x00	; 0
    1708:	80 91 2a 03 	lds	r24, 0x032A	; 0x80032a <radio+0x2>
    170c:	0e 94 20 01 	call	0x240	; 0x240 <digitalWrite>
/Users/leyry/Documents/Electronique/Thermonuino/main/lib/Thermonuino-commons/src/ThermioRfCc1101.cpp:14
  digitalWrite(pins_.sck, LOW);
    1710:	60 e0       	ldi	r22, 0x00	; 0
    1712:	80 91 2c 03 	lds	r24, 0x032C	; 0x80032c <radio+0x4>
    1716:	0e 94 20 01 	call	0x240	; 0x240 <digitalWrite>
begin():
/Users/leyry/Library/Arduino15/packages/MiniCore/hardware/avr/3.1.1/libraries/SPI/src/SPI.cpp:28
uint8_t SPIClass::inTransactionFlag = 0;
#endif

void SPIClass::begin()
{
  uint8_t sreg = SREG;
    171a:	1f b7       	in	r17, 0x3f	; 63
/Users/leyry/Library/Arduino15/packages/MiniCore/hardware/avr/3.1.1/libraries/SPI/src/SPI.cpp:29
  noInterrupts(); // Protect from a scheduler and prevent transactionBegin
    171c:	f8 94       	cli
/Users/leyry/Library/Arduino15/packages/MiniCore/hardware/avr/3.1.1/libraries/SPI/src/SPI.cpp:30
  if (!initialized) {
    171e:	80 91 63 01 	lds	r24, 0x0163	; 0x800163 <SPIClass::initialized>
    1722:	81 11       	cpse	r24, r1
    1724:	27 c0       	rjmp	.+78     	; 0x1774 <main+0x4ba>
/Users/leyry/Library/Arduino15/packages/MiniCore/hardware/avr/3.1.1/libraries/SPI/src/SPI.cpp:32
    // Set SS to high so a connected chip will be "deselected" by default
    uint8_t port = digitalPinToPort(SS);
    1726:	e3 ec       	ldi	r30, 0xC3	; 195
    1728:	f0 e0       	ldi	r31, 0x00	; 0
    172a:	84 91       	lpm	r24, Z
/Users/leyry/Library/Arduino15/packages/MiniCore/hardware/avr/3.1.1/libraries/SPI/src/SPI.cpp:33
    uint8_t bit = digitalPinToBitMask(SS);
    172c:	e2 ea       	ldi	r30, 0xA2	; 162
    172e:	f0 e0       	ldi	r31, 0x00	; 0
    1730:	94 91       	lpm	r25, Z
/Users/leyry/Library/Arduino15/packages/MiniCore/hardware/avr/3.1.1/libraries/SPI/src/SPI.cpp:34
    volatile uint8_t *reg = portModeRegister(port);
    1732:	e8 2f       	mov	r30, r24
    1734:	f0 e0       	ldi	r31, 0x00	; 0
    1736:	ee 0f       	add	r30, r30
    1738:	ff 1f       	adc	r31, r31
    173a:	e3 59       	subi	r30, 0x93	; 147
    173c:	ff 4f       	sbci	r31, 0xFF	; 255
    173e:	a5 91       	lpm	r26, Z+
    1740:	b4 91       	lpm	r27, Z
/Users/leyry/Library/Arduino15/packages/MiniCore/hardware/avr/3.1.1/libraries/SPI/src/SPI.cpp:38

    // if the SS pin is not already configured as an output
    // then set it high (to enable the internal pull-up resistor)
    if(!(*reg & bit)){
    1742:	ec 91       	ld	r30, X
    1744:	e9 23       	and	r30, r25
    1746:	21 f4       	brne	.+8      	; 0x1750 <main+0x496>
/Users/leyry/Library/Arduino15/packages/MiniCore/hardware/avr/3.1.1/libraries/SPI/src/SPI.cpp:39
      digitalWrite(SS, HIGH);
    1748:	61 e0       	ldi	r22, 0x01	; 1
    174a:	8a e0       	ldi	r24, 0x0A	; 10
    174c:	0e 94 20 01 	call	0x240	; 0x240 <digitalWrite>
/Users/leyry/Library/Arduino15/packages/MiniCore/hardware/avr/3.1.1/libraries/SPI/src/SPI.cpp:45
    }

    // When the SS pin is set as OUTPUT, it can be used as
    // a general purpose output port (it doesn't influence
    // SPI operations).
    pinMode(SS, OUTPUT);
    1750:	61 e0       	ldi	r22, 0x01	; 1
    1752:	8a e0       	ldi	r24, 0x0A	; 10
    1754:	0e 94 4e 01 	call	0x29c	; 0x29c <pinMode>
/Users/leyry/Library/Arduino15/packages/MiniCore/hardware/avr/3.1.1/libraries/SPI/src/SPI.cpp:50

    // Warning: if the SS pin ever becomes a LOW INPUT then SPI
    // automatically switches to Slave, so the data direction of
    // the SS pin MUST be kept as OUTPUT.
    SPCR |= _BV(MSTR);
    1758:	8c b5       	in	r24, 0x2c	; 44
    175a:	80 61       	ori	r24, 0x10	; 16
    175c:	8c bd       	out	0x2c, r24	; 44
/Users/leyry/Library/Arduino15/packages/MiniCore/hardware/avr/3.1.1/libraries/SPI/src/SPI.cpp:51
    SPCR |= _BV(SPE);
    175e:	8c b5       	in	r24, 0x2c	; 44
    1760:	80 64       	ori	r24, 0x40	; 64
    1762:	8c bd       	out	0x2c, r24	; 44
/Users/leyry/Library/Arduino15/packages/MiniCore/hardware/avr/3.1.1/libraries/SPI/src/SPI.cpp:59
    // MISO pin automatically overrides to INPUT.
    // By doing this AFTER enabling SPI, we avoid accidentally
    // clocking in a single bit since the lines go directly
    // from "input" to SPI control.
    // http://code.google.com/p/arduino/issues/detail?id=888
    pinMode(SCK, OUTPUT);
    1764:	61 e0       	ldi	r22, 0x01	; 1
    1766:	8d e0       	ldi	r24, 0x0D	; 13
    1768:	0e 94 4e 01 	call	0x29c	; 0x29c <pinMode>
/Users/leyry/Library/Arduino15/packages/MiniCore/hardware/avr/3.1.1/libraries/SPI/src/SPI.cpp:60
    pinMode(MOSI, OUTPUT);
    176c:	61 e0       	ldi	r22, 0x01	; 1
    176e:	8b e0       	ldi	r24, 0x0B	; 11
    1770:	0e 94 4e 01 	call	0x29c	; 0x29c <pinMode>
/Users/leyry/Library/Arduino15/packages/MiniCore/hardware/avr/3.1.1/libraries/SPI/src/SPI.cpp:62
  }
  initialized++; // reference count
    1774:	80 91 63 01 	lds	r24, 0x0163	; 0x800163 <SPIClass::initialized>
    1778:	8f 5f       	subi	r24, 0xFF	; 255
    177a:	80 93 63 01 	sts	0x0163, r24	; 0x800163 <SPIClass::initialized>
/Users/leyry/Library/Arduino15/packages/MiniCore/hardware/avr/3.1.1/libraries/SPI/src/SPI.cpp:63
  SREG = sreg;
    177e:	1f bf       	out	0x3f, r17	; 63
wake():
/Users/leyry/Documents/Electronique/Thermonuino/main/lib/Thermonuino-commons/src/ThermioRfCc1101.cpp:18
}

void ThermioRfCc1101::wake() {
  digitalWrite(pins_.csn, LOW);
    1780:	60 e0       	ldi	r22, 0x00	; 0
    1782:	80 91 28 03 	lds	r24, 0x0328	; 0x800328 <radio>
    1786:	0e 94 20 01 	call	0x240	; 0x240 <digitalWrite>
/Users/leyry/Documents/Electronique/Thermonuino/main/lib/Thermonuino-commons/src/ThermioRfCc1101.cpp:19
  delayMicroseconds(10);
    178a:	8a e0       	ldi	r24, 0x0A	; 10
    178c:	90 e0       	ldi	r25, 0x00	; 0
    178e:	0e 94 7f 01 	call	0x2fe	; 0x2fe <delayMicroseconds>
/Users/leyry/Documents/Electronique/Thermonuino/main/lib/Thermonuino-commons/src/ThermioRfCc1101.cpp:20
  digitalWrite(pins_.csn, HIGH);
    1792:	61 e0       	ldi	r22, 0x01	; 1
    1794:	80 91 28 03 	lds	r24, 0x0328	; 0x800328 <radio>
    1798:	0e 94 20 01 	call	0x240	; 0x240 <digitalWrite>
/Users/leyry/Documents/Electronique/Thermonuino/main/lib/Thermonuino-commons/src/ThermioRfCc1101.cpp:21
  delay(20);
    179c:	64 e1       	ldi	r22, 0x14	; 20
    179e:	70 e0       	ldi	r23, 0x00	; 0
    17a0:	80 e0       	ldi	r24, 0x00	; 0
    17a2:	90 e0       	ldi	r25, 0x00	; 0
    17a4:	0e 94 5c 03 	call	0x6b8	; 0x6b8 <delay>
testSpi():
/Users/leyry/Documents/Electronique/Thermonuino/main/lib/Thermonuino-commons/src/ThermioRfCc1101.cpp:89
  digitalWrite(pins_.csn, HIGH);
  delay(2);
}

bool ThermioRfCc1101::testSpi(uint16_t totalTimeoutMs) {
  const uint32_t startedAt = millis();
    17a8:	0e 94 8e 03 	call	0x71c	; 0x71c <millis>
    17ac:	4b 01       	movw	r8, r22
    17ae:	5c 01       	movw	r10, r24
/Users/leyry/Documents/Electronique/Thermonuino/main/lib/Thermonuino-commons/src/ThermioRfCc1101.cpp:90
  SPI.beginTransaction(settings_);
    17b0:	80 91 2d 03 	lds	r24, 0x032D	; 0x80032d <radio+0x5>
    17b4:	90 91 2e 03 	lds	r25, 0x032E	; 0x80032e <radio+0x6>
    17b8:	0e 94 e9 06 	call	0xdd2	; 0xdd2 <SPIClass::beginTransaction(SPISettings)>
/Users/leyry/Documents/Electronique/Thermonuino/main/lib/Thermonuino-commons/src/ThermioRfCc1101.cpp:91
  uint8_t partnum = 0xFF;
    17bc:	8f ef       	ldi	r24, 0xFF	; 255
    17be:	a4 96       	adiw	r28, 0x24	; 36
    17c0:	8f af       	std	Y+63, r24	; 0x3f
    17c2:	a4 97       	sbiw	r28, 0x24	; 36
/Users/leyry/Documents/Electronique/Thermonuino/main/lib/Thermonuino-commons/src/ThermioRfCc1101.cpp:92
  uint8_t version1 = 0xFF;
    17c4:	8e 01       	movw	r16, r28
    17c6:	0f 5b       	subi	r16, 0xBF	; 191
    17c8:	1f 4f       	sbci	r17, 0xFF	; 255
    17ca:	f8 01       	movw	r30, r16
    17cc:	80 83       	st	Z, r24
/Users/leyry/Documents/Electronique/Thermonuino/main/lib/Thermonuino-commons/src/ThermioRfCc1101.cpp:93
  uint8_t version2 = 0xFF;
    17ce:	89 83       	std	Y+1, r24	; 0x01
/Users/leyry/Documents/Electronique/Thermonuino/main/lib/Thermonuino-commons/src/ThermioRfCc1101.cpp:95
  const bool readOk =
      readStatus(Partnum, partnum) &&
    17d0:	be 01       	movw	r22, r28
    17d2:	6d 59       	subi	r22, 0x9D	; 157
    17d4:	7f 4f       	sbci	r23, 0xFF	; 255
    17d6:	80 e3       	ldi	r24, 0x30	; 48
    17d8:	0e 94 e8 04 	call	0x9d0	; 0x9d0 <ThermioRfCc1101::readStatus(unsigned char, unsigned char&) [clone .constprop.39]>
/Users/leyry/Documents/Electronique/Thermonuino/main/lib/Thermonuino-commons/src/ThermioRfCc1101.cpp:96
      readStatus(Version, version1) &&
    17dc:	81 11       	cpse	r24, r1
    17de:	eb c0       	rjmp	.+470    	; 0x19b6 <main+0x6fc>
main():
    17e0:	d1 2c       	mov	r13, r1
testSpi():
/Users/leyry/Documents/Electronique/Thermonuino/main/lib/Thermonuino-commons/src/ThermioRfCc1101.cpp:100
      readStatus(Version, version2);
  SPI.endTransaction();

  if ((uint32_t)(millis() - startedAt) >= totalTimeoutMs) {
    17e2:	0e 94 8e 03 	call	0x71c	; 0x71c <millis>
    17e6:	68 19       	sub	r22, r8
    17e8:	79 09       	sbc	r23, r9
    17ea:	8a 09       	sbc	r24, r10
    17ec:	9b 09       	sbc	r25, r11
    17ee:	68 37       	cpi	r22, 0x78	; 120
    17f0:	71 05       	cpc	r23, r1
    17f2:	81 05       	cpc	r24, r1
    17f4:	91 05       	cpc	r25, r1
    17f6:	98 f4       	brcc	.+38     	; 0x181e <main+0x564>
/Users/leyry/Documents/Electronique/Thermonuino/main/lib/Thermonuino-commons/src/ThermioRfCc1101.cpp:103
    return false;
  }
  return readOk && partnum == 0x00 && version1 == version2 && version1 != 0x00 && version1 != 0xFF;
    17f8:	dd 20       	and	r13, r13
    17fa:	89 f0       	breq	.+34     	; 0x181e <main+0x564>
    17fc:	a4 96       	adiw	r28, 0x24	; 36
    17fe:	8f ad       	ldd	r24, Y+63	; 0x3f
    1800:	a4 97       	sbiw	r28, 0x24	; 36
    1802:	81 11       	cpse	r24, r1
    1804:	0c c0       	rjmp	.+24     	; 0x181e <main+0x564>
    1806:	f8 01       	movw	r30, r16
    1808:	80 81       	ld	r24, Z
    180a:	99 81       	ldd	r25, Y+1	; 0x01
    180c:	89 13       	cpse	r24, r25
    180e:	07 c0       	rjmp	.+14     	; 0x181e <main+0x564>
    1810:	81 50       	subi	r24, 0x01	; 1
main():
/Users/leyry/Documents/Electronique/Thermonuino/main/modules/console/console.ino:938

  radio.beginPins();
  SPI.begin();
  radio.wake();
  const bool rfOk = radio.testSpi();
  setPixel(LED_SDB, rfOk ? rgb(0, 255, 0) : rgb(255, 0, 0));
    1812:	40 e0       	ldi	r20, 0x00	; 0
    1814:	5f ef       	ldi	r21, 0xFF	; 255
    1816:	60 e0       	ldi	r22, 0x00	; 0
    1818:	70 e0       	ldi	r23, 0x00	; 0
testSpi():
/Users/leyry/Documents/Electronique/Thermonuino/main/lib/Thermonuino-commons/src/ThermioRfCc1101.cpp:103
    181a:	8e 3f       	cpi	r24, 0xFE	; 254
    181c:	20 f0       	brcs	.+8      	; 0x1826 <main+0x56c>
main():
/Users/leyry/Documents/Electronique/Thermonuino/main/modules/console/console.ino:938
    181e:	40 e0       	ldi	r20, 0x00	; 0
    1820:	50 e0       	ldi	r21, 0x00	; 0
    1822:	6f ef       	ldi	r22, 0xFF	; 255
    1824:	70 e0       	ldi	r23, 0x00	; 0
setup():
    1826:	83 e0       	ldi	r24, 0x03	; 3
    1828:	0e 94 66 06 	call	0xccc	; 0xccc <setPixel(unsigned char, unsigned long)>
/Users/leyry/Documents/Electronique/Thermonuino/main/modules/console/console.ino:939
  SPI.beginTransaction(RF_SPI_SETTINGS);
    182c:	80 91 45 03 	lds	r24, 0x0345	; 0x800345 <RF_SPI_SETTINGS>
    1830:	90 91 46 03 	lds	r25, 0x0346	; 0x800346 <RF_SPI_SETTINGS+0x1>
    1834:	0e 94 e9 06 	call	0xdd2	; 0xdd2 <SPIClass::beginTransaction(SPISettings)>
reset():
/Users/leyry/Documents/Electronique/Thermonuino/main/lib/Thermonuino-commons/src/ThermioRfCc1101.cpp:79
  SPI.transfer(value);
  digitalWrite(pins_.csn, HIGH);
}

void ThermioRfCc1101::reset() {
  digitalWrite(pins_.csn, HIGH);
    1838:	61 e0       	ldi	r22, 0x01	; 1
    183a:	80 91 28 03 	lds	r24, 0x0328	; 0x800328 <radio>
    183e:	0e 94 20 01 	call	0x240	; 0x240 <digitalWrite>
/Users/leyry/Documents/Electronique/Thermonuino/main/lib/Thermonuino-commons/src/ThermioRfCc1101.cpp:80
  delayMicroseconds(5);
    1842:	85 e0       	ldi	r24, 0x05	; 5
    1844:	90 e0       	ldi	r25, 0x00	; 0
    1846:	0e 94 7f 01 	call	0x2fe	; 0x2fe <delayMicroseconds>
/Users/leyry/Documents/Electronique/Thermonuino/main/lib/Thermonuino-commons/src/ThermioRfCc1101.cpp:81
  digitalWrite(pins_.csn, LOW);
    184a:	60 e0       	ldi	r22, 0x00	; 0
    184c:	80 91 28 03 	lds	r24, 0x0328	; 0x800328 <radio>
    1850:	0e 94 20 01 	call	0x240	; 0x240 <digitalWrite>
/Users/leyry/Documents/Electronique/Thermonuino/main/lib/Thermonuino-commons/src/ThermioRfCc1101.cpp:82
  waitReady(15);
    1854:	0e 94 9a 03 	call	0x734	; 0x734 <ThermioRfCc1101::waitReady(unsigned int) [clone .constprop.44]>
/Users/leyry/Documents/Electronique/Thermonuino/main/lib/Thermonuino-commons/src/ThermioRfCc1101.cpp:83
  SPI.transfer(Sres);
    1858:	80 e3       	ldi	r24, 0x30	; 48
    185a:	0e 94 c8 04 	call	0x990	; 0x990 <SPIClass::transfer(unsigned char)>
/Users/leyry/Documents/Electronique/Thermonuino/main/lib/Thermonuino-commons/src/ThermioRfCc1101.cpp:84
  digitalWrite(pins_.csn, HIGH);
    185e:	61 e0       	ldi	r22, 0x01	; 1
    1860:	80 91 28 03 	lds	r24, 0x0328	; 0x800328 <radio>
    1864:	0e 94 20 01 	call	0x240	; 0x240 <digitalWrite>
/Users/leyry/Documents/Electronique/Thermonuino/main/lib/Thermonuino-commons/src/ThermioRfCc1101.cpp:85
  delay(2);
    1868:	62 e0       	ldi	r22, 0x02	; 2
    186a:	70 e0       	ldi	r23, 0x00	; 0
    186c:	80 e0       	ldi	r24, 0x00	; 0
    186e:	90 e0       	ldi	r25, 0x00	; 0
    1870:	0e 94 5c 03 	call	0x6b8	; 0x6b8 <delay>
configureTestRadio():
/Users/leyry/Documents/Electronique/Thermonuino/main/lib/Thermonuino-commons/src/ThermioRfCc1101.cpp:108
  return readOk && partnum == 0x00 && version1 == version2 && version1 != 0x00 && version1 != 0xFF;
}

void ThermioRfCc1101::configureTestRadio(uint8_t maxPacketLen) {
  reset();
  strobe(Sidle);
    1874:	86 e3       	ldi	r24, 0x36	; 54
    1876:	0e 94 cf 04 	call	0x99e	; 0x99e <ThermioRfCc1101::strobe(unsigned char) [clone .constprop.43]>
/Users/leyry/Documents/Electronique/Thermonuino/main/lib/Thermonuino-commons/src/ThermioRfCc1101.cpp:109
  strobe(Sfrx);
    187a:	8a e3       	ldi	r24, 0x3A	; 58
    187c:	0e 94 cf 04 	call	0x99e	; 0x99e <ThermioRfCc1101::strobe(unsigned char) [clone .constprop.43]>
/Users/leyry/Documents/Electronique/Thermonuino/main/lib/Thermonuino-commons/src/ThermioRfCc1101.cpp:110
  strobe(Sftx);
    1880:	8b e3       	ldi	r24, 0x3B	; 59
    1882:	0e 94 cf 04 	call	0x99e	; 0x99e <ThermioRfCc1101::strobe(unsigned char) [clone .constprop.43]>
/Users/leyry/Documents/Electronique/Thermonuino/main/lib/Thermonuino-commons/src/ThermioRfCc1101.cpp:112

  writeRegister(0x02, 0x06);
    1886:	66 e0       	ldi	r22, 0x06	; 6
    1888:	82 e0       	ldi	r24, 0x02	; 2
    188a:	0e 94 0d 05 	call	0xa1a	; 0xa1a <ThermioRfCc1101::writeRegister(unsigned char, unsigned char) [clone .constprop.11]>
/Users/leyry/Documents/Electronique/Thermonuino/main/lib/Thermonuino-commons/src/ThermioRfCc1101.cpp:113
  writeRegister(0x07, maxPacketLen);
    188e:	60 e4       	ldi	r22, 0x40	; 64
    1890:	87 e0       	ldi	r24, 0x07	; 7
    1892:	0e 94 0d 05 	call	0xa1a	; 0xa1a <ThermioRfCc1101::writeRegister(unsigned char, unsigned char) [clone .constprop.11]>
/Users/leyry/Documents/Electronique/Thermonuino/main/lib/Thermonuino-commons/src/ThermioRfCc1101.cpp:114
  writeRegister(0x08, 0x05);
    1896:	65 e0       	ldi	r22, 0x05	; 5
    1898:	88 e0       	ldi	r24, 0x08	; 8
    189a:	0e 94 0d 05 	call	0xa1a	; 0xa1a <ThermioRfCc1101::writeRegister(unsigned char, unsigned char) [clone .constprop.11]>
/Users/leyry/Documents/Electronique/Thermonuino/main/lib/Thermonuino-commons/src/ThermioRfCc1101.cpp:115
  writeRegister(0x0B, 0x06);
    189e:	66 e0       	ldi	r22, 0x06	; 6
    18a0:	8b e0       	ldi	r24, 0x0B	; 11
    18a2:	0e 94 0d 05 	call	0xa1a	; 0xa1a <ThermioRfCc1101::writeRegister(unsigned char, unsigned char) [clone .constprop.11]>
/Users/leyry/Documents/Electronique/Thermonuino/main/lib/Thermonuino-commons/src/ThermioRfCc1101.cpp:116
  writeRegister(0x0D, 0x10);
    18a6:	60 e1       	ldi	r22, 0x10	; 16
    18a8:	8d e0       	ldi	r24, 0x0D	; 13
    18aa:	0e 94 0d 05 	call	0xa1a	; 0xa1a <ThermioRfCc1101::writeRegister(unsigned char, unsigned char) [clone .constprop.11]>
/Users/leyry/Documents/Electronique/Thermonuino/main/lib/Thermonuino-commons/src/ThermioRfCc1101.cpp:117
  writeRegister(0x0E, 0xB0);
    18ae:	60 eb       	ldi	r22, 0xB0	; 176
    18b0:	8e e0       	ldi	r24, 0x0E	; 14
    18b2:	0e 94 0d 05 	call	0xa1a	; 0xa1a <ThermioRfCc1101::writeRegister(unsigned char, unsigned char) [clone .constprop.11]>
/Users/leyry/Documents/Electronique/Thermonuino/main/lib/Thermonuino-commons/src/ThermioRfCc1101.cpp:118
  writeRegister(0x0F, 0x71);
    18b6:	61 e7       	ldi	r22, 0x71	; 113
    18b8:	8f e0       	ldi	r24, 0x0F	; 15
    18ba:	0e 94 0d 05 	call	0xa1a	; 0xa1a <ThermioRfCc1101::writeRegister(unsigned char, unsigned char) [clone .constprop.11]>
/Users/leyry/Documents/Electronique/Thermonuino/main/lib/Thermonuino-commons/src/ThermioRfCc1101.cpp:119
  writeRegister(0x10, 0xF5);
    18be:	65 ef       	ldi	r22, 0xF5	; 245
    18c0:	80 e1       	ldi	r24, 0x10	; 16
    18c2:	0e 94 0d 05 	call	0xa1a	; 0xa1a <ThermioRfCc1101::writeRegister(unsigned char, unsigned char) [clone .constprop.11]>
/Users/leyry/Documents/Electronique/Thermonuino/main/lib/Thermonuino-commons/src/ThermioRfCc1101.cpp:120
  writeRegister(0x11, 0x83);
    18c6:	63 e8       	ldi	r22, 0x83	; 131
    18c8:	81 e1       	ldi	r24, 0x11	; 17
    18ca:	0e 94 0d 05 	call	0xa1a	; 0xa1a <ThermioRfCc1101::writeRegister(unsigned char, unsigned char) [clone .constprop.11]>
/Users/leyry/Documents/Electronique/Thermonuino/main/lib/Thermonuino-commons/src/ThermioRfCc1101.cpp:121
  writeRegister(0x12, 0x13);
    18ce:	63 e1       	ldi	r22, 0x13	; 19
    18d0:	82 e1       	ldi	r24, 0x12	; 18
    18d2:	0e 94 0d 05 	call	0xa1a	; 0xa1a <ThermioRfCc1101::writeRegister(unsigned char, unsigned char) [clone .constprop.11]>
/Users/leyry/Documents/Electronique/Thermonuino/main/lib/Thermonuino-commons/src/ThermioRfCc1101.cpp:122
  writeRegister(0x15, 0x15);
    18d6:	65 e1       	ldi	r22, 0x15	; 21
    18d8:	85 e1       	ldi	r24, 0x15	; 21
    18da:	0e 94 0d 05 	call	0xa1a	; 0xa1a <ThermioRfCc1101::writeRegister(unsigned char, unsigned char) [clone .constprop.11]>
/Users/leyry/Documents/Electronique/Thermonuino/main/lib/Thermonuino-commons/src/ThermioRfCc1101.cpp:123
  writeRegister(0x18, 0x18);
    18de:	68 e1       	ldi	r22, 0x18	; 24
    18e0:	88 e1       	ldi	r24, 0x18	; 24
    18e2:	0e 94 0d 05 	call	0xa1a	; 0xa1a <ThermioRfCc1101::writeRegister(unsigned char, unsigned char) [clone .constprop.11]>
/Users/leyry/Documents/Electronique/Thermonuino/main/lib/Thermonuino-commons/src/ThermioRfCc1101.cpp:124
  writeRegister(0x19, 0x16);
    18e6:	66 e1       	ldi	r22, 0x16	; 22
    18e8:	89 e1       	ldi	r24, 0x19	; 25
    18ea:	0e 94 0d 05 	call	0xa1a	; 0xa1a <ThermioRfCc1101::writeRegister(unsigned char, unsigned char) [clone .constprop.11]>
/Users/leyry/Documents/Electronique/Thermonuino/main/lib/Thermonuino-commons/src/ThermioRfCc1101.cpp:125
  writeRegister(0x23, 0xE9);
    18ee:	69 ee       	ldi	r22, 0xE9	; 233
    18f0:	83 e2       	ldi	r24, 0x23	; 35
    18f2:	0e 94 0d 05 	call	0xa1a	; 0xa1a <ThermioRfCc1101::writeRegister(unsigned char, unsigned char) [clone .constprop.11]>
/Users/leyry/Documents/Electronique/Thermonuino/main/lib/Thermonuino-commons/src/ThermioRfCc1101.cpp:126
  writeRegister(0x24, 0x2A);
    18f6:	6a e2       	ldi	r22, 0x2A	; 42
    18f8:	84 e2       	ldi	r24, 0x24	; 36
    18fa:	0e 94 0d 05 	call	0xa1a	; 0xa1a <ThermioRfCc1101::writeRegister(unsigned char, unsigned char) [clone .constprop.11]>
/Users/leyry/Documents/Electronique/Thermonuino/main/lib/Thermonuino-commons/src/ThermioRfCc1101.cpp:127
  writeRegister(0x25, 0x00);
    18fe:	60 e0       	ldi	r22, 0x00	; 0
    1900:	85 e2       	ldi	r24, 0x25	; 37
    1902:	0e 94 0d 05 	call	0xa1a	; 0xa1a <ThermioRfCc1101::writeRegister(unsigned char, unsigned char) [clone .constprop.11]>
/Users/leyry/Documents/Electronique/Thermonuino/main/lib/Thermonuino-commons/src/ThermioRfCc1101.cpp:128
  writeRegister(0x26, 0x1F);
    1906:	6f e1       	ldi	r22, 0x1F	; 31
    1908:	86 e2       	ldi	r24, 0x26	; 38
    190a:	0e 94 0d 05 	call	0xa1a	; 0xa1a <ThermioRfCc1101::writeRegister(unsigned char, unsigned char) [clone .constprop.11]>
/Users/leyry/Documents/Electronique/Thermonuino/main/lib/Thermonuino-commons/src/ThermioRfCc1101.cpp:130

  digitalWrite(pins_.csn, LOW);
    190e:	60 e0       	ldi	r22, 0x00	; 0
    1910:	80 91 28 03 	lds	r24, 0x0328	; 0x800328 <radio>
    1914:	0e 94 20 01 	call	0x240	; 0x240 <digitalWrite>
/Users/leyry/Documents/Electronique/Thermonuino/main/lib/Thermonuino-commons/src/ThermioRfCc1101.cpp:131
  waitReady(15);
    1918:	0e 94 9a 03 	call	0x734	; 0x734 <ThermioRfCc1101::waitReady(unsigned int) [clone .constprop.44]>
/Users/leyry/Documents/Electronique/Thermonuino/main/lib/Thermonuino-commons/src/ThermioRfCc1101.cpp:132
  SPI.transfer(WriteBurst | 0x3E);
    191c:	8e e7       	ldi	r24, 0x7E	; 126
    191e:	0e 94 c8 04 	call	0x990	; 0x990 <SPIClass::transfer(unsigned char)>
/Users/leyry/Documents/Electronique/Thermonuino/main/lib/Thermonuino-commons/src/ThermioRfCc1101.cpp:133
  SPI.transfer(0xC0);
    1922:	80 ec       	ldi	r24, 0xC0	; 192
    1924:	0e 94 c8 04 	call	0x990	; 0x990 <SPIClass::transfer(unsigned char)>
/Users/leyry/Documents/Electronique/Thermonuino/main/lib/Thermonuino-commons/src/ThermioRfCc1101.cpp:134
  digitalWrite(pins_.csn, HIGH);
    1928:	61 e0       	ldi	r22, 0x01	; 1
    192a:	80 91 28 03 	lds	r24, 0x0328	; 0x800328 <radio>
    192e:	0e 94 20 01 	call	0x240	; 0x240 <digitalWrite>
strobeRx():
/Users/leyry/Documents/Electronique/Thermonuino/main/lib/Thermonuino-commons/src/ThermioRfCc1101.cpp:148
  flushRx();
  return (pktStatus & 0x10) == 0 || bytes >= 7;
}

void ThermioRfCc1101::strobeRx() {
  strobe(Srx);
    1932:	84 e3       	ldi	r24, 0x34	; 52
    1934:	0e 94 cf 04 	call	0x99e	; 0x99e <ThermioRfCc1101::strobe(unsigned char) [clone .constprop.43]>
setup():
/Users/leyry/Documents/Electronique/Thermonuino/main/modules/console/console.ino:942
  radio.configureTestRadio(ThermioRfFrame::MaxPacketLen);
  radio.strobeRx();
  lastRfRxRefreshAt = millis();
    1938:	0e 94 8e 03 	call	0x71c	; 0x71c <millis>
    193c:	60 93 ee 01 	sts	0x01EE, r22	; 0x8001ee <lastRfRxRefreshAt>
    1940:	70 93 ef 01 	sts	0x01EF, r23	; 0x8001ef <lastRfRxRefreshAt+0x1>
    1944:	80 93 f0 01 	sts	0x01F0, r24	; 0x8001f0 <lastRfRxRefreshAt+0x2>
    1948:	90 93 f1 01 	sts	0x01F1, r25	; 0x8001f1 <lastRfRxRefreshAt+0x3>
/Users/leyry/Documents/Electronique/Thermonuino/main/modules/console/console.ino:943
  sendPiloteSet();
    194c:	0e 94 3a 07 	call	0xe74	; 0xe74 <sendPiloteSet()>
/Users/leyry/Documents/Electronique/Thermonuino/main/modules/console/console.ino:944
  leds.show();
    1950:	0e 94 ac 01 	call	0x358	; 0x358 <Adafruit_NeoPixel::show() [clone .constprop.26]>
readPiloteSerial():
/Users/leyry/Documents/Electronique/Thermonuino/main/modules/console/console.ino:835
    setPixel(i, colorForZoneState(i));
  }
}

void readPiloteSerial() {
  while (Serial.available() > 0) {
    1954:	8b e8       	ldi	r24, 0x8B	; 139
    1956:	92 e0       	ldi	r25, 0x02	; 2
    1958:	0e 94 19 04 	call	0x832	; 0x832 <HardwareSerial::available()>
    195c:	18 16       	cp	r1, r24
    195e:	19 06       	cpc	r1, r25
    1960:	0c f0       	brlt	.+2      	; 0x1964 <main+0x6aa>
    1962:	65 c0       	rjmp	.+202    	; 0x1a2e <main+0x774>
/Users/leyry/Documents/Electronique/Thermonuino/main/modules/console/console.ino:836
    char c = Serial.read();
    1964:	8b e8       	ldi	r24, 0x8B	; 139
    1966:	92 e0       	ldi	r25, 0x02	; 2
    1968:	0e 94 f7 03 	call	0x7ee	; 0x7ee <HardwareSerial::read()>
/Users/leyry/Documents/Electronique/Thermonuino/main/modules/console/console.ino:837
    if (c == '\r') {
    196c:	8d 30       	cpi	r24, 0x0D	; 13
    196e:	91 f3       	breq	.-28     	; 0x1954 <main+0x69a>
    1970:	e0 91 c4 01 	lds	r30, 0x01C4	; 0x8001c4 <piloteLineLen>
/Users/leyry/Documents/Electronique/Thermonuino/main/modules/console/console.ino:840
      continue;
    }
    if (c == '\n') {
    1974:	8a 30       	cpi	r24, 0x0A	; 10
    1976:	09 f0       	breq	.+2      	; 0x197a <main+0x6c0>
    1978:	4f c0       	rjmp	.+158    	; 0x1a18 <main+0x75e>
/Users/leyry/Documents/Electronique/Thermonuino/main/modules/console/console.ino:841
      piloteLine[piloteLineLen] = '\0';
    197a:	f0 e0       	ldi	r31, 0x00	; 0
    197c:	ec 59       	subi	r30, 0x9C	; 156
    197e:	fe 4f       	sbci	r31, 0xFE	; 254
    1980:	10 82       	st	Z, r1
handlePiloteLine():
/Users/leyry/Documents/Electronique/Thermonuino/main/modules/console/console.ino:792

  applyModeSelection(rawMode);
}

void handlePiloteLine(char *line) {
  if (strncmp(line, "TIMESTAMP=", 10) == 0 && strcmp(line + 10, "NA") != 0) {
    1982:	4a e0       	ldi	r20, 0x0A	; 10
    1984:	50 e0       	ldi	r21, 0x00	; 0
    1986:	66 e4       	ldi	r22, 0x46	; 70
    1988:	71 e0       	ldi	r23, 0x01	; 1
    198a:	84 e6       	ldi	r24, 0x64	; 100
    198c:	91 e0       	ldi	r25, 0x01	; 1
    198e:	0e 94 76 15 	call	0x2aec	; 0x2aec <strncmp>
    1992:	89 2b       	or	r24, r25
    1994:	f9 f4       	brne	.+62     	; 0x19d4 <main+0x71a>
    1996:	61 e5       	ldi	r22, 0x51	; 81
    1998:	71 e0       	ldi	r23, 0x01	; 1
    199a:	8e e6       	ldi	r24, 0x6E	; 110
    199c:	91 e0       	ldi	r25, 0x01	; 1
    199e:	0e 94 6d 15 	call	0x2ada	; 0x2ada <strcmp>
    19a2:	89 2b       	or	r24, r25
    19a4:	b9 f0       	breq	.+46     	; 0x19d4 <main+0x71a>
/Users/leyry/Documents/Electronique/Thermonuino/main/modules/console/console.ino:793
    centerColorIndex++;
    19a6:	80 91 70 02 	lds	r24, 0x0270	; 0x800270 <centerColorIndex>
    19aa:	8f 5f       	subi	r24, 0xFF	; 255
    19ac:	80 93 70 02 	sts	0x0270, r24	; 0x800270 <centerColorIndex>
readPiloteSerial():
/Users/leyry/Documents/Electronique/Thermonuino/main/modules/console/console.ino:843
      continue;
    }
    if (c == '\n') {
      piloteLine[piloteLineLen] = '\0';
      handlePiloteLine(piloteLine);
      piloteLineLen = 0;
    19b0:	10 92 c4 01 	sts	0x01C4, r1	; 0x8001c4 <piloteLineLen>
    19b4:	cf cf       	rjmp	.-98     	; 0x1954 <main+0x69a>
testSpi():
/Users/leyry/Documents/Electronique/Thermonuino/main/lib/Thermonuino-commons/src/ThermioRfCc1101.cpp:96
  uint8_t partnum = 0xFF;
  uint8_t version1 = 0xFF;
  uint8_t version2 = 0xFF;
  const bool readOk =
      readStatus(Partnum, partnum) &&
      readStatus(Version, version1) &&
    19b6:	b8 01       	movw	r22, r16
    19b8:	81 e3       	ldi	r24, 0x31	; 49
    19ba:	0e 94 e8 04 	call	0x9d0	; 0x9d0 <ThermioRfCc1101::readStatus(unsigned char, unsigned char&) [clone .constprop.39]>
/Users/leyry/Documents/Electronique/Thermonuino/main/lib/Thermonuino-commons/src/ThermioRfCc1101.cpp:95
  SPI.beginTransaction(settings_);
  uint8_t partnum = 0xFF;
  uint8_t version1 = 0xFF;
  uint8_t version2 = 0xFF;
  const bool readOk =
      readStatus(Partnum, partnum) &&
    19be:	88 23       	and	r24, r24
    19c0:	09 f4       	brne	.+2      	; 0x19c4 <main+0x70a>
    19c2:	0e cf       	rjmp	.-484    	; 0x17e0 <main+0x526>
/Users/leyry/Documents/Electronique/Thermonuino/main/lib/Thermonuino-commons/src/ThermioRfCc1101.cpp:97
      readStatus(Version, version1) &&
      readStatus(Version, version2);
    19c4:	be 01       	movw	r22, r28
    19c6:	6f 5f       	subi	r22, 0xFF	; 255
    19c8:	7f 4f       	sbci	r23, 0xFF	; 255
    19ca:	81 e3       	ldi	r24, 0x31	; 49
    19cc:	0e 94 e8 04 	call	0x9d0	; 0x9d0 <ThermioRfCc1101::readStatus(unsigned char, unsigned char&) [clone .constprop.39]>
    19d0:	d8 2e       	mov	r13, r24
    19d2:	07 cf       	rjmp	.-498    	; 0x17e2 <main+0x528>
handlePiloteLine():
/Users/leyry/Documents/Electronique/Thermonuino/main/modules/console/console.ino:797
  if (strncmp(line, "TIMESTAMP=", 10) == 0 && strcmp(line + 10, "NA") != 0) {
    centerColorIndex++;
    return;
  }

  if (line[0] == 'Z' &&
    19d4:	80 91 64 01 	lds	r24, 0x0164	; 0x800164 <piloteLine>
    19d8:	8a 35       	cpi	r24, 0x5A	; 90
    19da:	51 f7       	brne	.-44     	; 0x19b0 <main+0x6f6>
/Users/leyry/Documents/Electronique/Thermonuino/main/modules/console/console.ino:798
      line[1] >= '1' &&
    19dc:	d0 90 65 01 	lds	r13, 0x0165	; 0x800165 <piloteLine+0x1>
/Users/leyry/Documents/Electronique/Thermonuino/main/modules/console/console.ino:797
  if (strncmp(line, "TIMESTAMP=", 10) == 0 && strcmp(line + 10, "NA") != 0) {
    centerColorIndex++;
    return;
  }

  if (line[0] == 'Z' &&
    19e0:	8f ec       	ldi	r24, 0xCF	; 207
    19e2:	8d 0d       	add	r24, r13
    19e4:	84 30       	cpi	r24, 0x04	; 4
    19e6:	20 f7       	brcc	.-56     	; 0x19b0 <main+0x6f6>
/Users/leyry/Documents/Electronique/Thermonuino/main/modules/console/console.ino:800
      line[1] >= '1' &&
      line[1] <= '4' &&
      strncmp(line + 2, "_PUISSANCE=", 11) == 0) {
    19e8:	4b e0       	ldi	r20, 0x0B	; 11
    19ea:	50 e0       	ldi	r21, 0x00	; 0
    19ec:	64 e5       	ldi	r22, 0x54	; 84
    19ee:	71 e0       	ldi	r23, 0x01	; 1
    19f0:	86 e6       	ldi	r24, 0x66	; 102
    19f2:	91 e0       	ldi	r25, 0x01	; 1
    19f4:	0e 94 76 15 	call	0x2aec	; 0x2aec <strncmp>
/Users/leyry/Documents/Electronique/Thermonuino/main/modules/console/console.ino:799
    return;
  }

  if (line[0] == 'Z' &&
      line[1] >= '1' &&
      line[1] <= '4' &&
    19f8:	89 2b       	or	r24, r25
    19fa:	d1 f6       	brne	.-76     	; 0x19b0 <main+0x6f6>
/Users/leyry/Documents/Electronique/Thermonuino/main/modules/console/console.ino:801
      strncmp(line + 2, "_PUISSANCE=", 11) == 0) {
    zones[line[1] - '1'].powerVa = (uint16_t)atoi(line + 13);
    19fc:	81 e7       	ldi	r24, 0x71	; 113
    19fe:	91 e0       	ldi	r25, 0x01	; 1
    1a00:	0e 94 ae 13 	call	0x275c	; 0x275c <atoi>
    1a04:	2d 2d       	mov	r18, r13
    1a06:	30 e1       	ldi	r19, 0x10	; 16
    1a08:	23 02       	muls	r18, r19
    1a0a:	f0 01       	movw	r30, r0
    1a0c:	11 24       	eor	r1, r1
    1a0e:	e0 5e       	subi	r30, 0xE0	; 224
    1a10:	f0 40       	sbci	r31, 0x00	; 0
    1a12:	92 83       	std	Z+2, r25	; 0x02
    1a14:	81 83       	std	Z+1, r24	; 0x01
    1a16:	cc cf       	rjmp	.-104    	; 0x19b0 <main+0x6f6>
readPiloteSerial():
/Users/leyry/Documents/Electronique/Thermonuino/main/modules/console/console.ino:844
    }
    if (c == '\n') {
      piloteLine[piloteLineLen] = '\0';
      handlePiloteLine(piloteLine);
      piloteLineLen = 0;
    } else if (piloteLineLen < sizeof(piloteLine) - 1) {
    1a18:	ef 35       	cpi	r30, 0x5F	; 95
    1a1a:	50 f6       	brcc	.-108    	; 0x19b0 <main+0x6f6>
/Users/leyry/Documents/Electronique/Thermonuino/main/modules/console/console.ino:845
      piloteLine[piloteLineLen++] = c;
    1a1c:	91 e0       	ldi	r25, 0x01	; 1
    1a1e:	9e 0f       	add	r25, r30
    1a20:	90 93 c4 01 	sts	0x01C4, r25	; 0x8001c4 <piloteLineLen>
    1a24:	f0 e0       	ldi	r31, 0x00	; 0
    1a26:	ec 59       	subi	r30, 0x9C	; 156
    1a28:	fe 4f       	sbci	r31, 0xFE	; 254
    1a2a:	80 83       	st	Z, r24
    1a2c:	93 cf       	rjmp	.-218    	; 0x1954 <main+0x69a>
loop():
/Users/leyry/Documents/Electronique/Thermonuino/main/modules/console/console.ino:949
  leds.show();
}

void loop() {
  readPiloteSerial();
  updateHeatingHistory(millis());
    1a2e:	0e 94 8e 03 	call	0x71c	; 0x71c <millis>
    1a32:	e0 e3       	ldi	r30, 0x30	; 48
    1a34:	f2 e0       	ldi	r31, 0x02	; 2
updateHeatingHistory():
/Users/leyry/Documents/Electronique/Thermonuino/main/modules/console/console.ino:244

void updateHeatingHistory(uint32_t now) {
  for (uint8_t i = 0; i < PILOTE_ZONE_COUNT; i++) {
    if (workloadForZone(i + 1) > 0) {
      zones[i].lastHeatAt = now;
      zones[i].heatSeen = true;
    1a36:	31 e0       	ldi	r19, 0x01	; 1
workloadForZone():
/Users/leyry/Documents/Electronique/Thermonuino/main/modules/console/console.ino:230

uint8_t workloadForZone(uint8_t zone) {
  if (zone < 1 || zone > PILOTE_ZONE_COUNT) {
    return 0;
  }
  return zones[zone - 1].doorOpen ? 0 : zones[zone - 1].workload;
    1a38:	23 85       	ldd	r18, Z+11	; 0x0b
    1a3a:	21 11       	cpse	r18, r1
    1a3c:	08 c0       	rjmp	.+16     	; 0x1a4e <main+0x794>
updateHeatingHistory():
/Users/leyry/Documents/Electronique/Thermonuino/main/modules/console/console.ino:242
  return zones[zone - 1].doorOpen;
}

void updateHeatingHistory(uint32_t now) {
  for (uint8_t i = 0; i < PILOTE_ZONE_COUNT; i++) {
    if (workloadForZone(i + 1) > 0) {
    1a3e:	20 81       	ld	r18, Z
    1a40:	22 23       	and	r18, r18
    1a42:	29 f0       	breq	.+10     	; 0x1a4e <main+0x794>
/Users/leyry/Documents/Electronique/Thermonuino/main/modules/console/console.ino:243
      zones[i].lastHeatAt = now;
    1a44:	63 83       	std	Z+3, r22	; 0x03
    1a46:	74 83       	std	Z+4, r23	; 0x04
    1a48:	85 83       	std	Z+5, r24	; 0x05
    1a4a:	96 83       	std	Z+6, r25	; 0x06
/Users/leyry/Documents/Electronique/Thermonuino/main/modules/console/console.ino:244
      zones[i].heatSeen = true;
    1a4c:	32 87       	std	Z+10, r19	; 0x0a
    1a4e:	70 96       	adiw	r30, 0x10	; 16
/Users/leyry/Documents/Electronique/Thermonuino/main/modules/console/console.ino:241
  }
  return zones[zone - 1].doorOpen;
}

void updateHeatingHistory(uint32_t now) {
  for (uint8_t i = 0; i < PILOTE_ZONE_COUNT; i++) {
    1a50:	ee 16       	cp	r14, r30
    1a52:	ff 06       	cpc	r15, r31
    1a54:	89 f7       	brne	.-30     	; 0x1a38 <main+0x77e>
updateRf():
/Users/leyry/Documents/Electronique/Thermonuino/main/modules/console/console.ino:870
    sendPiloteSet();
  }
}

void updateRf() {
  if ((uint32_t)(millis() - lastRfRxRefreshAt) >= RF_RX_REFRESH_INTERVAL_MS) {
    1a56:	0e 94 8e 03 	call	0x71c	; 0x71c <millis>
    1a5a:	80 90 ee 01 	lds	r8, 0x01EE	; 0x8001ee <lastRfRxRefreshAt>
    1a5e:	90 90 ef 01 	lds	r9, 0x01EF	; 0x8001ef <lastRfRxRefreshAt+0x1>
    1a62:	a0 90 f0 01 	lds	r10, 0x01F0	; 0x8001f0 <lastRfRxRefreshAt+0x2>
    1a66:	b0 90 f1 01 	lds	r11, 0x01F1	; 0x8001f1 <lastRfRxRefreshAt+0x3>
    1a6a:	68 19       	sub	r22, r8
    1a6c:	79 09       	sbc	r23, r9
    1a6e:	8a 09       	sbc	r24, r10
    1a70:	9b 09       	sbc	r25, r11
    1a72:	64 3f       	cpi	r22, 0xF4	; 244
    1a74:	71 40       	sbci	r23, 0x01	; 1
    1a76:	81 05       	cpc	r24, r1
    1a78:	91 05       	cpc	r25, r1
    1a7a:	68 f0       	brcs	.+26     	; 0x1a96 <main+0x7dc>
/Users/leyry/Documents/Electronique/Thermonuino/main/modules/console/console.ino:871
    lastRfRxRefreshAt = millis();
    1a7c:	0e 94 8e 03 	call	0x71c	; 0x71c <millis>
    1a80:	60 93 ee 01 	sts	0x01EE, r22	; 0x8001ee <lastRfRxRefreshAt>
    1a84:	70 93 ef 01 	sts	0x01EF, r23	; 0x8001ef <lastRfRxRefreshAt+0x1>
    1a88:	80 93 f0 01 	sts	0x01F0, r24	; 0x8001f0 <lastRfRxRefreshAt+0x2>
    1a8c:	90 93 f1 01 	sts	0x01F1, r25	; 0x8001f1 <lastRfRxRefreshAt+0x3>
strobeRx():
/Users/leyry/Documents/Electronique/Thermonuino/main/lib/Thermonuino-commons/src/ThermioRfCc1101.cpp:148
  flushRx();
  return (pktStatus & 0x10) == 0 || bytes >= 7;
}

void ThermioRfCc1101::strobeRx() {
  strobe(Srx);
    1a90:	84 e3       	ldi	r24, 0x34	; 52
    1a92:	0e 94 cf 04 	call	0x99e	; 0x99e <ThermioRfCc1101::strobe(unsigned char) [clone .constprop.43]>
readStatusValue():
/Users/leyry/Documents/Electronique/Thermonuino/main/lib/Thermonuino-commons/src/ThermioRfCc1101.cpp:65
  digitalWrite(pins_.csn, HIGH);
  return true;
}

uint8_t ThermioRfCc1101::readStatusValue(uint8_t address) {
  uint8_t value = 0xFF;
    1a96:	dd 24       	eor	r13, r13
    1a98:	da 94       	dec	r13
    1a9a:	d9 82       	std	Y+1, r13	; 0x01
/Users/leyry/Documents/Electronique/Thermonuino/main/lib/Thermonuino-commons/src/ThermioRfCc1101.cpp:66
  readStatus(address, value);
    1a9c:	ce 01       	movw	r24, r28
    1a9e:	01 96       	adiw	r24, 0x01	; 1
    1aa0:	1c 01       	movw	r2, r24
    1aa2:	bc 01       	movw	r22, r24
    1aa4:	8b e3       	ldi	r24, 0x3B	; 59
    1aa6:	0e 94 e8 04 	call	0x9d0	; 0x9d0 <ThermioRfCc1101::readStatus(unsigned char, unsigned char&) [clone .constprop.39]>
/Users/leyry/Documents/Electronique/Thermonuino/main/lib/Thermonuino-commons/src/ThermioRfCc1101.cpp:67
  return value;
    1aaa:	89 81       	ldd	r24, Y+1	; 0x01
readReport():
/Users/leyry/Documents/Electronique/Thermonuino/main/modules/console/console.ino:538
  return targetId == consoleId ||
      (targetId == ThermioRfFrame::BroadcastId && (uint32_t)millis() < RF_ASSOCIATION_WINDOW_MS);
}

bool readReport(uint8_t &sequence) {
  if (radio.rxOverflow()) {
    1aac:	87 ff       	sbrs	r24, 7
    1aae:	0a c0       	rjmp	.+20     	; 0x1ac4 <main+0x80a>
flushRx():
/Users/leyry/Documents/Electronique/Thermonuino/main/lib/Thermonuino-commons/src/ThermioRfCc1101.cpp:156
void ThermioRfCc1101::idle() {
  strobe(Sidle);
}

void ThermioRfCc1101::flushRx() {
  strobe(Sidle);
    1ab0:	86 e3       	ldi	r24, 0x36	; 54
    1ab2:	0e 94 cf 04 	call	0x99e	; 0x99e <ThermioRfCc1101::strobe(unsigned char) [clone .constprop.43]>
/Users/leyry/Documents/Electronique/Thermonuino/main/lib/Thermonuino-commons/src/ThermioRfCc1101.cpp:157
  strobe(Sfrx);
    1ab6:	8a e3       	ldi	r24, 0x3A	; 58
    1ab8:	0e 94 cf 04 	call	0x99e	; 0x99e <ThermioRfCc1101::strobe(unsigned char) [clone .constprop.43]>
strobeRx():
/Users/leyry/Documents/Electronique/Thermonuino/main/lib/Thermonuino-commons/src/ThermioRfCc1101.cpp:148
  flushRx();
  return (pktStatus & 0x10) == 0 || bytes >= 7;
}

void ThermioRfCc1101::strobeRx() {
  strobe(Srx);
    1abc:	84 e3       	ldi	r24, 0x34	; 52
    1abe:	0e 94 cf 04 	call	0x99e	; 0x99e <ThermioRfCc1101::strobe(unsigned char) [clone .constprop.43]>
    1ac2:	db c0       	rjmp	.+438    	; 0x1c7a <main+0x9c0>
readStatusValue():
/Users/leyry/Documents/Electronique/Thermonuino/main/lib/Thermonuino-commons/src/ThermioRfCc1101.cpp:65
  digitalWrite(pins_.csn, HIGH);
  return true;
}

uint8_t ThermioRfCc1101::readStatusValue(uint8_t address) {
  uint8_t value = 0xFF;
    1ac4:	d9 82       	std	Y+1, r13	; 0x01
/Users/leyry/Documents/Electronique/Thermonuino/main/lib/Thermonuino-commons/src/ThermioRfCc1101.cpp:66
  readStatus(address, value);
    1ac6:	b1 01       	movw	r22, r2
    1ac8:	8b e3       	ldi	r24, 0x3B	; 59
    1aca:	0e 94 e8 04 	call	0x9d0	; 0x9d0 <ThermioRfCc1101::readStatus(unsigned char, unsigned char&) [clone .constprop.39]>
/Users/leyry/Documents/Electronique/Thermonuino/main/lib/Thermonuino-commons/src/ThermioRfCc1101.cpp:67
  return value;
    1ace:	89 81       	ldd	r24, Y+1	; 0x01
rxBytes():
/Users/leyry/Documents/Electronique/Thermonuino/main/lib/Thermonuino-commons/src/ThermioRfCc1101.cpp:170
bool ThermioRfCc1101::rxOverflow() {
  return (readStatusValue(Rxbytes) & 0x80) != 0;
}

uint8_t ThermioRfCc1101::rxBytes() {
  return readStatusValue(Rxbytes) & 0x7F;
    1ad0:	8f 77       	andi	r24, 0x7F	; 127
readReport():
/Users/leyry/Documents/Electronique/Thermonuino/main/modules/console/console.ino:545
    radio.strobeRx();
    return false;
  }

  const uint8_t expectedLength = ThermioRfFrame::HeaderLen + ThermioRfFrame::ReportPayloadLen;
  if (radio.rxBytes() < expectedLength + 1) {
    1ad2:	8f 32       	cpi	r24, 0x2F	; 47
    1ad4:	08 f4       	brcc	.+2      	; 0x1ad8 <main+0x81e>
    1ad6:	d1 c0       	rjmp	.+418    	; 0x1c7a <main+0x9c0>
/Users/leyry/Documents/Electronique/Thermonuino/main/modules/console/console.ino:549
    return false;
  }

  uint8_t packet[ThermioRfFrame::MaxPacketLen] = {0};
    1ad8:	80 e4       	ldi	r24, 0x40	; 64
    1ada:	f1 01       	movw	r30, r2
    1adc:	11 92       	st	Z+, r1
    1ade:	8a 95       	dec	r24
    1ae0:	e9 f7       	brne	.-6      	; 0x1adc <main+0x822>
readStatusValue():
/Users/leyry/Documents/Electronique/Thermonuino/main/lib/Thermonuino-commons/src/ThermioRfCc1101.cpp:65
  digitalWrite(pins_.csn, HIGH);
  return true;
}

uint8_t ThermioRfCc1101::readStatusValue(uint8_t address) {
  uint8_t value = 0xFF;
    1ae2:	f8 01       	movw	r30, r16
    1ae4:	d0 82       	st	Z, r13
/Users/leyry/Documents/Electronique/Thermonuino/main/lib/Thermonuino-commons/src/ThermioRfCc1101.cpp:66
  readStatus(address, value);
    1ae6:	b8 01       	movw	r22, r16
    1ae8:	8b e3       	ldi	r24, 0x3B	; 59
    1aea:	0e 94 e8 04 	call	0x9d0	; 0x9d0 <ThermioRfCc1101::readStatus(unsigned char, unsigned char&) [clone .constprop.39]>
/Users/leyry/Documents/Electronique/Thermonuino/main/lib/Thermonuino-commons/src/ThermioRfCc1101.cpp:67
  return value;
    1aee:	f8 01       	movw	r30, r16
    1af0:	80 81       	ld	r24, Z
rxBytes():
/Users/leyry/Documents/Electronique/Thermonuino/main/lib/Thermonuino-commons/src/ThermioRfCc1101.cpp:170
bool ThermioRfCc1101::rxOverflow() {
  return (readStatusValue(Rxbytes) & 0x80) != 0;
}

uint8_t ThermioRfCc1101::rxBytes() {
  return readStatusValue(Rxbytes) & 0x7F;
    1af2:	d8 2e       	mov	r13, r24
    1af4:	e8 94       	clt
    1af6:	d7 f8       	bld	r13, 7
readPacket():
/Users/leyry/Documents/Electronique/Thermonuino/main/lib/Thermonuino-commons/src/ThermioRfCc1101.cpp:192
  return true;
}

uint8_t ThermioRfCc1101::readPacket(uint8_t *packet, uint8_t maxLength) {
  const uint8_t bytes = rxBytes();
  if (bytes < 2) {
    1af8:	f1 e0       	ldi	r31, 0x01	; 1
    1afa:	fd 15       	cp	r31, r13
    1afc:	70 f4       	brcc	.+28     	; 0x1b1a <main+0x860>
/Users/leyry/Documents/Electronique/Thermonuino/main/lib/Thermonuino-commons/src/ThermioRfCc1101.cpp:196
    return 0;
  }

  digitalWrite(pins_.csn, LOW);
    1afe:	60 e0       	ldi	r22, 0x00	; 0
    1b00:	80 91 28 03 	lds	r24, 0x0328	; 0x800328 <radio>
    1b04:	0e 94 20 01 	call	0x240	; 0x240 <digitalWrite>
/Users/leyry/Documents/Electronique/Thermonuino/main/lib/Thermonuino-commons/src/ThermioRfCc1101.cpp:197
  if (!waitReady(15)) {
    1b08:	0e 94 9a 03 	call	0x734	; 0x734 <ThermioRfCc1101::waitReady(unsigned int) [clone .constprop.44]>
    1b0c:	81 11       	cpse	r24, r1
    1b0e:	07 c0       	rjmp	.+14     	; 0x1b1e <main+0x864>
/Users/leyry/Documents/Electronique/Thermonuino/main/lib/Thermonuino-commons/src/ThermioRfCc1101.cpp:198
    digitalWrite(pins_.csn, HIGH);
    1b10:	61 e0       	ldi	r22, 0x01	; 1
    1b12:	80 91 28 03 	lds	r24, 0x0328	; 0x800328 <radio>
    1b16:	0e 94 20 01 	call	0x240	; 0x240 <digitalWrite>
main():
/Users/leyry/Documents/Electronique/Thermonuino/main/lib/Thermonuino-commons/src/ThermioRfCc1101.cpp:193
}

uint8_t ThermioRfCc1101::readPacket(uint8_t *packet, uint8_t maxLength) {
  const uint8_t bytes = rxBytes();
  if (bytes < 2) {
    return 0;
    1b1a:	91 2c       	mov	r9, r1
    1b1c:	2b c0       	rjmp	.+86     	; 0x1b74 <main+0x8ba>
readPacket():
/Users/leyry/Documents/Electronique/Thermonuino/main/lib/Thermonuino-commons/src/ThermioRfCc1101.cpp:201
  digitalWrite(pins_.csn, LOW);
  if (!waitReady(15)) {
    digitalWrite(pins_.csn, HIGH);
    return 0;
  }
  SPI.transfer(ReadBurst | Rxfifo);
    1b1e:	8f ef       	ldi	r24, 0xFF	; 255
    1b20:	0e 94 c8 04 	call	0x990	; 0x990 <SPIClass::transfer(unsigned char)>
/Users/leyry/Documents/Electronique/Thermonuino/main/lib/Thermonuino-commons/src/ThermioRfCc1101.cpp:202
  uint8_t length = SPI.transfer(0x00);
    1b24:	80 e0       	ldi	r24, 0x00	; 0
    1b26:	0e 94 c8 04 	call	0x990	; 0x990 <SPIClass::transfer(unsigned char)>
/Users/leyry/Documents/Electronique/Thermonuino/main/lib/Thermonuino-commons/src/ThermioRfCc1101.cpp:203
  if (length > bytes - 1) {
    1b2a:	8d 15       	cp	r24, r13
    1b2c:	10 f0       	brcs	.+4      	; 0x1b32 <main+0x878>
/Users/leyry/Documents/Electronique/Thermonuino/main/lib/Thermonuino-commons/src/ThermioRfCc1101.cpp:204
    length = bytes - 1;
    1b2e:	8f ef       	ldi	r24, 0xFF	; 255
    1b30:	8d 0d       	add	r24, r13
    1b32:	98 2e       	mov	r9, r24
    1b34:	50 e4       	ldi	r21, 0x40	; 64
    1b36:	85 2e       	mov	r8, r21
    1b38:	88 16       	cp	r8, r24
    1b3a:	10 f4       	brcc	.+4      	; 0x1b40 <main+0x886>
    1b3c:	40 e4       	ldi	r20, 0x40	; 64
    1b3e:	94 2e       	mov	r9, r20
loop():
/Users/leyry/Documents/Electronique/Thermonuino/main/modules/console/console.ino:949
  leds.show();
}

void loop() {
  readPiloteSerial();
  updateHeatingHistory(millis());
    1b40:	61 01       	movw	r12, r2
readPacket():
/Users/leyry/Documents/Electronique/Thermonuino/main/lib/Thermonuino-commons/src/ThermioRfCc1101.cpp:209
  }
  if (length > maxLength) {
    length = maxLength;
  }
  for (uint8_t i = 0; i < length; i++) {
    1b42:	8c 2d       	mov	r24, r12
    1b44:	82 19       	sub	r24, r2
    1b46:	89 15       	cp	r24, r9
    1b48:	38 f4       	brcc	.+14     	; 0x1b58 <main+0x89e>
/Users/leyry/Documents/Electronique/Thermonuino/main/lib/Thermonuino-commons/src/ThermioRfCc1101.cpp:210
    packet[i] = SPI.transfer(0x00);
    1b4a:	80 e0       	ldi	r24, 0x00	; 0
    1b4c:	0e 94 c8 04 	call	0x990	; 0x990 <SPIClass::transfer(unsigned char)>
    1b50:	f6 01       	movw	r30, r12
    1b52:	81 93       	st	Z+, r24
    1b54:	6f 01       	movw	r12, r30
    1b56:	f5 cf       	rjmp	.-22     	; 0x1b42 <main+0x888>
/Users/leyry/Documents/Electronique/Thermonuino/main/lib/Thermonuino-commons/src/ThermioRfCc1101.cpp:212
  }
  digitalWrite(pins_.csn, HIGH);
    1b58:	61 e0       	ldi	r22, 0x01	; 1
    1b5a:	80 91 28 03 	lds	r24, 0x0328	; 0x800328 <radio>
    1b5e:	0e 94 20 01 	call	0x240	; 0x240 <digitalWrite>
flushRx():
/Users/leyry/Documents/Electronique/Thermonuino/main/lib/Thermonuino-commons/src/ThermioRfCc1101.cpp:156
void ThermioRfCc1101::idle() {
  strobe(Sidle);
}

void ThermioRfCc1101::flushRx() {
  strobe(Sidle);
    1b62:	86 e3       	ldi	r24, 0x36	; 54
    1b64:	0e 94 cf 04 	call	0x99e	; 0x99e <ThermioRfCc1101::strobe(unsigned char) [clone .constprop.43]>
/Users/leyry/Documents/Electronique/Thermonuino/main/lib/Thermonuino-commons/src/ThermioRfCc1101.cpp:157
  strobe(Sfrx);
    1b68:	8a e3       	ldi	r24, 0x3A	; 58
    1b6a:	0e 94 cf 04 	call	0x99e	; 0x99e <ThermioRfCc1101::strobe(unsigned char) [clone .constprop.43]>
strobeRx():
/Users/leyry/Documents/Electronique/Thermonuino/main/lib/Thermonuino-commons/src/ThermioRfCc1101.cpp:148
  flushRx();
  return (pktStatus & 0x10) == 0 || bytes >= 7;
}

void ThermioRfCc1101::strobeRx() {
  strobe(Srx);
    1b6e:	84 e3       	ldi	r24, 0x34	; 52
    1b70:	0e 94 cf 04 	call	0x99e	; 0x99e <ThermioRfCc1101::strobe(unsigned char) [clone .constprop.43]>
readReport():
/Users/leyry/Documents/Electronique/Thermonuino/main/modules/console/console.ino:551
    return false;
  }

  uint8_t packet[ThermioRfFrame::MaxPacketLen] = {0};
  const uint8_t length = radio.readPacket(packet, sizeof(packet));
  ThermioRfFrame::Header header;
    1b74:	ac 96       	adiw	r28, 0x2c	; 44
    1b76:	1f ae       	std	Y+63, r1	; 0x3f
    1b78:	ac 97       	sbiw	r28, 0x2c	; 44
    1b7a:	ae 96       	adiw	r28, 0x2e	; 46
    1b7c:	1f ae       	std	Y+63, r1	; 0x3f
    1b7e:	1e ae       	std	Y+62, r1	; 0x3e
    1b80:	ae 97       	sbiw	r28, 0x2e	; 46
    1b82:	e0 96       	adiw	r28, 0x30	; 48
    1b84:	1f ae       	std	Y+63, r1	; 0x3f
    1b86:	1e ae       	std	Y+62, r1	; 0x3e
    1b88:	e0 97       	sbiw	r28, 0x30	; 48
    1b8a:	e1 96       	adiw	r28, 0x31	; 49
    1b8c:	1f ae       	std	Y+63, r1	; 0x3f
    1b8e:	e1 97       	sbiw	r28, 0x31	; 49
    1b90:	8f ef       	ldi	r24, 0xFF	; 255
    1b92:	e2 96       	adiw	r28, 0x32	; 50
    1b94:	8f af       	std	Y+63, r24	; 0x3f
    1b96:	e2 97       	sbiw	r28, 0x32	; 50
    1b98:	e3 96       	adiw	r28, 0x33	; 51
    1b9a:	1f ae       	std	Y+63, r1	; 0x3f
    1b9c:	e3 97       	sbiw	r28, 0x33	; 51
/Users/leyry/Documents/Electronique/Thermonuino/main/modules/console/console.ino:552
  if (!ThermioRfFrame::readHeader(packet, length, header) ||
    1b9e:	ae 01       	movw	r20, r28
    1ba0:	45 59       	subi	r20, 0x95	; 149
    1ba2:	5f 4f       	sbci	r21, 0xFF	; 255
    1ba4:	69 2d       	mov	r22, r9
    1ba6:	c1 01       	movw	r24, r2
    1ba8:	0e 94 94 00 	call	0x128	; 0x128 <ThermioRfFrame::readHeader(unsigned char const*, unsigned char, ThermioRfFrame::Header&) [clone .constprop.34]>
    1bac:	88 2e       	mov	r8, r24
/Users/leyry/Documents/Electronique/Thermonuino/main/modules/console/console.ino:554
      header.frameType != ThermioRfFrame::FrameReport ||
      !sourceAccepted(header.sourceId, header.targetId) ||
    1bae:	88 23       	and	r24, r24
    1bb0:	09 f4       	brne	.+2      	; 0x1bb4 <main+0x8fa>
    1bb2:	63 c0       	rjmp	.+198    	; 0x1c7a <main+0x9c0>
/Users/leyry/Documents/Electronique/Thermonuino/main/modules/console/console.ino:552
  }

  uint8_t packet[ThermioRfFrame::MaxPacketLen] = {0};
  const uint8_t length = radio.readPacket(packet, sizeof(packet));
  ThermioRfFrame::Header header;
  if (!ThermioRfFrame::readHeader(packet, length, header) ||
    1bb4:	ac 96       	adiw	r28, 0x2c	; 44
    1bb6:	8f ad       	ldd	r24, Y+63	; 0x3f
    1bb8:	ac 97       	sbiw	r28, 0x2c	; 44
    1bba:	81 30       	cpi	r24, 0x01	; 1
    1bbc:	09 f0       	breq	.+2      	; 0x1bc0 <main+0x906>
    1bbe:	5d c0       	rjmp	.+186    	; 0x1c7a <main+0x9c0>
/Users/leyry/Documents/Electronique/Thermonuino/main/modules/console/console.ino:554
      header.frameType != ThermioRfFrame::FrameReport ||
      !sourceAccepted(header.sourceId, header.targetId) ||
    1bc0:	e0 96       	adiw	r28, 0x30	; 48
    1bc2:	ae ac       	ldd	r10, Y+62	; 0x3e
    1bc4:	bf ac       	ldd	r11, Y+63	; 0x3f
    1bc6:	e0 97       	sbiw	r28, 0x30	; 48
    1bc8:	ae 96       	adiw	r28, 0x2e	; 46
    1bca:	ce ac       	ldd	r12, Y+62	; 0x3e
    1bcc:	df ac       	ldd	r13, Y+63	; 0x3f
    1bce:	ae 97       	sbiw	r28, 0x2e	; 46
sourceAccepted():
/Users/leyry/Documents/Electronique/Thermonuino/main/modules/console/console.ino:524
  associationConfirmUntil = millis() + 5000;
  associationActive = false;
}

bool sourceAccepted(uint16_t sourceId, uint16_t targetId) {
  const bool associationWindowOpen = (uint32_t)millis() < RF_ASSOCIATION_WINDOW_MS;
    1bd0:	0e 94 8e 03 	call	0x71c	; 0x71c <millis>
    1bd4:	2b 01       	movw	r4, r22
    1bd6:	3c 01       	movw	r6, r24
/Users/leyry/Documents/Electronique/Thermonuino/main/modules/console/console.ino:526
  const bool sourceKnown =
      findAssociatedSlave(sourceId) >= 0 ||
    1bd8:	c6 01       	movw	r24, r12
    1bda:	0e 94 77 05 	call	0xaee	; 0xaee <findAssociatedSlave(unsigned int)>
    1bde:	97 ff       	sbrs	r25, 7
    1be0:	0e c0       	rjmp	.+28     	; 0x1bfe <main+0x944>
    1be2:	80 90 7b 02 	lds	r8, 0x027B	; 0x80027b <associationActive>
    1be6:	88 20       	and	r8, r8
    1be8:	51 f0       	breq	.+20     	; 0x1bfe <main+0x944>
/Users/leyry/Documents/Electronique/Thermonuino/main/modules/console/console.ino:527
      (associationActive && associationNodeId == sourceId);
    1bea:	88 24       	eor	r8, r8
    1bec:	83 94       	inc	r8
    1bee:	80 91 1b 02 	lds	r24, 0x021B	; 0x80021b <associationNodeId>
    1bf2:	90 91 1c 02 	lds	r25, 0x021C	; 0x80021c <associationNodeId+0x1>
    1bf6:	8c 15       	cp	r24, r12
    1bf8:	9d 05       	cpc	r25, r13
    1bfa:	09 f0       	breq	.+2      	; 0x1bfe <main+0x944>
    1bfc:	81 2c       	mov	r8, r1
/Users/leyry/Documents/Electronique/Thermonuino/main/modules/console/console.ino:528
  return sourceId != consoleId &&
    1bfe:	20 91 00 01 	lds	r18, 0x0100	; 0x800100 <__data_start>
    1c02:	30 91 01 01 	lds	r19, 0x0101	; 0x800101 <__data_start+0x1>
    1c06:	c2 16       	cp	r12, r18
    1c08:	d3 06       	cpc	r13, r19
    1c0a:	b9 f1       	breq	.+110    	; 0x1c7a <main+0x9c0>
    1c0c:	81 10       	cpse	r8, r1
    1c0e:	0a c0       	rjmp	.+20     	; 0x1c24 <main+0x96a>
/Users/leyry/Documents/Electronique/Thermonuino/main/modules/console/console.ino:529
      (sourceKnown || (targetId == ThermioRfFrame::BroadcastId && associationWindowOpen));
    1c10:	ab 28       	or	r10, r11
    1c12:	99 f5       	brne	.+102    	; 0x1c7a <main+0x9c0>
    1c14:	f0 e2       	ldi	r31, 0x20	; 32
    1c16:	4f 16       	cp	r4, r31
    1c18:	ff eb       	ldi	r31, 0xBF	; 191
    1c1a:	5f 06       	cpc	r5, r31
    1c1c:	f2 e0       	ldi	r31, 0x02	; 2
    1c1e:	6f 06       	cpc	r6, r31
    1c20:	71 04       	cpc	r7, r1
    1c22:	58 f5       	brcc	.+86     	; 0x1c7a <main+0x9c0>
readReport():
/Users/leyry/Documents/Electronique/Thermonuino/main/modules/console/console.ino:555
  const uint8_t length = radio.readPacket(packet, sizeof(packet));
  ThermioRfFrame::Header header;
  if (!ThermioRfFrame::readHeader(packet, length, header) ||
      header.frameType != ThermioRfFrame::FrameReport ||
      !sourceAccepted(header.sourceId, header.targetId) ||
      !targetAccepted(header.targetId)) {
    1c24:	e0 96       	adiw	r28, 0x30	; 48
    1c26:	8e ad       	ldd	r24, Y+62	; 0x3e
    1c28:	9f ad       	ldd	r25, Y+63	; 0x3f
    1c2a:	e0 97       	sbiw	r28, 0x30	; 48
targetAccepted():
/Users/leyry/Documents/Electronique/Thermonuino/main/modules/console/console.ino:533
  return sourceId != consoleId &&
      (sourceKnown || (targetId == ThermioRfFrame::BroadcastId && associationWindowOpen));
}

bool targetAccepted(uint16_t targetId) {
  return targetId == consoleId ||
    1c2c:	82 17       	cp	r24, r18
    1c2e:	93 07       	cpc	r25, r19
    1c30:	09 f0       	breq	.+2      	; 0x1c34 <main+0x97a>
    1c32:	3e c1       	rjmp	.+636    	; 0x1eb0 <main+0xbf6>
readReport():
/Users/leyry/Documents/Electronique/Thermonuino/main/modules/console/console.ino:559
      !sourceAccepted(header.sourceId, header.targetId) ||
      !targetAccepted(header.targetId)) {
    return false;
  }

  ThermioRfFrame::Report report;
    1c34:	82 e2       	ldi	r24, 0x22	; 34
    1c36:	f8 01       	movw	r30, r16
    1c38:	11 92       	st	Z+, r1
    1c3a:	8a 95       	dec	r24
    1c3c:	e9 f7       	brne	.-6      	; 0x1c38 <main+0x97e>
decodeReport():
/Users/leyry/Documents/Electronique/Thermonuino/main/lib/Thermonuino-commons/src/ThermioRfFrame.cpp:52
  packet[11] = header.payloadLen;
  return HeaderLen;
}

bool decodeReport(const uint8_t *packet, uint8_t length, Report &report, uint8_t maxZone) {
  Header header;
    1c3e:	a4 96       	adiw	r28, 0x24	; 36
    1c40:	1f ae       	std	Y+63, r1	; 0x3f
    1c42:	a4 97       	sbiw	r28, 0x24	; 36
    1c44:	a6 96       	adiw	r28, 0x26	; 38
    1c46:	1f ae       	std	Y+63, r1	; 0x3f
    1c48:	1e ae       	std	Y+62, r1	; 0x3e
    1c4a:	a6 97       	sbiw	r28, 0x26	; 38
    1c4c:	a8 96       	adiw	r28, 0x28	; 40
    1c4e:	1f ae       	std	Y+63, r1	; 0x3f
    1c50:	1e ae       	std	Y+62, r1	; 0x3e
    1c52:	a8 97       	sbiw	r28, 0x28	; 40
    1c54:	a9 96       	adiw	r28, 0x29	; 41
    1c56:	1f ae       	std	Y+63, r1	; 0x3f
    1c58:	a9 97       	sbiw	r28, 0x29	; 41
    1c5a:	8f ef       	ldi	r24, 0xFF	; 255
    1c5c:	aa 96       	adiw	r28, 0x2a	; 42
    1c5e:	8f af       	std	Y+63, r24	; 0x3f
    1c60:	aa 97       	sbiw	r28, 0x2a	; 42
    1c62:	ab 96       	adiw	r28, 0x2b	; 43
    1c64:	1f ae       	std	Y+63, r1	; 0x3f
    1c66:	ab 97       	sbiw	r28, 0x2b	; 43
/Users/leyry/Documents/Electronique/Thermonuino/main/lib/Thermonuino-commons/src/ThermioRfFrame.cpp:53
  if (!readHeader(packet, length, header) || header.frameType != FrameReport) {
    1c68:	ae 01       	movw	r20, r28
    1c6a:	4d 59       	subi	r20, 0x9D	; 157
    1c6c:	5f 4f       	sbci	r21, 0xFF	; 255
    1c6e:	69 2d       	mov	r22, r9
    1c70:	c1 01       	movw	r24, r2
    1c72:	0e 94 94 00 	call	0x128	; 0x128 <ThermioRfFrame::readHeader(unsigned char const*, unsigned char, ThermioRfFrame::Header&) [clone .constprop.34]>
    1c76:	81 11       	cpse	r24, r1
    1c78:	27 c1       	rjmp	.+590    	; 0x1ec8 <main+0xc0e>
savePendingAssociationIfDue():
/Users/leyry/Documents/Electronique/Thermonuino/main/modules/console/console.ino:500
  }
  associationSaveAt = millis() + RF_ASSOCIATION_SAVE_DELAY_MS;
}

void savePendingAssociationIfDue() {
  if (!associationActive || (int32_t)(millis() - associationSaveAt) < 0) {
    1c7a:	80 91 7b 02 	lds	r24, 0x027B	; 0x80027b <associationActive>
    1c7e:	88 23       	and	r24, r24
    1c80:	09 f4       	brne	.+2      	; 0x1c84 <main+0x9ca>
    1c82:	89 c0       	rjmp	.+274    	; 0x1d96 <main+0xadc>
    1c84:	0e 94 8e 03 	call	0x71c	; 0x71c <millis>
    1c88:	80 90 1d 02 	lds	r8, 0x021D	; 0x80021d <associationSaveAt>
    1c8c:	90 90 1e 02 	lds	r9, 0x021E	; 0x80021e <associationSaveAt+0x1>
    1c90:	a0 90 1f 02 	lds	r10, 0x021F	; 0x80021f <associationSaveAt+0x2>
    1c94:	b0 90 20 02 	lds	r11, 0x0220	; 0x800220 <associationSaveAt+0x3>
    1c98:	68 19       	sub	r22, r8
    1c9a:	79 09       	sbc	r23, r9
    1c9c:	8a 09       	sbc	r24, r10
    1c9e:	9b 09       	sbc	r25, r11
    1ca0:	97 fd       	sbrc	r25, 7
    1ca2:	79 c0       	rjmp	.+242    	; 0x1d96 <main+0xadc>
/Users/leyry/Documents/Electronique/Thermonuino/main/modules/console/console.ino:504
    return;
  }

  const int preferredIndex = findAssociatedSlave(associationNodeId);
    1ca4:	a0 90 1b 02 	lds	r10, 0x021B	; 0x80021b <associationNodeId>
    1ca8:	b0 90 1c 02 	lds	r11, 0x021C	; 0x80021c <associationNodeId+0x1>
    1cac:	c5 01       	movw	r24, r10
    1cae:	0e 94 77 05 	call	0xaee	; 0xaee <findAssociatedSlave(unsigned int)>
    1cb2:	6c 01       	movw	r12, r24
/Users/leyry/Documents/Electronique/Thermonuino/main/modules/console/console.ino:505
  const int index = findAssociationSlotForZone(associationZone, preferredIndex);
    1cb4:	30 91 05 01 	lds	r19, 0x0105	; 0x800105 <associationZone>
    1cb8:	e3 ef       	ldi	r30, 0xF3	; 243
    1cba:	f1 e0       	ldi	r31, 0x01	; 1
    1cbc:	50 e0       	ldi	r21, 0x00	; 0
    1cbe:	40 e0       	ldi	r20, 0x00	; 0
main():
/Users/leyry/Documents/Electronique/Thermonuino/main/modules/console/console.ino:451
  return -1;
}

int findAssociationSlotForZone(uint8_t zone, int preferredIndex) {
  uint8_t zoneCount = 0;
  int firstZoneIndex = -1;
    1cc0:	8f ef       	ldi	r24, 0xFF	; 255
    1cc2:	9f ef       	ldi	r25, 0xFF	; 255
/Users/leyry/Documents/Electronique/Thermonuino/main/modules/console/console.ino:450
  }
  return -1;
}

int findAssociationSlotForZone(uint8_t zone, int preferredIndex) {
  uint8_t zoneCount = 0;
    1cc4:	20 e0       	ldi	r18, 0x00	; 0
findAssociationSlotForZone():
/Users/leyry/Documents/Electronique/Thermonuino/main/modules/console/console.ino:453
  int firstZoneIndex = -1;
  for (uint8_t i = 0; i < RF_MAX_ASSOCIATED_SLAVES; i++) {
    if (associatedSlaves[i].zone == zone) {
    1cc6:	63 81       	ldd	r22, Z+3	; 0x03
    1cc8:	36 13       	cpse	r19, r22
    1cca:	05 c0       	rjmp	.+10     	; 0x1cd6 <main+0xa1c>
/Users/leyry/Documents/Electronique/Thermonuino/main/modules/console/console.ino:454
      zoneCount++;
    1ccc:	2f 5f       	subi	r18, 0xFF	; 255
/Users/leyry/Documents/Electronique/Thermonuino/main/modules/console/console.ino:455
      if (firstZoneIndex < 0) {
    1cce:	8f 3f       	cpi	r24, 0xFF	; 255
    1cd0:	98 07       	cpc	r25, r24
    1cd2:	09 f4       	brne	.+2      	; 0x1cd6 <main+0xa1c>
main():
/Users/leyry/Documents/Electronique/Thermonuino/main/modules/console/console.ino:456
        firstZoneIndex = i;
    1cd4:	ca 01       	movw	r24, r20
    1cd6:	4f 5f       	subi	r20, 0xFF	; 255
    1cd8:	5f 4f       	sbci	r21, 0xFF	; 255
    1cda:	34 96       	adiw	r30, 0x04	; 4
findAssociationSlotForZone():
/Users/leyry/Documents/Electronique/Thermonuino/main/modules/console/console.ino:452
}

int findAssociationSlotForZone(uint8_t zone, int preferredIndex) {
  uint8_t zoneCount = 0;
  int firstZoneIndex = -1;
  for (uint8_t i = 0; i < RF_MAX_ASSOCIATED_SLAVES; i++) {
    1cdc:	4a 30       	cpi	r20, 0x0A	; 10
    1cde:	51 05       	cpc	r21, r1
    1ce0:	91 f7       	brne	.-28     	; 0x1cc6 <main+0xa0c>
/Users/leyry/Documents/Electronique/Thermonuino/main/modules/console/console.ino:461
        firstZoneIndex = i;
      }
    }
  }

  if (preferredIndex >= 0 &&
    1ce2:	d7 fc       	sbrc	r13, 7
    1ce4:	92 c3       	rjmp	.+1828   	; 0x240a <main+0x1150>
/Users/leyry/Documents/Electronique/Thermonuino/main/modules/console/console.ino:462
      (associatedSlaves[preferredIndex].zone == zone || zoneCount < RF_ASSOC_SLAVES_PER_ZONE)) {
    1ce6:	f6 01       	movw	r30, r12
    1ce8:	ee 0f       	add	r30, r30
    1cea:	ff 1f       	adc	r31, r31
    1cec:	ee 0f       	add	r30, r30
    1cee:	ff 1f       	adc	r31, r31
    1cf0:	ed 50       	subi	r30, 0x0D	; 13
    1cf2:	fe 4f       	sbci	r31, 0xFE	; 254
/Users/leyry/Documents/Electronique/Thermonuino/main/modules/console/console.ino:461
        firstZoneIndex = i;
      }
    }
  }

  if (preferredIndex >= 0 &&
    1cf4:	43 81       	ldd	r20, Z+3	; 0x03
    1cf6:	34 17       	cp	r19, r20
    1cf8:	19 f0       	breq	.+6      	; 0x1d00 <main+0xa46>
/Users/leyry/Documents/Electronique/Thermonuino/main/modules/console/console.ino:462
      (associatedSlaves[preferredIndex].zone == zone || zoneCount < RF_ASSOC_SLAVES_PER_ZONE)) {
    1cfa:	22 30       	cpi	r18, 0x02	; 2
    1cfc:	08 f0       	brcs	.+2      	; 0x1d00 <main+0xa46>
    1cfe:	87 c3       	rjmp	.+1806   	; 0x240e <main+0x1154>
savePendingAssociationIfDue():
/Users/leyry/Documents/Electronique/Thermonuino/main/modules/console/console.ino:506
    return;
  }

  const int preferredIndex = findAssociatedSlave(associationNodeId);
  const int index = findAssociationSlotForZone(associationZone, preferredIndex);
  associatedSlaves[index].nodeId = associationNodeId;
    1d00:	f6 01       	movw	r30, r12
    1d02:	ee 0f       	add	r30, r30
    1d04:	ff 1f       	adc	r31, r31
    1d06:	ee 0f       	add	r30, r30
    1d08:	ff 1f       	adc	r31, r31
    1d0a:	ed 50       	subi	r30, 0x0D	; 13
    1d0c:	fe 4f       	sbci	r31, 0xFE	; 254
    1d0e:	b1 82       	std	Z+1, r11	; 0x01
    1d10:	a0 82       	st	Z, r10
/Users/leyry/Documents/Electronique/Thermonuino/main/modules/console/console.ino:507
  associatedSlaves[index].deviceType = associationDeviceType;
    1d12:	80 91 f2 01 	lds	r24, 0x01F2	; 0x8001f2 <associationDeviceType>
    1d16:	82 83       	std	Z+2, r24	; 0x02
/Users/leyry/Documents/Electronique/Thermonuino/main/modules/console/console.ino:508
  associatedSlaves[index].zone = associationZone;
    1d18:	33 83       	std	Z+3, r19	; 0x03
/Users/leyry/Documents/Electronique/Thermonuino/main/modules/console/console.ino:509
  saveAssociationEntry(index);
    1d1a:	8c 2d       	mov	r24, r12
    1d1c:	0e 94 85 07 	call	0xf0a	; 0xf0a <saveAssociationEntry(unsigned char)>
    1d20:	e3 ef       	ldi	r30, 0xF3	; 243
    1d22:	ae 2e       	mov	r10, r30
    1d24:	e1 e0       	ldi	r30, 0x01	; 1
    1d26:	be 2e       	mov	r11, r30
    1d28:	91 2c       	mov	r9, r1
    1d2a:	81 2c       	mov	r8, r1
/Users/leyry/Documents/Electronique/Thermonuino/main/modules/console/console.ino:512

  for (uint8_t i = 0; i < RF_MAX_ASSOCIATED_SLAVES; i++) {
    if (i != index && associatedSlaves[i].nodeId == associationNodeId) {
    1d2c:	8c 14       	cp	r8, r12
    1d2e:	9d 04       	cpc	r9, r13
    1d30:	89 f0       	breq	.+34     	; 0x1d54 <main+0xa9a>
    1d32:	f5 01       	movw	r30, r10
    1d34:	20 81       	ld	r18, Z
    1d36:	31 81       	ldd	r19, Z+1	; 0x01
    1d38:	80 91 1b 02 	lds	r24, 0x021B	; 0x80021b <associationNodeId>
    1d3c:	90 91 1c 02 	lds	r25, 0x021C	; 0x80021c <associationNodeId+0x1>
    1d40:	28 17       	cp	r18, r24
    1d42:	39 07       	cpc	r19, r25
    1d44:	39 f4       	brne	.+14     	; 0x1d54 <main+0xa9a>
clearAssociationEntry():
/Users/leyry/Documents/Electronique/Thermonuino/main/modules/console/console.ino:434
  EEPROM.update(EEPROM_ASSOC_MAGIC_0, EEPROM_ASSOC_MAGIC_VALUE_0);
  EEPROM.update(EEPROM_ASSOC_MAGIC_1, EEPROM_ASSOC_MAGIC_VALUE_1);
}

void clearAssociationEntry(uint8_t index) {
  associatedSlaves[index].nodeId = ThermioRfFrame::BroadcastId;
    1d46:	11 82       	std	Z+1, r1	; 0x01
    1d48:	10 82       	st	Z, r1
/Users/leyry/Documents/Electronique/Thermonuino/main/modules/console/console.ino:435
  associatedSlaves[index].deviceType = 0;
    1d4a:	12 82       	std	Z+2, r1	; 0x02
/Users/leyry/Documents/Electronique/Thermonuino/main/modules/console/console.ino:436
  associatedSlaves[index].zone = 0;
    1d4c:	13 82       	std	Z+3, r1	; 0x03
/Users/leyry/Documents/Electronique/Thermonuino/main/modules/console/console.ino:437
  saveAssociationEntry(index);
    1d4e:	88 2d       	mov	r24, r8
    1d50:	0e 94 85 07 	call	0xf0a	; 0xf0a <saveAssociationEntry(unsigned char)>
    1d54:	ff ef       	ldi	r31, 0xFF	; 255
    1d56:	8f 1a       	sub	r8, r31
    1d58:	9f 0a       	sbc	r9, r31
    1d5a:	24 e0       	ldi	r18, 0x04	; 4
    1d5c:	a2 0e       	add	r10, r18
    1d5e:	b1 1c       	adc	r11, r1
savePendingAssociationIfDue():
/Users/leyry/Documents/Electronique/Thermonuino/main/modules/console/console.ino:511
  associatedSlaves[index].nodeId = associationNodeId;
  associatedSlaves[index].deviceType = associationDeviceType;
  associatedSlaves[index].zone = associationZone;
  saveAssociationEntry(index);

  for (uint8_t i = 0; i < RF_MAX_ASSOCIATED_SLAVES; i++) {
    1d60:	3a e0       	ldi	r19, 0x0A	; 10
    1d62:	83 16       	cp	r8, r19
    1d64:	91 04       	cpc	r9, r1
    1d66:	11 f7       	brne	.-60     	; 0x1d2c <main+0xa72>
/Users/leyry/Documents/Electronique/Thermonuino/main/modules/console/console.ino:517
    if (i != index && associatedSlaves[i].nodeId == associationNodeId) {
      clearAssociationEntry(i);
    }
  }

  associationConfirmActive = true;
    1d68:	81 e0       	ldi	r24, 0x01	; 1
    1d6a:	80 93 80 02 	sts	0x0280, r24	; 0x800280 <associationConfirmActive>
/Users/leyry/Documents/Electronique/Thermonuino/main/modules/console/console.ino:518
  associationConfirmZone = associationZone;
    1d6e:	80 91 05 01 	lds	r24, 0x0105	; 0x800105 <associationZone>
    1d72:	80 93 04 01 	sts	0x0104, r24	; 0x800104 <associationConfirmZone>
/Users/leyry/Documents/Electronique/Thermonuino/main/modules/console/console.ino:519
  associationConfirmUntil = millis() + 5000;
    1d76:	0e 94 8e 03 	call	0x71c	; 0x71c <millis>
    1d7a:	68 57       	subi	r22, 0x78	; 120
    1d7c:	7c 4e       	sbci	r23, 0xEC	; 236
    1d7e:	8f 4f       	sbci	r24, 0xFF	; 255
    1d80:	9f 4f       	sbci	r25, 0xFF	; 255
    1d82:	60 93 7c 02 	sts	0x027C, r22	; 0x80027c <associationConfirmUntil>
    1d86:	70 93 7d 02 	sts	0x027D, r23	; 0x80027d <associationConfirmUntil+0x1>
    1d8a:	80 93 7e 02 	sts	0x027E, r24	; 0x80027e <associationConfirmUntil+0x2>
    1d8e:	90 93 7f 02 	sts	0x027F, r25	; 0x80027f <associationConfirmUntil+0x3>
/Users/leyry/Documents/Electronique/Thermonuino/main/modules/console/console.ino:520
  associationActive = false;
    1d92:	10 92 7b 02 	sts	0x027B, r1	; 0x80027b <associationActive>
refreshTimedModeEffects():
/Users/leyry/Documents/Electronique/Thermonuino/main/modules/console/console.ino:762
  doucheWasActive = doucheActive();
  sendPiloteSet();
}

void refreshTimedModeEffects() {
  if (stableMode != MODE_DOUCHE) {
    1d96:	80 91 81 02 	lds	r24, 0x0281	; 0x800281 <stableMode>
    1d9a:	86 30       	cpi	r24, 0x06	; 6
    1d9c:	09 f4       	brne	.+2      	; 0x1da0 <main+0xae6>
    1d9e:	4f c3       	rjmp	.+1694   	; 0x243e <main+0x1184>
/Users/leyry/Documents/Electronique/Thermonuino/main/modules/console/console.ino:763
    doucheWasActive = false;
    1da0:	10 92 21 02 	sts	0x0221, r1	; 0x800221 <doucheWasActive>
updateModeInput():
/Users/leyry/Documents/Electronique/Thermonuino/main/modules/console/console.ino:775
    sendPiloteSet();
  }
}

void updateModeInput() {
  const ModeValue rawMode = readRawMode();
    1da4:	0e 94 4f 05 	call	0xa9e	; 0xa9e <readRawMode()>
    1da8:	d8 2e       	mov	r13, r24
/Users/leyry/Documents/Electronique/Thermonuino/main/modules/console/console.ino:776
  const unsigned long now = millis();
    1daa:	0e 94 8e 03 	call	0x71c	; 0x71c <millis>
/Users/leyry/Documents/Electronique/Thermonuino/main/modules/console/console.ino:777
  if (rawMode == MODE_NONE || rawMode == MODE_INVALID) {
    1dae:	dd 20       	and	r13, r13
    1db0:	09 f4       	brne	.+2      	; 0x1db4 <main+0xafa>
    1db2:	42 c0       	rjmp	.+132    	; 0x1e38 <main+0xb7e>
    1db4:	47 e0       	ldi	r20, 0x07	; 7
    1db6:	d4 16       	cp	r13, r20
    1db8:	09 f4       	brne	.+2      	; 0x1dbc <main+0xb02>
    1dba:	3e c0       	rjmp	.+124    	; 0x1e38 <main+0xb7e>
/Users/leyry/Documents/Electronique/Thermonuino/main/modules/console/console.ino:780
    return;
  }
  if (rawMode != lastRawMode) {
    1dbc:	20 91 2f 02 	lds	r18, 0x022F	; 0x80022f <lastRawMode>
    1dc0:	d2 16       	cp	r13, r18
    1dc2:	51 f0       	breq	.+20     	; 0x1dd8 <main+0xb1e>
/Users/leyry/Documents/Electronique/Thermonuino/main/modules/console/console.ino:781
    lastRawMode = rawMode;
    1dc4:	d0 92 2f 02 	sts	0x022F, r13	; 0x80022f <lastRawMode>
/Users/leyry/Documents/Electronique/Thermonuino/main/modules/console/console.ino:782
    modeChangedAt = now;
    1dc8:	60 93 2b 02 	sts	0x022B, r22	; 0x80022b <modeChangedAt>
    1dcc:	70 93 2c 02 	sts	0x022C, r23	; 0x80022c <modeChangedAt+0x1>
    1dd0:	80 93 2d 02 	sts	0x022D, r24	; 0x80022d <modeChangedAt+0x2>
    1dd4:	90 93 2e 02 	sts	0x022E, r25	; 0x80022e <modeChangedAt+0x3>
/Users/leyry/Documents/Electronique/Thermonuino/main/modules/console/console.ino:784
  }
  if ((uint32_t)(now - modeChangedAt) < MODE_DEBOUNCE_MS || rawMode == stableMode) {
    1dd8:	80 90 2b 02 	lds	r8, 0x022B	; 0x80022b <modeChangedAt>
    1ddc:	90 90 2c 02 	lds	r9, 0x022C	; 0x80022c <modeChangedAt+0x1>
    1de0:	a0 90 2d 02 	lds	r10, 0x022D	; 0x80022d <modeChangedAt+0x2>
    1de4:	b0 90 2e 02 	lds	r11, 0x022E	; 0x80022e <modeChangedAt+0x3>
    1de8:	68 19       	sub	r22, r8
    1dea:	79 09       	sbc	r23, r9
    1dec:	8a 09       	sbc	r24, r10
    1dee:	9b 09       	sbc	r25, r11
    1df0:	63 32       	cpi	r22, 0x23	; 35
    1df2:	71 05       	cpc	r23, r1
    1df4:	81 05       	cpc	r24, r1
    1df6:	91 05       	cpc	r25, r1
    1df8:	f8 f0       	brcs	.+62     	; 0x1e38 <main+0xb7e>
    1dfa:	80 91 81 02 	lds	r24, 0x0281	; 0x800281 <stableMode>
    1dfe:	8d 15       	cp	r24, r13
    1e00:	d9 f0       	breq	.+54     	; 0x1e38 <main+0xb7e>
applyModeSelection():
/Users/leyry/Documents/Electronique/Thermonuino/main/modules/console/console.ino:731
  Serial.println();
}

void applyModeSelection(ModeValue mode) {
  const ModeValue previousMode = stableMode;
  stableMode = mode;
    1e02:	d0 92 81 02 	sts	0x0281, r13	; 0x800281 <stableMode>
/Users/leyry/Documents/Electronique/Thermonuino/main/modules/console/console.ino:733

  if (mode == MODE_NORMAL) {
    1e06:	51 e0       	ldi	r21, 0x01	; 1
    1e08:	d5 12       	cpse	r13, r21
    1e0a:	27 c3       	rjmp	.+1614   	; 0x245a <main+0x11a0>
/Users/leyry/Documents/Electronique/Thermonuino/main/modules/console/console.ino:734
    lastModeBeforeNormal = previousMode;
    1e0c:	80 93 02 01 	sts	0x0102, r24	; 0x800102 <lastModeBeforeNormal>
/Users/leyry/Documents/Electronique/Thermonuino/main/modules/console/console.ino:735
    enteredNormalAt = millis();
    1e10:	0e 94 8e 03 	call	0x71c	; 0x71c <millis>
    1e14:	60 93 27 02 	sts	0x0227, r22	; 0x800227 <enteredNormalAt>
    1e18:	70 93 28 02 	sts	0x0228, r23	; 0x800228 <enteredNormalAt+0x1>
    1e1c:	80 93 29 02 	sts	0x0229, r24	; 0x800229 <enteredNormalAt+0x2>
    1e20:	90 93 2a 02 	sts	0x022A, r25	; 0x80022a <enteredNormalAt+0x3>
/Users/leyry/Documents/Electronique/Thermonuino/main/modules/console/console.ino:736
    plusMinusOffsetC = 0;
    1e24:	10 92 26 02 	sts	0x0226, r1	; 0x800226 <plusMinusOffsetC>
/Users/leyry/Documents/Electronique/Thermonuino/main/modules/console/console.ino:756

  if (mode == MODE_DOUCHE && previousMode != MODE_DOUCHE) {
    doucheUntil = millis() + DOUCHE_DURATION_MS;
  }

  recomputeZoneWorkloads();
    1e28:	0e 94 f2 05 	call	0xbe4	; 0xbe4 <recomputeZoneWorkloads()>
/Users/leyry/Documents/Electronique/Thermonuino/main/modules/console/console.ino:757
  doucheWasActive = doucheActive();
    1e2c:	0e 94 a6 05 	call	0xb4c	; 0xb4c <doucheActive()>
    1e30:	80 93 21 02 	sts	0x0221, r24	; 0x800221 <doucheWasActive>
/Users/leyry/Documents/Electronique/Thermonuino/main/modules/console/console.ino:758
  sendPiloteSet();
    1e34:	0e 94 3a 07 	call	0xe74	; 0xe74 <sendPiloteSet()>
main():
/Users/leyry/Documents/Electronique/Thermonuino/main/modules/console/console.ino:738
  if (mode == MODE_NORMAL) {
    lastModeBeforeNormal = previousMode;
    enteredNormalAt = millis();
    plusMinusOffsetC = 0;
  } else if (mode == MODE_PLUS || mode == MODE_MOINS) {
    const int8_t direction = mode == MODE_PLUS ? MODE_DELTA_STEP_C : -MODE_DELTA_STEP_C;
    1e38:	60 e3       	ldi	r22, 0x30	; 48
    1e3a:	c6 2e       	mov	r12, r22
    1e3c:	62 e0       	ldi	r22, 0x02	; 2
    1e3e:	d6 2e       	mov	r13, r22
    1e40:	b1 2c       	mov	r11, r1
colorForZoneState():
/Users/leyry/Documents/Electronique/Thermonuino/main/modules/console/console.ino:806
    zones[line[1] - '1'].powerVa = (uint16_t)atoi(line + 13);
  }
}

uint32_t colorForZoneState(uint8_t zoneIndex) {
  const uint32_t phaseMs = millis() % 7000UL;
    1e42:	0e 94 8e 03 	call	0x71c	; 0x71c <millis>
/Users/leyry/Documents/Electronique/Thermonuino/main/modules/console/console.ino:807
  if (zones[zoneIndex].sondeMissing) {
    1e46:	f6 01       	movw	r30, r12
    1e48:	26 85       	ldd	r18, Z+14	; 0x0e
    1e4a:	21 11       	cpse	r18, r1
    1e4c:	47 c3       	rjmp	.+1678   	; 0x24dc <main+0x1222>
/Users/leyry/Documents/Electronique/Thermonuino/main/modules/console/console.ino:810
    return rgb(255, 0, 0);
  }
  if (zones[zoneIndex].doorMissing) {
    1e4e:	27 85       	ldd	r18, Z+15	; 0x0f
    1e50:	21 11       	cpse	r18, r1
    1e52:	63 c3       	rjmp	.+1734   	; 0x251a <main+0x1260>
/Users/leyry/Documents/Electronique/Thermonuino/main/modules/console/console.ino:806
    zones[line[1] - '1'].powerVa = (uint16_t)atoi(line + 13);
  }
}

uint32_t colorForZoneState(uint8_t zoneIndex) {
  const uint32_t phaseMs = millis() % 7000UL;
    1e54:	28 e5       	ldi	r18, 0x58	; 88
    1e56:	3b e1       	ldi	r19, 0x1B	; 27
    1e58:	40 e0       	ldi	r20, 0x00	; 0
    1e5a:	50 e0       	ldi	r21, 0x00	; 0
    1e5c:	0e 94 0a 14 	call	0x2814	; 0x2814 <__udivmodsi4>
/Users/leyry/Documents/Electronique/Thermonuino/main/modules/console/console.ino:813
    return rgb(255, 0, 0);
  }
  if (zones[zoneIndex].doorMissing) {
    return rgb(140, 0, 255);
  }
  if (zones[zoneIndex].sondeLowBattery && phaseMs >= 6000UL) {
    1e60:	f6 01       	movw	r30, r12
    1e62:	24 85       	ldd	r18, Z+12	; 0x0c
    1e64:	22 23       	and	r18, r18
    1e66:	39 f0       	breq	.+14     	; 0x1e76 <main+0xbbc>
    1e68:	60 37       	cpi	r22, 0x70	; 112
    1e6a:	f7 e1       	ldi	r31, 0x17	; 23
    1e6c:	7f 07       	cpc	r23, r31
    1e6e:	81 05       	cpc	r24, r1
    1e70:	91 05       	cpc	r25, r1
    1e72:	08 f0       	brcs	.+2      	; 0x1e76 <main+0xbbc>
    1e74:	33 c3       	rjmp	.+1638   	; 0x24dc <main+0x1222>
/Users/leyry/Documents/Electronique/Thermonuino/main/modules/console/console.ino:816
    return rgb(255, 0, 0);
  }
  if (zones[zoneIndex].doorLowBattery && phaseMs >= 6000UL) {
    1e76:	f6 01       	movw	r30, r12
    1e78:	25 85       	ldd	r18, Z+13	; 0x0d
    1e7a:	22 23       	and	r18, r18
    1e7c:	31 f0       	breq	.+12     	; 0x1e8a <main+0xbd0>
    1e7e:	60 37       	cpi	r22, 0x70	; 112
    1e80:	77 41       	sbci	r23, 0x17	; 23
    1e82:	81 05       	cpc	r24, r1
    1e84:	91 05       	cpc	r25, r1
    1e86:	08 f0       	brcs	.+2      	; 0x1e8a <main+0xbd0>
    1e88:	48 c3       	rjmp	.+1680   	; 0x251a <main+0x1260>
/Users/leyry/Documents/Electronique/Thermonuino/main/modules/console/console.ino:819
    return rgb(140, 0, 255);
  }
  if (zones[zoneIndex].doorOpen) {
    1e8a:	f6 01       	movw	r30, r12
    1e8c:	83 85       	ldd	r24, Z+11	; 0x0b
main():
/Users/leyry/Documents/Electronique/Thermonuino/main/modules/console/console.ino:820
    return rgb(0, 80, 255);
    1e8e:	4f ef       	ldi	r20, 0xFF	; 255
    1e90:	50 e5       	ldi	r21, 0x50	; 80
    1e92:	60 e0       	ldi	r22, 0x00	; 0
    1e94:	70 e0       	ldi	r23, 0x00	; 0
colorForZoneState():
/Users/leyry/Documents/Electronique/Thermonuino/main/modules/console/console.ino:819
    return rgb(255, 0, 0);
  }
  if (zones[zoneIndex].doorLowBattery && phaseMs >= 6000UL) {
    return rgb(140, 0, 255);
  }
  if (zones[zoneIndex].doorOpen) {
    1e96:	81 11       	cpse	r24, r1
    1e98:	25 c3       	rjmp	.+1610   	; 0x24e4 <main+0x122a>
/Users/leyry/Documents/Electronique/Thermonuino/main/modules/console/console.ino:822
    return rgb(0, 80, 255);
  }
  if (zones[zoneIndex].workload > 0) {
    1e9a:	80 81       	ld	r24, Z
main():
/Users/leyry/Documents/Electronique/Thermonuino/main/modules/console/console.ino:823
    return rgb(255, 180, 0);
    1e9c:	40 e0       	ldi	r20, 0x00	; 0
    1e9e:	54 eb       	ldi	r21, 0xB4	; 180
    1ea0:	6f ef       	ldi	r22, 0xFF	; 255
    1ea2:	70 e0       	ldi	r23, 0x00	; 0
colorForZoneState():
/Users/leyry/Documents/Electronique/Thermonuino/main/modules/console/console.ino:822
    return rgb(140, 0, 255);
  }
  if (zones[zoneIndex].doorOpen) {
    return rgb(0, 80, 255);
  }
  if (zones[zoneIndex].workload > 0) {
    1ea4:	81 11       	cpse	r24, r1
    1ea6:	1e c3       	rjmp	.+1596   	; 0x24e4 <main+0x122a>
main():
/Users/leyry/Documents/Electronique/Thermonuino/main/modules/console/console.ino:825
    return rgb(255, 180, 0);
  }
  return rgb(0, 0, 0);
    1ea8:	40 e0       	ldi	r20, 0x00	; 0
    1eaa:	50 e0       	ldi	r21, 0x00	; 0
    1eac:	ba 01       	movw	r22, r20
    1eae:	1a c3       	rjmp	.+1588   	; 0x24e4 <main+0x122a>
targetAccepted():
/Users/leyry/Documents/Electronique/Thermonuino/main/modules/console/console.ino:533
  return sourceId != consoleId &&
      (sourceKnown || (targetId == ThermioRfFrame::BroadcastId && associationWindowOpen));
}

bool targetAccepted(uint16_t targetId) {
  return targetId == consoleId ||
    1eb0:	89 2b       	or	r24, r25
    1eb2:	09 f0       	breq	.+2      	; 0x1eb6 <main+0xbfc>
    1eb4:	e2 ce       	rjmp	.-572    	; 0x1c7a <main+0x9c0>
/Users/leyry/Documents/Electronique/Thermonuino/main/modules/console/console.ino:534
      (targetId == ThermioRfFrame::BroadcastId && (uint32_t)millis() < RF_ASSOCIATION_WINDOW_MS);
    1eb6:	0e 94 8e 03 	call	0x71c	; 0x71c <millis>
    1eba:	60 32       	cpi	r22, 0x20	; 32
    1ebc:	7f 4b       	sbci	r23, 0xBF	; 191
    1ebe:	82 40       	sbci	r24, 0x02	; 2
    1ec0:	91 05       	cpc	r25, r1
    1ec2:	08 f4       	brcc	.+2      	; 0x1ec6 <main+0xc0c>
    1ec4:	b7 ce       	rjmp	.-658    	; 0x1c34 <main+0x97a>
    1ec6:	d9 ce       	rjmp	.-590    	; 0x1c7a <main+0x9c0>
decodeReport():
/Users/leyry/Documents/Electronique/Thermonuino/main/lib/Thermonuino-commons/src/ThermioRfFrame.cpp:53
    1ec8:	a4 96       	adiw	r28, 0x24	; 36
    1eca:	8f ad       	ldd	r24, Y+63	; 0x3f
    1ecc:	a4 97       	sbiw	r28, 0x24	; 36
    1ece:	81 30       	cpi	r24, 0x01	; 1
    1ed0:	09 f0       	breq	.+2      	; 0x1ed4 <main+0xc1a>
    1ed2:	d3 ce       	rjmp	.-602    	; 0x1c7a <main+0x9c0>
/Users/leyry/Documents/Electronique/Thermonuino/main/lib/Thermonuino-commons/src/ThermioRfFrame.cpp:60
  }

  const uint8_t *payload = packet + HeaderLen;
  const int8_t userDeltaSteps = (int8_t)payload[ReportUserDeltaSteps];
  const uint8_t tempCount = payload[ReportTempCount];
  const uint8_t pairZoneRequest = payload[ReportPairZoneRequest];
    1ed4:	d8 88       	ldd	r13, Y+16	; 0x10
/Users/leyry/Documents/Electronique/Thermonuino/main/lib/Thermonuino-commons/src/ThermioRfFrame.cpp:61
  if (pairZoneRequest > maxZone ||
    1ed6:	35 e0       	ldi	r19, 0x05	; 5
    1ed8:	83 2e       	mov	r8, r19
    1eda:	8d 14       	cp	r8, r13
    1edc:	08 f4       	brcc	.+2      	; 0x1ee0 <main+0xc26>
    1ede:	cd ce       	rjmp	.-614    	; 0x1c7a <main+0x9c0>
/Users/leyry/Documents/Electronique/Thermonuino/main/lib/Thermonuino-commons/src/ThermioRfFrame.cpp:59
    return false;
  }

  const uint8_t *payload = packet + HeaderLen;
  const int8_t userDeltaSteps = (int8_t)payload[ReportUserDeltaSteps];
  const uint8_t tempCount = payload[ReportTempCount];
    1ee0:	5b 89       	ldd	r21, Y+19	; 0x13
/Users/leyry/Documents/Electronique/Thermonuino/main/lib/Thermonuino-commons/src/ThermioRfFrame.cpp:61
  const uint8_t pairZoneRequest = payload[ReportPairZoneRequest];
  if (pairZoneRequest > maxZone ||
    1ee2:	5d 30       	cpi	r21, 0x0D	; 13
    1ee4:	08 f0       	brcs	.+2      	; 0x1ee8 <main+0xc2e>
    1ee6:	c9 ce       	rjmp	.-622    	; 0x1c7a <main+0x9c0>
/Users/leyry/Documents/Electronique/Thermonuino/main/lib/Thermonuino-commons/src/ThermioRfFrame.cpp:63
      tempCount > 12 ||
      payload[ReportDoorOpen] > 1 ||
    1ee8:	4e a5       	ldd	r20, Y+46	; 0x2e
/Users/leyry/Documents/Electronique/Thermonuino/main/lib/Thermonuino-commons/src/ThermioRfFrame.cpp:62
  const uint8_t *payload = packet + HeaderLen;
  const int8_t userDeltaSteps = (int8_t)payload[ReportUserDeltaSteps];
  const uint8_t tempCount = payload[ReportTempCount];
  const uint8_t pairZoneRequest = payload[ReportPairZoneRequest];
  if (pairZoneRequest > maxZone ||
      tempCount > 12 ||
    1eea:	42 30       	cpi	r20, 0x02	; 2
    1eec:	08 f0       	brcs	.+2      	; 0x1ef0 <main+0xc36>
    1eee:	c5 ce       	rjmp	.-630    	; 0x1c7a <main+0x9c0>
/Users/leyry/Documents/Electronique/Thermonuino/main/lib/Thermonuino-commons/src/ThermioRfFrame.cpp:58
  if (!readHeader(packet, length, header) || header.frameType != FrameReport) {
    return false;
  }

  const uint8_t *payload = packet + HeaderLen;
  const int8_t userDeltaSteps = (int8_t)payload[ReportUserDeltaSteps];
    1ef0:	6a 89       	ldd	r22, Y+18	; 0x12
/Users/leyry/Documents/Electronique/Thermonuino/main/lib/Thermonuino-commons/src/ThermioRfFrame.cpp:63
  const uint8_t tempCount = payload[ReportTempCount];
  const uint8_t pairZoneRequest = payload[ReportPairZoneRequest];
  if (pairZoneRequest > maxZone ||
      tempCount > 12 ||
      payload[ReportDoorOpen] > 1 ||
    1ef2:	68 3f       	cpi	r22, 0xF8	; 248
    1ef4:	0c f4       	brge	.+2      	; 0x1ef8 <main+0xc3e>
    1ef6:	c1 ce       	rjmp	.-638    	; 0x1c7a <main+0x9c0>
/Users/leyry/Documents/Electronique/Thermonuino/main/lib/Thermonuino-commons/src/ThermioRfFrame.cpp:64
      userDeltaSteps < -8 ||
    1ef8:	69 30       	cpi	r22, 0x09	; 9
    1efa:	0c f0       	brlt	.+2      	; 0x1efe <main+0xc44>
    1efc:	be ce       	rjmp	.-644    	; 0x1c7a <main+0x9c0>
/Users/leyry/Documents/Electronique/Thermonuino/main/lib/Thermonuino-commons/src/ThermioRfFrame.cpp:69
      userDeltaSteps > 8) {
    return false;
  }

  report.deviceType = payload[ReportDeviceType];
    1efe:	9d 84       	ldd	r9, Y+13	; 0x0d
readU16():
/Users/leyry/Documents/Electronique/Thermonuino/main/lib/Thermonuino-commons/src/ThermioRfFrame.cpp:6
#include "ThermioRfFrame.h"

namespace ThermioRfFrame {

uint16_t readU16(const uint8_t *buffer, uint8_t offset) {
  return (uint16_t)buffer[offset] | ((uint16_t)buffer[offset + 1] << 8);
    1f00:	2e 85       	ldd	r18, Y+14	; 0x0e
    1f02:	3f 85       	ldd	r19, Y+15	; 0x0f
decodeReport():
/Users/leyry/Documents/Electronique/Thermonuino/main/lib/Thermonuino-commons/src/ThermioRfFrame.cpp:72
  }

  report.deviceType = payload[ReportDeviceType];
  report.batteryMv = readU16(payload, ReportBatteryMv);
  report.pairZoneRequest = pairZoneRequest;
  report.adminRequest = payload[ReportAdminRequest];
    1f04:	c9 88       	ldd	r12, Y+17	; 0x11
    1f06:	f1 01       	movw	r30, r2
    1f08:	d8 01       	movw	r26, r16
    1f0a:	17 96       	adiw	r26, 0x07	; 7
main():
/Users/leyry/Documents/Electronique/Thermonuino/main/lib/Thermonuino-commons/src/ThermioRfFrame.cpp:75
  report.userDeltaSteps = userDeltaSteps;
  report.tempCount = tempCount;
  for (uint8_t i = 0; i < tempCount; i++) {
    1f0c:	70 e0       	ldi	r23, 0x00	; 0
    1f0e:	32 96       	adiw	r30, 0x02	; 2
decodeReport():
    1f10:	57 17       	cp	r21, r23
    1f12:	31 f0       	breq	.+12     	; 0x1f20 <main+0xc66>
readU16():
/Users/leyry/Documents/Electronique/Thermonuino/main/lib/Thermonuino-commons/src/ThermioRfFrame.cpp:6
#include "ThermioRfFrame.h"

namespace ThermioRfFrame {

uint16_t readU16(const uint8_t *buffer, uint8_t offset) {
  return (uint16_t)buffer[offset] | ((uint16_t)buffer[offset + 1] << 8);
    1f14:	92 89       	ldd	r25, Z+18	; 0x12
    1f16:	81 89       	ldd	r24, Z+17	; 0x11
decodeReport():
/Users/leyry/Documents/Electronique/Thermonuino/main/lib/Thermonuino-commons/src/ThermioRfFrame.cpp:76
  report.pairZoneRequest = pairZoneRequest;
  report.adminRequest = payload[ReportAdminRequest];
  report.userDeltaSteps = userDeltaSteps;
  report.tempCount = tempCount;
  for (uint8_t i = 0; i < tempCount; i++) {
    report.temperaturesDeciC[i] = (int16_t)readU16(payload, ReportTemperatures + i * 2);
    1f18:	8d 93       	st	X+, r24
    1f1a:	9d 93       	st	X+, r25
/Users/leyry/Documents/Electronique/Thermonuino/main/lib/Thermonuino-commons/src/ThermioRfFrame.cpp:75
  report.batteryMv = readU16(payload, ReportBatteryMv);
  report.pairZoneRequest = pairZoneRequest;
  report.adminRequest = payload[ReportAdminRequest];
  report.userDeltaSteps = userDeltaSteps;
  report.tempCount = tempCount;
  for (uint8_t i = 0; i < tempCount; i++) {
    1f1c:	7f 5f       	subi	r23, 0xFF	; 255
    1f1e:	f7 cf       	rjmp	.-18     	; 0x1f0e <main+0xc54>
/Users/leyry/Documents/Electronique/Thermonuino/main/lib/Thermonuino-commons/src/ThermioRfFrame.cpp:78
    report.temperaturesDeciC[i] = (int16_t)readU16(payload, ReportTemperatures + i * 2);
  }
  report.presenceCount = payload[ReportPresenceCount];
    1f20:	9c a5       	ldd	r25, Y+44	; 0x2c
/Users/leyry/Documents/Electronique/Thermonuino/main/lib/Thermonuino-commons/src/ThermioRfFrame.cpp:79
  report.doorToggleCount = payload[ReportDoorToggleCount];
    1f22:	8d a5       	ldd	r24, Y+45	; 0x2d
readReport():
/Users/leyry/Documents/Electronique/Thermonuino/main/modules/console/console.ino:564
  ThermioRfFrame::Report report;
  if (!ThermioRfFrame::decodeReport(packet, length, report, RF_ASSOC_ZONE_COUNT)) {
    return false;
  }

  lastPacketSourceId = header.sourceId;
    1f24:	ae 96       	adiw	r28, 0x2e	; 46
    1f26:	ae ac       	ldd	r10, Y+62	; 0x3e
    1f28:	bf ac       	ldd	r11, Y+63	; 0x3f
    1f2a:	ae 97       	sbiw	r28, 0x2e	; 46
    1f2c:	b0 92 eb 01 	sts	0x01EB, r11	; 0x8001eb <lastPacketSourceId+0x1>
    1f30:	a0 92 ea 01 	sts	0x01EA, r10	; 0x8001ea <lastPacketSourceId>
/Users/leyry/Documents/Electronique/Thermonuino/main/modules/console/console.ino:565
  lastReport = report;
    1f34:	f8 01       	movw	r30, r16
    1f36:	90 82       	st	Z, r9
    1f38:	32 83       	std	Z+2, r19	; 0x02
    1f3a:	21 83       	std	Z+1, r18	; 0x01
    1f3c:	d3 82       	std	Z+3, r13	; 0x03
    1f3e:	c4 82       	std	Z+4, r12	; 0x04
    1f40:	65 83       	std	Z+5, r22	; 0x05
    1f42:	56 83       	std	Z+6, r21	; 0x06
    1f44:	97 8f       	std	Z+31, r25	; 0x1f
    1f46:	80 a3       	std	Z+32, r24	; 0x20
decodeReport():
/Users/leyry/Documents/Electronique/Thermonuino/main/lib/Thermonuino-commons/src/ThermioRfFrame.cpp:80
  report.doorOpen = payload[ReportDoorOpen] != 0;
    1f48:	41 70       	andi	r20, 0x01	; 1
readReport():
/Users/leyry/Documents/Electronique/Thermonuino/main/modules/console/console.ino:565
    1f4a:	41 a3       	std	Z+33, r20	; 0x21
    1f4c:	82 e2       	ldi	r24, 0x22	; 34
    1f4e:	a6 ec       	ldi	r26, 0xC6	; 198
    1f50:	b1 e0       	ldi	r27, 0x01	; 1
    1f52:	01 90       	ld	r0, Z+
    1f54:	0d 92       	st	X+, r0
    1f56:	8a 95       	dec	r24
    1f58:	e1 f7       	brne	.-8      	; 0x1f52 <main+0xc98>
/Users/leyry/Documents/Electronique/Thermonuino/main/modules/console/console.ino:566
  sequence = header.sequence;
    1f5a:	e1 96       	adiw	r28, 0x31	; 49
    1f5c:	8f ac       	ldd	r8, Y+63	; 0x3f
    1f5e:	e1 97       	sbiw	r28, 0x31	; 49
    1f60:	e8 96       	adiw	r28, 0x38	; 56
    1f62:	8f ae       	std	Y+63, r8	; 0x3f
    1f64:	e8 97       	sbiw	r28, 0x38	; 56
updateRf():
/Users/leyry/Documents/Electronique/Thermonuino/main/modules/console/console.ino:882
    return;
  }

  const bool duplicate =
      hasLastReportSequence &&
      reportSequence == lastReportSequence &&
    1f66:	d0 90 ed 01 	lds	r13, 0x01ED	; 0x8001ed <hasLastReportSequence>
    1f6a:	dd 20       	and	r13, r13
    1f6c:	61 f0       	breq	.+24     	; 0x1f86 <main+0xccc>
/Users/leyry/Documents/Electronique/Thermonuino/main/modules/console/console.ino:881
  if (!readReport(reportSequence)) {
    return;
  }

  const bool duplicate =
      hasLastReportSequence &&
    1f6e:	80 91 ec 01 	lds	r24, 0x01EC	; 0x8001ec <lastReportSequence>
    1f72:	88 11       	cpse	r24, r8
    1f74:	08 c0       	rjmp	.+16     	; 0x1f86 <main+0xccc>
/Users/leyry/Documents/Electronique/Thermonuino/main/modules/console/console.ino:882
      reportSequence == lastReportSequence &&
    1f76:	80 91 e8 01 	lds	r24, 0x01E8	; 0x8001e8 <lastReportSourceId>
    1f7a:	90 91 e9 01 	lds	r25, 0x01E9	; 0x8001e9 <lastReportSourceId+0x1>
    1f7e:	8a 15       	cp	r24, r10
    1f80:	9b 05       	cpc	r25, r11
    1f82:	09 f4       	brne	.+2      	; 0x1f86 <main+0xccc>
    1f84:	88 c0       	rjmp	.+272    	; 0x2096 <main+0xddc>
/Users/leyry/Documents/Electronique/Thermonuino/main/modules/console/console.ino:886
      lastPacketSourceId == lastReportSourceId;

  if (!duplicate) {
    hasLastReportSequence = true;
    1f86:	81 e0       	ldi	r24, 0x01	; 1
    1f88:	80 93 ed 01 	sts	0x01ED, r24	; 0x8001ed <hasLastReportSequence>
/Users/leyry/Documents/Electronique/Thermonuino/main/modules/console/console.ino:887
    lastReportSequence = reportSequence;
    1f8c:	e8 96       	adiw	r28, 0x38	; 56
    1f8e:	9f ac       	ldd	r9, Y+63	; 0x3f
    1f90:	e8 97       	sbiw	r28, 0x38	; 56
    1f92:	90 92 ec 01 	sts	0x01EC, r9	; 0x8001ec <lastReportSequence>
/Users/leyry/Documents/Electronique/Thermonuino/main/modules/console/console.ino:888
    lastReportSourceId = lastPacketSourceId;
    1f96:	b0 92 e9 01 	sts	0x01E9, r11	; 0x8001e9 <lastReportSourceId+0x1>
    1f9a:	a0 92 e8 01 	sts	0x01E8, r10	; 0x8001e8 <lastReportSourceId>
/Users/leyry/Documents/Electronique/Thermonuino/main/modules/console/console.ino:890

    if (findAssociatedSlave(lastPacketSourceId) < 0 &&
    1f9e:	c5 01       	movw	r24, r10
    1fa0:	0e 94 77 05 	call	0xaee	; 0xaee <findAssociatedSlave(unsigned int)>
    1fa4:	97 ff       	sbrs	r25, 7
    1fa6:	16 c0       	rjmp	.+44     	; 0x1fd4 <main+0xd1a>
/Users/leyry/Documents/Electronique/Thermonuino/main/modules/console/console.ino:891
        (uint32_t)millis() < RF_ASSOCIATION_WINDOW_MS) {
    1fa8:	0e 94 8e 03 	call	0x71c	; 0x71c <millis>
/Users/leyry/Documents/Electronique/Thermonuino/main/modules/console/console.ino:890
  if (!duplicate) {
    hasLastReportSequence = true;
    lastReportSequence = reportSequence;
    lastReportSourceId = lastPacketSourceId;

    if (findAssociatedSlave(lastPacketSourceId) < 0 &&
    1fac:	60 32       	cpi	r22, 0x20	; 32
    1fae:	7f 4b       	sbci	r23, 0xBF	; 191
    1fb0:	82 40       	sbci	r24, 0x02	; 2
    1fb2:	91 05       	cpc	r25, r1
    1fb4:	78 f4       	brcc	.+30     	; 0x1fd4 <main+0xd1a>
beginOrRefreshAssociation():
/Users/leyry/Documents/Electronique/Thermonuino/main/modules/console/console.ino:486
  const int index = findAssociatedSlave(nodeId);
  return index >= 0 ? associatedSlaves[index].zone : 1;
}

void beginOrRefreshAssociation(uint16_t nodeId, uint8_t deviceType) {
  if (nodeId == ThermioRfFrame::BroadcastId || nodeId == consoleId) {
    1fb6:	a1 14       	cp	r10, r1
    1fb8:	b1 04       	cpc	r11, r1
    1fba:	61 f0       	breq	.+24     	; 0x1fd4 <main+0xd1a>
    1fbc:	80 91 00 01 	lds	r24, 0x0100	; 0x800100 <__data_start>
    1fc0:	90 91 01 01 	lds	r25, 0x0101	; 0x800101 <__data_start+0x1>
    1fc4:	a8 16       	cp	r10, r24
    1fc6:	b9 06       	cpc	r11, r25
    1fc8:	29 f0       	breq	.+10     	; 0x1fd4 <main+0xd1a>
    1fca:	60 91 c6 01 	lds	r22, 0x01C6	; 0x8001c6 <lastReport>
    1fce:	c5 01       	movw	r24, r10
    1fd0:	0e 94 29 05 	call	0xa52	; 0xa52 <beginOrRefreshAssociation(unsigned int, unsigned char) [clone .part.12]>
updateRf():
/Users/leyry/Documents/Electronique/Thermonuino/main/modules/console/console.ino:895
    if (findAssociatedSlave(lastPacketSourceId) < 0 &&
        (uint32_t)millis() < RF_ASSOCIATION_WINDOW_MS) {
      beginOrRefreshAssociation(lastPacketSourceId, lastReport.deviceType);
    }
    if (!associationActive &&
        lastReport.adminRequest == ThermioRfFrame::AdminPair &&
    1fd4:	80 91 7b 02 	lds	r24, 0x027B	; 0x80027b <associationActive>
    1fd8:	81 11       	cpse	r24, r1
    1fda:	1e c0       	rjmp	.+60     	; 0x2018 <main+0xd5e>
/Users/leyry/Documents/Electronique/Thermonuino/main/modules/console/console.ino:894

    if (findAssociatedSlave(lastPacketSourceId) < 0 &&
        (uint32_t)millis() < RF_ASSOCIATION_WINDOW_MS) {
      beginOrRefreshAssociation(lastPacketSourceId, lastReport.deviceType);
    }
    if (!associationActive &&
    1fdc:	80 91 ca 01 	lds	r24, 0x01CA	; 0x8001ca <lastReport+0x4>
    1fe0:	81 30       	cpi	r24, 0x01	; 1
    1fe2:	d9 f5       	brne	.+118    	; 0x205a <main+0xda0>
/Users/leyry/Documents/Electronique/Thermonuino/main/modules/console/console.ino:896
        lastReport.adminRequest == ThermioRfFrame::AdminPair &&
        (uint32_t)millis() < RF_ASSOCIATION_WINDOW_MS) {
    1fe4:	0e 94 8e 03 	call	0x71c	; 0x71c <millis>
/Users/leyry/Documents/Electronique/Thermonuino/main/modules/console/console.ino:895
    if (findAssociatedSlave(lastPacketSourceId) < 0 &&
        (uint32_t)millis() < RF_ASSOCIATION_WINDOW_MS) {
      beginOrRefreshAssociation(lastPacketSourceId, lastReport.deviceType);
    }
    if (!associationActive &&
        lastReport.adminRequest == ThermioRfFrame::AdminPair &&
    1fe8:	60 32       	cpi	r22, 0x20	; 32
    1fea:	7f 4b       	sbci	r23, 0xBF	; 191
    1fec:	82 40       	sbci	r24, 0x02	; 2
    1fee:	91 05       	cpc	r25, r1
    1ff0:	a0 f5       	brcc	.+104    	; 0x205a <main+0xda0>
beginOrRefreshAssociation():
/Users/leyry/Documents/Electronique/Thermonuino/main/modules/console/console.ino:486
  const int index = findAssociatedSlave(nodeId);
  return index >= 0 ? associatedSlaves[index].zone : 1;
}

void beginOrRefreshAssociation(uint16_t nodeId, uint8_t deviceType) {
  if (nodeId == ThermioRfFrame::BroadcastId || nodeId == consoleId) {
    1ff2:	a1 14       	cp	r10, r1
    1ff4:	b1 04       	cpc	r11, r1
    1ff6:	89 f1       	breq	.+98     	; 0x205a <main+0xda0>
    1ff8:	80 91 00 01 	lds	r24, 0x0100	; 0x800100 <__data_start>
    1ffc:	90 91 01 01 	lds	r25, 0x0101	; 0x800101 <__data_start+0x1>
    2000:	a8 16       	cp	r10, r24
    2002:	b9 06       	cpc	r11, r25
    2004:	51 f1       	breq	.+84     	; 0x205a <main+0xda0>
    2006:	60 91 c6 01 	lds	r22, 0x01C6	; 0x8001c6 <lastReport>
    200a:	c5 01       	movw	r24, r10
    200c:	0e 94 29 05 	call	0xa52	; 0xa52 <beginOrRefreshAssociation(unsigned int, unsigned char) [clone .part.12]>
updateRf():
/Users/leyry/Documents/Electronique/Thermonuino/main/modules/console/console.ino:899
    if (!associationActive &&
        lastReport.adminRequest == ThermioRfFrame::AdminPair &&
        (uint32_t)millis() < RF_ASSOCIATION_WINDOW_MS) {
      beginOrRefreshAssociation(lastPacketSourceId, lastReport.deviceType);
    }
    if (associationActive &&
    2010:	80 91 7b 02 	lds	r24, 0x027B	; 0x80027b <associationActive>
    2014:	88 23       	and	r24, r24
    2016:	09 f1       	breq	.+66     	; 0x205a <main+0xda0>
    2018:	80 91 1b 02 	lds	r24, 0x021B	; 0x80021b <associationNodeId>
    201c:	90 91 1c 02 	lds	r25, 0x021C	; 0x80021c <associationNodeId+0x1>
    2020:	8a 15       	cp	r24, r10
    2022:	9b 05       	cpc	r25, r11
    2024:	d1 f4       	brne	.+52     	; 0x205a <main+0xda0>
/Users/leyry/Documents/Electronique/Thermonuino/main/modules/console/console.ino:900
        associationNodeId == lastPacketSourceId &&
    2026:	80 91 ca 01 	lds	r24, 0x01CA	; 0x8001ca <lastReport+0x4>
    202a:	81 30       	cpi	r24, 0x01	; 1
    202c:	b1 f4       	brne	.+44     	; 0x205a <main+0xda0>
/Users/leyry/Documents/Electronique/Thermonuino/main/modules/console/console.ino:902
        lastReport.adminRequest == ThermioRfFrame::AdminPair) {
      if (lastReport.pairZoneRequest >= 1 && lastReport.pairZoneRequest <= RF_ASSOC_ZONE_COUNT) {
    202e:	80 91 c9 01 	lds	r24, 0x01C9	; 0x8001c9 <lastReport+0x3>
    2032:	9f ef       	ldi	r25, 0xFF	; 255
    2034:	98 0f       	add	r25, r24
    2036:	95 30       	cpi	r25, 0x05	; 5
    2038:	80 f4       	brcc	.+32     	; 0x205a <main+0xda0>
/Users/leyry/Documents/Electronique/Thermonuino/main/modules/console/console.ino:903
        associationZone = lastReport.pairZoneRequest;
    203a:	80 93 05 01 	sts	0x0105, r24	; 0x800105 <associationZone>
/Users/leyry/Documents/Electronique/Thermonuino/main/modules/console/console.ino:904
        associationSaveAt = millis() + RF_ASSOCIATION_SAVE_DELAY_MS;
    203e:	0e 94 8e 03 	call	0x71c	; 0x71c <millis>
    2042:	60 5f       	subi	r22, 0xF0	; 240
    2044:	78 4d       	sbci	r23, 0xD8	; 216
    2046:	8f 4f       	sbci	r24, 0xFF	; 255
    2048:	9f 4f       	sbci	r25, 0xFF	; 255
    204a:	60 93 1d 02 	sts	0x021D, r22	; 0x80021d <associationSaveAt>
    204e:	70 93 1e 02 	sts	0x021E, r23	; 0x80021e <associationSaveAt+0x1>
    2052:	80 93 1f 02 	sts	0x021F, r24	; 0x80021f <associationSaveAt+0x2>
    2056:	90 93 20 02 	sts	0x0220, r25	; 0x800220 <associationSaveAt+0x3>
updateZoneStateFromReport():
/Users/leyry/Documents/Electronique/Thermonuino/main/modules/console/console.ino:853
    }
  }
}

void updateZoneStateFromReport(uint16_t sourceId, const ThermioRfFrame::Report &report) {
  const uint8_t zone = zoneForSlave(sourceId);
    205a:	c5 01       	movw	r24, r10
    205c:	0e 94 89 05 	call	0xb12	; 0xb12 <zoneForSlave(unsigned int)>
    2060:	e8 2f       	mov	r30, r24
/Users/leyry/Documents/Electronique/Thermonuino/main/modules/console/console.ino:854
  if (zone < 1 || zone > PILOTE_ZONE_COUNT) {
    2062:	8f ef       	ldi	r24, 0xFF	; 255
    2064:	8e 0f       	add	r24, r30
    2066:	84 30       	cpi	r24, 0x04	; 4
    2068:	a8 f4       	brcc	.+42     	; 0x2094 <main+0xdda>
/Users/leyry/Documents/Electronique/Thermonuino/main/modules/console/console.ino:857
    return;
  }
  if (report.deviceType == ThermioRfFrame::DeviceDoor) {
    206a:	80 91 c6 01 	lds	r24, 0x01C6	; 0x8001c6 <lastReport>
    206e:	82 30       	cpi	r24, 0x02	; 2
    2070:	09 f0       	breq	.+2      	; 0x2074 <main+0xdba>
    2072:	7a c1       	rjmp	.+756    	; 0x2368 <main+0x10ae>
/Users/leyry/Documents/Electronique/Thermonuino/main/modules/console/console.ino:858
    zones[zone - 1].doorOpen = report.doorOpen;
    2074:	e1 50       	subi	r30, 0x01	; 1
    2076:	ff 0b       	sbc	r31, r31
    2078:	24 e0       	ldi	r18, 0x04	; 4
    207a:	ee 0f       	add	r30, r30
    207c:	ff 1f       	adc	r31, r31
    207e:	2a 95       	dec	r18
    2080:	e1 f7       	brne	.-8      	; 0x207a <main+0xdc0>
    2082:	e0 5d       	subi	r30, 0xD0	; 208
    2084:	fd 4f       	sbci	r31, 0xFD	; 253
    2086:	80 91 e7 01 	lds	r24, 0x01E7	; 0x8001e7 <lastReport+0x21>
    208a:	83 87       	std	Z+11, r24	; 0x0b
/Users/leyry/Documents/Electronique/Thermonuino/main/modules/console/console.ino:864
    recomputeZoneWorkloads();
    sendPiloteSet();
  } else if (report.deviceType == ThermioRfFrame::DeviceSonde && report.tempCount > 0) {
    zones[zone - 1].measuredTempDeciC = report.temperaturesDeciC[report.tempCount - 1];
    zones[zone - 1].hasTemperature = true;
    recomputeZoneWorkloads();
    208c:	0e 94 f2 05 	call	0xbe4	; 0xbe4 <recomputeZoneWorkloads()>
/Users/leyry/Documents/Electronique/Thermonuino/main/modules/console/console.ino:865
    sendPiloteSet();
    2090:	0e 94 3a 07 	call	0xe74	; 0xe74 <sendPiloteSet()>
/Users/leyry/Documents/Electronique/Thermonuino/main/modules/console/console.ino:861
  }
  if (report.deviceType == ThermioRfFrame::DeviceDoor) {
    zones[zone - 1].doorOpen = report.doorOpen;
    recomputeZoneWorkloads();
    sendPiloteSet();
  } else if (report.deviceType == ThermioRfFrame::DeviceSonde && report.tempCount > 0) {
    2094:	d1 2c       	mov	r13, r1
updateRf():
/Users/leyry/Documents/Electronique/Thermonuino/main/modules/console/console.ino:910
      }
    }
    updateZoneStateFromReport(lastPacketSourceId, lastReport);
  }

  sendAckBurst(lastPacketSourceId, reportSequence);
    2096:	80 90 ea 01 	lds	r8, 0x01EA	; 0x8001ea <lastPacketSourceId>
    209a:	eb 96       	adiw	r28, 0x3b	; 59
    209c:	8f ae       	std	Y+63, r8	; 0x3f
    209e:	eb 97       	sbiw	r28, 0x3b	; 59
    20a0:	90 90 eb 01 	lds	r9, 0x01EB	; 0x8001eb <lastPacketSourceId+0x1>
    20a4:	ec 96       	adiw	r28, 0x3c	; 60
    20a6:	9f ae       	std	Y+63, r9	; 0x3f
    20a8:	ec 97       	sbiw	r28, 0x3c	; 60
sendAckBurst():
/Users/leyry/Documents/Electronique/Thermonuino/main/modules/console/console.ino:603
  ThermioRfFrame::encodeResponsePayload(packet + ThermioRfFrame::HeaderLen, response);
  return ThermioRfFrame::HeaderLen + ThermioRfFrame::ResponsePayloadLen;
}

void sendAckBurst(uint16_t targetId, uint8_t ackSequence) {
  delay(RF_ACK_REPLY_DELAY_MS);
    20aa:	6c e2       	ldi	r22, 0x2C	; 44
    20ac:	71 e0       	ldi	r23, 0x01	; 1
    20ae:	80 e0       	ldi	r24, 0x00	; 0
    20b0:	90 e0       	ldi	r25, 0x00	; 0
    20b2:	0e 94 5c 03 	call	0x6b8	; 0x6b8 <delay>
main():
/Users/leyry/Documents/Electronique/Thermonuino/main/modules/console/console.ino:604
  for (uint8_t ack = 0; ack < RF_ACK_TX_COUNT; ack++) {
    20b6:	c0 58       	subi	r28, 0x80	; 128
    20b8:	df 4f       	sbci	r29, 0xFF	; 255
    20ba:	18 82       	st	Y, r1
    20bc:	c0 58       	subi	r28, 0x80	; 128
    20be:	d0 40       	sbci	r29, 0x00	; 0
sendAckBurst():
/Users/leyry/Documents/Electronique/Thermonuino/main/modules/console/console.ino:607
    setPixel(LED_SDB, rgb(255, 110, 0));
    leds.show();
    uint8_t packet[ThermioRfFrame::MaxPacketLen] = {0};
    20c0:	9e 01       	movw	r18, r28
    20c2:	23 5f       	subi	r18, 0xF3	; 243
    20c4:	3f 4f       	sbci	r19, 0xFF	; 255
    20c6:	e5 96       	adiw	r28, 0x35	; 53
    20c8:	3f af       	std	Y+63, r19	; 0x3f
    20ca:	2e af       	std	Y+62, r18	; 0x3e
    20cc:	e5 97       	sbiw	r28, 0x35	; 53
    20ce:	ae 01       	movw	r20, r28
    20d0:	40 5e       	subi	r20, 0xE0	; 224
    20d2:	5f 4f       	sbci	r21, 0xFF	; 255
    20d4:	e7 96       	adiw	r28, 0x37	; 55
    20d6:	5f af       	std	Y+63, r21	; 0x3f
    20d8:	4e af       	std	Y+62, r20	; 0x3e
    20da:	e7 97       	sbiw	r28, 0x37	; 55
/Users/leyry/Documents/Electronique/Thermonuino/main/modules/console/console.ino:605
}

void sendAckBurst(uint16_t targetId, uint8_t ackSequence) {
  delay(RF_ACK_REPLY_DELAY_MS);
  for (uint8_t ack = 0; ack < RF_ACK_TX_COUNT; ack++) {
    setPixel(LED_SDB, rgb(255, 110, 0));
    20dc:	40 e0       	ldi	r20, 0x00	; 0
    20de:	5e e6       	ldi	r21, 0x6E	; 110
    20e0:	6f ef       	ldi	r22, 0xFF	; 255
    20e2:	70 e0       	ldi	r23, 0x00	; 0
    20e4:	83 e0       	ldi	r24, 0x03	; 3
    20e6:	0e 94 66 06 	call	0xccc	; 0xccc <setPixel(unsigned char, unsigned long)>
/Users/leyry/Documents/Electronique/Thermonuino/main/modules/console/console.ino:606
    leds.show();
    20ea:	0e 94 ac 01 	call	0x358	; 0x358 <Adafruit_NeoPixel::show() [clone .constprop.26]>
/Users/leyry/Documents/Electronique/Thermonuino/main/modules/console/console.ino:607
    uint8_t packet[ThermioRfFrame::MaxPacketLen] = {0};
    20ee:	e5 96       	adiw	r28, 0x35	; 53
    20f0:	ee ad       	ldd	r30, Y+62	; 0x3e
    20f2:	ff ad       	ldd	r31, Y+63	; 0x3f
    20f4:	e5 97       	sbiw	r28, 0x35	; 53
    20f6:	34 e3       	ldi	r19, 0x34	; 52
    20f8:	83 2e       	mov	r8, r19
    20fa:	11 92       	st	Z+, r1
    20fc:	8a 94       	dec	r8
    20fe:	e9 f7       	brne	.-6      	; 0x20fa <main+0xe40>
/Users/leyry/Documents/Electronique/Thermonuino/main/modules/console/console.ino:608
    const uint8_t length = buildResponsePacket(packet, targetId, rfSequence++, ackSequence);
    2100:	80 91 c5 01 	lds	r24, 0x01C5	; 0x8001c5 <rfSequence>
    2104:	91 e0       	ldi	r25, 0x01	; 1
    2106:	98 0f       	add	r25, r24
    2108:	90 93 c5 01 	sts	0x01C5, r25	; 0x8001c5 <rfSequence>
buildResponsePacket():
/Users/leyry/Documents/Electronique/Thermonuino/main/modules/console/console.ino:573
}

uint8_t buildResponsePacket(uint8_t *packet, uint16_t targetId, uint8_t sequence, uint8_t ackSequence) {
  ThermioRfFrame::Header header;
  header.frameType = ThermioRfFrame::FrameResponse;
  header.sourceId = consoleId;
    210c:	20 91 00 01 	lds	r18, 0x0100	; 0x800100 <__data_start>
    2110:	90 91 01 01 	lds	r25, 0x0101	; 0x800101 <__data_start+0x1>
writeHeader():
/Users/leyry/Documents/Electronique/Thermonuino/main/lib/Thermonuino-commons/src/ThermioRfFrame.cpp:38
  return length == HeaderLen + header.payloadLen &&
      header.payloadLen == expectedPayloadLen(header.frameType);
}

uint8_t writeHeader(uint8_t *packet, const Header &header) {
  packet[0] = 'T';
    2114:	44 e5       	ldi	r20, 0x54	; 84
    2116:	94 2e       	mov	r9, r20
    2118:	99 82       	std	Y+1, r9	; 0x01
/Users/leyry/Documents/Electronique/Thermonuino/main/lib/Thermonuino-commons/src/ThermioRfFrame.cpp:39
  packet[1] = 'N';
    211a:	5e e4       	ldi	r21, 0x4E	; 78
    211c:	a5 2e       	mov	r10, r21
    211e:	aa 82       	std	Y+2, r10	; 0x02
/Users/leyry/Documents/Electronique/Thermonuino/main/lib/Thermonuino-commons/src/ThermioRfFrame.cpp:40
  packet[2] = 'U';
    2120:	65 e5       	ldi	r22, 0x55	; 85
    2122:	b6 2e       	mov	r11, r22
    2124:	bb 82       	std	Y+3, r11	; 0x03
/Users/leyry/Documents/Electronique/Thermonuino/main/lib/Thermonuino-commons/src/ThermioRfFrame.cpp:41
  packet[3] = ProtocolVersion;
    2126:	31 e0       	ldi	r19, 0x01	; 1
    2128:	3c 83       	std	Y+4, r19	; 0x04
/Users/leyry/Documents/Electronique/Thermonuino/main/lib/Thermonuino-commons/src/ThermioRfFrame.cpp:42
  packet[4] = header.frameType;
    212a:	42 e0       	ldi	r20, 0x02	; 2
    212c:	4d 83       	std	Y+5, r20	; 0x05
writeU16():
/Users/leyry/Documents/Electronique/Thermonuino/main/lib/Thermonuino-commons/src/ThermioRfFrame.cpp:10
uint16_t readU16(const uint8_t *buffer, uint8_t offset) {
  return (uint16_t)buffer[offset] | ((uint16_t)buffer[offset + 1] << 8);
}

void writeU16(uint8_t *buffer, uint8_t offset, uint16_t value) {
  buffer[offset] = value & 0xFF;
    212e:	2e 83       	std	Y+6, r18	; 0x06
/Users/leyry/Documents/Electronique/Thermonuino/main/lib/Thermonuino-commons/src/ThermioRfFrame.cpp:11
  buffer[offset + 1] = value >> 8;
    2130:	9f 83       	std	Y+7, r25	; 0x07
/Users/leyry/Documents/Electronique/Thermonuino/main/lib/Thermonuino-commons/src/ThermioRfFrame.cpp:10
uint16_t readU16(const uint8_t *buffer, uint8_t offset) {
  return (uint16_t)buffer[offset] | ((uint16_t)buffer[offset + 1] << 8);
}

void writeU16(uint8_t *buffer, uint8_t offset, uint16_t value) {
  buffer[offset] = value & 0xFF;
    2132:	eb 96       	adiw	r28, 0x3b	; 59
    2134:	8f ac       	ldd	r8, Y+63	; 0x3f
    2136:	eb 97       	sbiw	r28, 0x3b	; 59
    2138:	88 86       	std	Y+8, r8	; 0x08
/Users/leyry/Documents/Electronique/Thermonuino/main/lib/Thermonuino-commons/src/ThermioRfFrame.cpp:11
  buffer[offset + 1] = value >> 8;
    213a:	ec 96       	adiw	r28, 0x3c	; 60
    213c:	9f ac       	ldd	r9, Y+63	; 0x3f
    213e:	ec 97       	sbiw	r28, 0x3c	; 60
    2140:	99 86       	std	Y+9, r9	; 0x09
writeHeader():
/Users/leyry/Documents/Electronique/Thermonuino/main/lib/Thermonuino-commons/src/ThermioRfFrame.cpp:45
  packet[2] = 'U';
  packet[3] = ProtocolVersion;
  packet[4] = header.frameType;
  writeU16(packet, 5, header.sourceId);
  writeU16(packet, 7, header.targetId);
  packet[9] = header.sequence;
    2142:	8a 87       	std	Y+10, r24	; 0x0a
/Users/leyry/Documents/Electronique/Thermonuino/main/lib/Thermonuino-commons/src/ThermioRfFrame.cpp:46
  packet[10] = header.ackSequence;
    2144:	e8 96       	adiw	r28, 0x38	; 56
    2146:	af ac       	ldd	r10, Y+63	; 0x3f
    2148:	e8 97       	sbiw	r28, 0x38	; 56
    214a:	ab 86       	std	Y+11, r10	; 0x0b
/Users/leyry/Documents/Electronique/Thermonuino/main/lib/Thermonuino-commons/src/ThermioRfFrame.cpp:47
  packet[11] = header.payloadLen;
    214c:	73 e1       	ldi	r23, 0x13	; 19
    214e:	b7 2e       	mov	r11, r23
    2150:	bc 86       	std	Y+12, r11	; 0x0c
buildResponsePacket():
/Users/leyry/Documents/Electronique/Thermonuino/main/modules/console/console.ino:581
  header.ackSequence = ackSequence;
  header.payloadLen = ThermioRfFrame::ResponsePayloadLen;
  ThermioRfFrame::writeHeader(packet, header);

  ThermioRfFrame::Response response;
  response.assignedZone = zoneForSlave(targetId);
    2152:	c4 01       	movw	r24, r8
    2154:	0e 94 89 05 	call	0xb12	; 0xb12 <zoneForSlave(unsigned int)>
    2158:	c8 2e       	mov	r12, r24
    215a:	e0 91 81 02 	lds	r30, 0x0281	; 0x800281 <stableMode>
    215e:	e2 50       	subi	r30, 0x02	; 2
    2160:	e5 30       	cpi	r30, 0x05	; 5
    2162:	08 f0       	brcs	.+2      	; 0x2166 <main+0xeac>
    2164:	1f c1       	rjmp	.+574    	; 0x23a4 <main+0x10ea>
    2166:	f0 e0       	ldi	r31, 0x00	; 0
    2168:	e3 5e       	subi	r30, 0xE3	; 227
    216a:	fe 4f       	sbci	r31, 0xFE	; 254
    216c:	80 80       	ld	r8, Z
    216e:	ea 96       	adiw	r28, 0x3a	; 58
    2170:	8f ae       	std	Y+63, r8	; 0x3f
    2172:	ea 97       	sbiw	r28, 0x3a	; 58
/Users/leyry/Documents/Electronique/Thermonuino/main/modules/console/console.ino:589
  response.dateTime[2] = 23;
  response.dateTime[3] = 12;
  response.dateTime[4] = 0;
  response.dateTime[5] = 0;
  response.globalMode = responseModeValue();
  const uint32_t now = millis();
    2174:	0e 94 8e 03 	call	0x71c	; 0x71c <millis>
    2178:	2b 01       	movw	r4, r22
    217a:	3c 01       	movw	r6, r24
heatSeenWithin():
/Users/leyry/Documents/Electronique/Thermonuino/main/modules/console/console.ino:250
    }
  }
}

bool heatSeenWithin(uint8_t zone, uint32_t now, uint32_t windowMs) {
  if (zone < 1 || zone > PILOTE_ZONE_COUNT) {
    217c:	99 24       	eor	r9, r9
    217e:	9a 94       	dec	r9
    2180:	9c 0c       	add	r9, r12
    2182:	e9 96       	adiw	r28, 0x39	; 57
    2184:	9f ae       	std	Y+63, r9	; 0x3f
    2186:	e9 97       	sbiw	r28, 0x39	; 57
    2188:	29 2d       	mov	r18, r9
main():
/Users/leyry/Documents/Electronique/Thermonuino/main/modules/console/console.ino:254
    return false;
  }
  const ZoneState &state = zones[zone - 1];
  return state.heatSeen && (uint32_t)(now - state.lastHeatAt) <= windowMs;
    218a:	b1 2c       	mov	r11, r1
/Users/leyry/Documents/Electronique/Thermonuino/main/modules/console/console.ino:235
  return zones[zone - 1].doorOpen ? 0 : zones[zone - 1].workload;
}

bool doorOpenForZone(uint8_t zone) {
  if (zone < 1 || zone > PILOTE_ZONE_COUNT) {
    return false;
    218c:	81 2c       	mov	r8, r1
/Users/leyry/Documents/Electronique/Thermonuino/main/modules/console/console.ino:295
      return RESPONSE_MODE_NORMAL;
  }
}

int16_t usualSetpointForZone(uint8_t zone) {
  return (zone >= 1 && zone <= PILOTE_ZONE_COUNT) ? SETPOINT_NORMAL_DECI_C : 0;
    218e:	91 2c       	mov	r9, r1
heatSeenWithin():
/Users/leyry/Documents/Electronique/Thermonuino/main/modules/console/console.ino:250
    }
  }
}

bool heatSeenWithin(uint8_t zone, uint32_t now, uint32_t windowMs) {
  if (zone < 1 || zone > PILOTE_ZONE_COUNT) {
    2190:	24 30       	cpi	r18, 0x04	; 4
    2192:	50 f5       	brcc	.+84     	; 0x21e8 <main+0xf2e>
/Users/leyry/Documents/Electronique/Thermonuino/main/modules/console/console.ino:253
    return false;
  }
  const ZoneState &state = zones[zone - 1];
    2194:	8c 2d       	mov	r24, r12
    2196:	90 e0       	ldi	r25, 0x00	; 0
/Users/leyry/Documents/Electronique/Thermonuino/main/modules/console/console.ino:254
  return state.heatSeen && (uint32_t)(now - state.lastHeatAt) <= windowMs;
    2198:	fc 01       	movw	r30, r24
    219a:	24 e0       	ldi	r18, 0x04	; 4
    219c:	ee 0f       	add	r30, r30
    219e:	ff 1f       	adc	r31, r31
    21a0:	2a 95       	dec	r18
    21a2:	e1 f7       	brne	.-8      	; 0x219c <main+0xee2>
    21a4:	e0 5e       	subi	r30, 0xE0	; 224
    21a6:	fd 4f       	sbci	r31, 0xFD	; 253
    21a8:	b2 84       	ldd	r11, Z+10	; 0x0a
    21aa:	bb 20       	and	r11, r11
    21ac:	91 f0       	breq	.+36     	; 0x21d2 <main+0xf18>
    21ae:	83 80       	ldd	r8, Z+3	; 0x03
    21b0:	94 80       	ldd	r9, Z+4	; 0x04
    21b2:	a5 80       	ldd	r10, Z+5	; 0x05
    21b4:	b6 80       	ldd	r11, Z+6	; 0x06
    21b6:	a3 01       	movw	r20, r6
    21b8:	92 01       	movw	r18, r4
    21ba:	28 19       	sub	r18, r8
    21bc:	39 09       	sbc	r19, r9
    21be:	4a 09       	sbc	r20, r10
    21c0:	5b 09       	sbc	r21, r11
    21c2:	bb 24       	eor	r11, r11
    21c4:	b3 94       	inc	r11
    21c6:	21 30       	cpi	r18, 0x01	; 1
    21c8:	3c 45       	sbci	r19, 0x5C	; 92
    21ca:	46 42       	sbci	r20, 0x26	; 38
    21cc:	55 40       	sbci	r21, 0x05	; 5
    21ce:	08 f0       	brcs	.+2      	; 0x21d2 <main+0xf18>
    21d0:	b1 2c       	mov	r11, r1
doorOpenForZone():
/Users/leyry/Documents/Electronique/Thermonuino/main/modules/console/console.ino:237

bool doorOpenForZone(uint8_t zone) {
  if (zone < 1 || zone > PILOTE_ZONE_COUNT) {
    return false;
  }
  return zones[zone - 1].doorOpen;
    21d2:	24 e0       	ldi	r18, 0x04	; 4
    21d4:	88 0f       	add	r24, r24
    21d6:	99 1f       	adc	r25, r25
    21d8:	2a 95       	dec	r18
    21da:	e1 f7       	brne	.-8      	; 0x21d4 <main+0xf1a>
    21dc:	fc 01       	movw	r30, r24
    21de:	e0 5e       	subi	r30, 0xE0	; 224
    21e0:	fd 4f       	sbci	r31, 0xFD	; 253
    21e2:	83 84       	ldd	r8, Z+11	; 0x0b
main():
/Users/leyry/Documents/Electronique/Thermonuino/main/modules/console/console.ino:295
      return RESPONSE_MODE_NORMAL;
  }
}

int16_t usualSetpointForZone(uint8_t zone) {
  return (zone >= 1 && zone <= PILOTE_ZONE_COUNT) ? SETPOINT_NORMAL_DECI_C : 0;
    21e4:	3e eb       	ldi	r19, 0xBE	; 190
    21e6:	93 2e       	mov	r9, r19
buildResponsePacket():
/Users/leyry/Documents/Electronique/Thermonuino/main/modules/console/console.ino:594
  const uint32_t now = millis();
  response.heatActive = heatSeenWithin(response.assignedZone, now, HEAT_LAST_DAY_MS);
  response.zoneDoorOpen = doorOpenForZone(response.assignedZone);
  response.outsideTempDeciC = 120;
  response.usualSetpointDeciC = usualSetpointForZone(response.assignedZone);
  response.currentSetpointDeciC = currentSetpointForZone(response.assignedZone);
    21e8:	8c 2d       	mov	r24, r12
    21ea:	0e 94 c7 05 	call	0xb8e	; 0xb8e <currentSetpointForZone(unsigned char)>
heatSeenWithin():
/Users/leyry/Documents/Electronique/Thermonuino/main/modules/console/console.ino:250
    }
  }
}

bool heatSeenWithin(uint8_t zone, uint32_t now, uint32_t windowMs) {
  if (zone < 1 || zone > PILOTE_ZONE_COUNT) {
    21ee:	e9 96       	adiw	r28, 0x39	; 57
    21f0:	ef ad       	ldd	r30, Y+63	; 0x3f
    21f2:	e9 97       	sbiw	r28, 0x39	; 57
    21f4:	e4 30       	cpi	r30, 0x04	; 4
    21f6:	f8 f4       	brcc	.+62     	; 0x2236 <main+0xf7c>
/Users/leyry/Documents/Electronique/Thermonuino/main/modules/console/console.ino:253
    return false;
  }
  const ZoneState &state = zones[zone - 1];
    21f8:	2c 2d       	mov	r18, r12
    21fa:	21 50       	subi	r18, 0x01	; 1
    21fc:	33 0b       	sbc	r19, r19
    21fe:	f9 01       	movw	r30, r18
/Users/leyry/Documents/Electronique/Thermonuino/main/modules/console/console.ino:254
  return state.heatSeen && (uint32_t)(now - state.lastHeatAt) <= windowMs;
    2200:	b4 e0       	ldi	r27, 0x04	; 4
    2202:	ee 0f       	add	r30, r30
    2204:	ff 1f       	adc	r31, r31
    2206:	ba 95       	dec	r27
    2208:	e1 f7       	brne	.-8      	; 0x2202 <main+0xf48>
    220a:	e0 5d       	subi	r30, 0xD0	; 208
    220c:	fd 4f       	sbci	r31, 0xFD	; 253
    220e:	22 85       	ldd	r18, Z+10	; 0x0a
    2210:	22 23       	and	r18, r18
    2212:	89 f0       	breq	.+34     	; 0x2236 <main+0xf7c>
    2214:	43 81       	ldd	r20, Z+3	; 0x03
    2216:	54 81       	ldd	r21, Z+4	; 0x04
    2218:	65 81       	ldd	r22, Z+5	; 0x05
    221a:	76 81       	ldd	r23, Z+6	; 0x06
    221c:	44 1a       	sub	r4, r20
    221e:	55 0a       	sbc	r5, r21
    2220:	66 0a       	sbc	r6, r22
    2222:	77 0a       	sbc	r7, r23
    2224:	21 e0       	ldi	r18, 0x01	; 1
    2226:	31 e8       	ldi	r19, 0x81	; 129
    2228:	43 16       	cp	r4, r19
    222a:	3e ee       	ldi	r19, 0xEE	; 238
    222c:	53 06       	cpc	r5, r19
    222e:	36 e3       	ldi	r19, 0x36	; 54
    2230:	63 06       	cpc	r6, r19
    2232:	71 04       	cpc	r7, r1
    2234:	08 f0       	brcs	.+2      	; 0x2238 <main+0xf7e>
main():
/Users/leyry/Documents/Electronique/Thermonuino/main/modules/console/console.ino:595
  response.heatActive = heatSeenWithin(response.assignedZone, now, HEAT_LAST_DAY_MS);
  response.zoneDoorOpen = doorOpenForZone(response.assignedZone);
  response.outsideTempDeciC = 120;
  response.usualSetpointDeciC = usualSetpointForZone(response.assignedZone);
  response.currentSetpointDeciC = currentSetpointForZone(response.assignedZone);
  response.commandFlags = heatSeenWithin(response.assignedZone, now, HEAT_LAST_HOUR_MS) ?
    2236:	20 e0       	ldi	r18, 0x00	; 0
encodeResponsePayload():
/Users/leyry/Documents/Electronique/Thermonuino/main/lib/Thermonuino-commons/src/ThermioRfFrame.cpp:129
  payload[ReportDoorOpen] = report.doorOpen ? 1 : 0;
  return ReportPayloadLen;
}

uint8_t encodeResponsePayload(uint8_t *payload, const Response &response) {
  payload[ResponseAssignedZone] = response.assignedZone;
    2238:	cd 86       	std	Y+13, r12	; 0x0d
/Users/leyry/Documents/Electronique/Thermonuino/main/lib/Thermonuino-commons/src/ThermioRfFrame.cpp:131
  for (uint8_t i = 0; i < 6; i++) {
    payload[ResponseDateTime + i] = response.dateTime[i];
    223a:	4a e1       	ldi	r20, 0x1A	; 26
    223c:	4e 87       	std	Y+14, r20	; 0x0e
    223e:	58 e0       	ldi	r21, 0x08	; 8
    2240:	5f 87       	std	Y+15, r21	; 0x0f
    2242:	37 e1       	ldi	r19, 0x17	; 23
    2244:	38 8b       	std	Y+16, r19	; 0x10
    2246:	3c e0       	ldi	r19, 0x0C	; 12
    2248:	39 8b       	std	Y+17, r19	; 0x11
    224a:	1a 8a       	std	Y+18, r1	; 0x12
    224c:	1b 8a       	std	Y+19, r1	; 0x13
/Users/leyry/Documents/Electronique/Thermonuino/main/lib/Thermonuino-commons/src/ThermioRfFrame.cpp:133
  }
  payload[ResponseGlobalMode] = response.globalMode;
    224e:	ea 96       	adiw	r28, 0x3a	; 58
    2250:	af ac       	ldd	r10, Y+63	; 0x3f
    2252:	ea 97       	sbiw	r28, 0x3a	; 58
    2254:	ac 8a       	std	Y+20, r10	; 0x14
/Users/leyry/Documents/Electronique/Thermonuino/main/lib/Thermonuino-commons/src/ThermioRfFrame.cpp:134
  payload[ResponseHeatActive] = response.heatActive ? 1 : 0;
    2256:	bd 8a       	std	Y+21, r11	; 0x15
/Users/leyry/Documents/Electronique/Thermonuino/main/lib/Thermonuino-commons/src/ThermioRfFrame.cpp:135
  payload[ResponseZoneDoorOpen] = response.zoneDoorOpen ? 1 : 0;
    2258:	8e 8a       	std	Y+22, r8	; 0x16
writeU16():
/Users/leyry/Documents/Electronique/Thermonuino/main/lib/Thermonuino-commons/src/ThermioRfFrame.cpp:10
uint16_t readU16(const uint8_t *buffer, uint8_t offset) {
  return (uint16_t)buffer[offset] | ((uint16_t)buffer[offset + 1] << 8);
}

void writeU16(uint8_t *buffer, uint8_t offset, uint16_t value) {
  buffer[offset] = value & 0xFF;
    225a:	38 e7       	ldi	r19, 0x78	; 120
    225c:	3f 8b       	std	Y+23, r19	; 0x17
/Users/leyry/Documents/Electronique/Thermonuino/main/lib/Thermonuino-commons/src/ThermioRfFrame.cpp:11
  buffer[offset + 1] = value >> 8;
    225e:	18 8e       	std	Y+24, r1	; 0x18
/Users/leyry/Documents/Electronique/Thermonuino/main/lib/Thermonuino-commons/src/ThermioRfFrame.cpp:10
uint16_t readU16(const uint8_t *buffer, uint8_t offset) {
  return (uint16_t)buffer[offset] | ((uint16_t)buffer[offset + 1] << 8);
}

void writeU16(uint8_t *buffer, uint8_t offset, uint16_t value) {
  buffer[offset] = value & 0xFF;
    2260:	99 8e       	std	Y+25, r9	; 0x19
/Users/leyry/Documents/Electronique/Thermonuino/main/lib/Thermonuino-commons/src/ThermioRfFrame.cpp:11
  buffer[offset + 1] = value >> 8;
    2262:	1a 8e       	std	Y+26, r1	; 0x1a
/Users/leyry/Documents/Electronique/Thermonuino/main/lib/Thermonuino-commons/src/ThermioRfFrame.cpp:10
uint16_t readU16(const uint8_t *buffer, uint8_t offset) {
  return (uint16_t)buffer[offset] | ((uint16_t)buffer[offset + 1] << 8);
}

void writeU16(uint8_t *buffer, uint8_t offset, uint16_t value) {
  buffer[offset] = value & 0xFF;
    2264:	8b 8f       	std	Y+27, r24	; 0x1b
/Users/leyry/Documents/Electronique/Thermonuino/main/lib/Thermonuino-commons/src/ThermioRfFrame.cpp:11
  buffer[offset + 1] = value >> 8;
    2266:	9c 8f       	std	Y+28, r25	; 0x1c
encodeResponsePayload():
/Users/leyry/Documents/Electronique/Thermonuino/main/lib/Thermonuino-commons/src/ThermioRfFrame.cpp:139
  payload[ResponseHeatActive] = response.heatActive ? 1 : 0;
  payload[ResponseZoneDoorOpen] = response.zoneDoorOpen ? 1 : 0;
  writeU16(payload, ResponseOutsideTemp, (uint16_t)response.outsideTempDeciC);
  writeU16(payload, ResponseUsualSetpoint, (uint16_t)response.usualSetpointDeciC);
  writeU16(payload, ResponseCurrentSetpoint, (uint16_t)response.currentSetpointDeciC);
  payload[ResponseCommandFlags] = response.commandFlags;
    2268:	2d 8f       	std	Y+29, r18	; 0x1d
writeU16():
/Users/leyry/Documents/Electronique/Thermonuino/main/lib/Thermonuino-commons/src/ThermioRfFrame.cpp:10
uint16_t readU16(const uint8_t *buffer, uint8_t offset) {
  return (uint16_t)buffer[offset] | ((uint16_t)buffer[offset + 1] << 8);
}

void writeU16(uint8_t *buffer, uint8_t offset, uint16_t value) {
  buffer[offset] = value & 0xFF;
    226a:	80 e1       	ldi	r24, 0x10	; 16
    226c:	8e 8f       	std	Y+30, r24	; 0x1e
/Users/leyry/Documents/Electronique/Thermonuino/main/lib/Thermonuino-commons/src/ThermioRfFrame.cpp:11
  buffer[offset + 1] = value >> 8;
    226e:	8e e0       	ldi	r24, 0x0E	; 14
    2270:	8f 8f       	std	Y+31, r24	; 0x1f
flushTx():
/Users/leyry/Documents/Electronique/Thermonuino/main/lib/Thermonuino-commons/src/ThermioRfCc1101.cpp:161
  strobe(Sidle);
  strobe(Sfrx);
}

void ThermioRfCc1101::flushTx() {
  strobe(Sidle);
    2272:	86 e3       	ldi	r24, 0x36	; 54
    2274:	0e 94 cf 04 	call	0x99e	; 0x99e <ThermioRfCc1101::strobe(unsigned char) [clone .constprop.43]>
/Users/leyry/Documents/Electronique/Thermonuino/main/lib/Thermonuino-commons/src/ThermioRfCc1101.cpp:162
  strobe(Sftx);
    2278:	8b e3       	ldi	r24, 0x3B	; 59
    227a:	0e 94 cf 04 	call	0x99e	; 0x99e <ThermioRfCc1101::strobe(unsigned char) [clone .constprop.43]>
writePacket():
/Users/leyry/Documents/Electronique/Thermonuino/main/lib/Thermonuino-commons/src/ThermioRfCc1101.cpp:175
  return readStatusValue(Rxbytes) & 0x7F;
}

bool ThermioRfCc1101::writePacket(const uint8_t *packet, uint8_t length) {
  flushTx();
  digitalWrite(pins_.csn, LOW);
    227e:	60 e0       	ldi	r22, 0x00	; 0
    2280:	80 91 28 03 	lds	r24, 0x0328	; 0x800328 <radio>
    2284:	0e 94 20 01 	call	0x240	; 0x240 <digitalWrite>
/Users/leyry/Documents/Electronique/Thermonuino/main/lib/Thermonuino-commons/src/ThermioRfCc1101.cpp:176
  if (!waitReady(15)) {
    2288:	0e 94 9a 03 	call	0x734	; 0x734 <ThermioRfCc1101::waitReady(unsigned int) [clone .constprop.44]>
    228c:	81 11       	cpse	r24, r1
    228e:	8e c0       	rjmp	.+284    	; 0x23ac <main+0x10f2>
/Users/leyry/Documents/Electronique/Thermonuino/main/lib/Thermonuino-commons/src/ThermioRfCc1101.cpp:55
}

bool ThermioRfCc1101::readStatus(uint8_t address, uint8_t &value) {
  digitalWrite(pins_.csn, LOW);
  if (!waitReady(15)) {
    digitalWrite(pins_.csn, HIGH);
    2290:	61 e0       	ldi	r22, 0x01	; 1
    2292:	80 91 28 03 	lds	r24, 0x0328	; 0x800328 <radio>
    2296:	0e 94 20 01 	call	0x240	; 0x240 <digitalWrite>
waitTxComplete():
/Users/leyry/Documents/Electronique/Thermonuino/main/lib/Thermonuino-commons/src/ThermioRfCc1101.cpp:219
  strobeRx();
  return length;
}

void ThermioRfCc1101::waitTxComplete(uint16_t timeoutMs) {
  const uint32_t startedAt = millis();
    229a:	0e 94 8e 03 	call	0x71c	; 0x71c <millis>
    229e:	2b 01       	movw	r4, r22
    22a0:	3c 01       	movw	r6, r24
/Users/leyry/Documents/Electronique/Thermonuino/main/lib/Thermonuino-commons/src/ThermioRfCc1101.cpp:220
  while (digitalRead(pins_.gdo0) == LOW) {
    22a2:	80 91 29 03 	lds	r24, 0x0329	; 0x800329 <radio+0x1>
    22a6:	0e 94 f7 00 	call	0x1ee	; 0x1ee <digitalRead>
    22aa:	89 2b       	or	r24, r25
    22ac:	09 f0       	breq	.+2      	; 0x22b0 <main+0xff6>
    22ae:	9a c0       	rjmp	.+308    	; 0x23e4 <main+0x112a>
/Users/leyry/Documents/Electronique/Thermonuino/main/lib/Thermonuino-commons/src/ThermioRfCc1101.cpp:221
    if ((uint32_t)(millis() - startedAt) >= timeoutMs) {
    22b0:	0e 94 8e 03 	call	0x71c	; 0x71c <millis>
    22b4:	64 19       	sub	r22, r4
    22b6:	75 09       	sbc	r23, r5
    22b8:	86 09       	sbc	r24, r6
    22ba:	97 09       	sbc	r25, r7
    22bc:	6e 35       	cpi	r22, 0x5E	; 94
    22be:	71 40       	sbci	r23, 0x01	; 1
    22c0:	81 05       	cpc	r24, r1
    22c2:	91 05       	cpc	r25, r1
    22c4:	70 f3       	brcs	.-36     	; 0x22a2 <main+0xfe8>
sendAckBurst():
/Users/leyry/Documents/Electronique/Thermonuino/main/modules/console/console.ino:611
    leds.show();
    uint8_t packet[ThermioRfFrame::MaxPacketLen] = {0};
    const uint8_t length = buildResponsePacket(packet, targetId, rfSequence++, ackSequence);
    radio.writePacket(packet, length);
    radio.waitTxComplete(RF_TX_COMPLETE_TIMEOUT_MS);
    if (ack + 1 < RF_ACK_TX_COUNT) {
    22c6:	c0 58       	subi	r28, 0x80	; 128
    22c8:	df 4f       	sbci	r29, 0xFF	; 255
    22ca:	48 81       	ld	r20, Y
    22cc:	c0 58       	subi	r28, 0x80	; 128
    22ce:	d0 40       	sbci	r29, 0x00	; 0
    22d0:	42 30       	cpi	r20, 0x02	; 2
    22d2:	31 f0       	breq	.+12     	; 0x22e0 <main+0x1026>
/Users/leyry/Documents/Electronique/Thermonuino/main/modules/console/console.ino:612
      delay(RF_ACK_TX_GAP_MS);
    22d4:	66 e9       	ldi	r22, 0x96	; 150
    22d6:	70 e0       	ldi	r23, 0x00	; 0
    22d8:	80 e0       	ldi	r24, 0x00	; 0
    22da:	90 e0       	ldi	r25, 0x00	; 0
    22dc:	0e 94 5c 03 	call	0x6b8	; 0x6b8 <delay>
/Users/leyry/Documents/Electronique/Thermonuino/main/modules/console/console.ino:604
  return ThermioRfFrame::HeaderLen + ThermioRfFrame::ResponsePayloadLen;
}

void sendAckBurst(uint16_t targetId, uint8_t ackSequence) {
  delay(RF_ACK_REPLY_DELAY_MS);
  for (uint8_t ack = 0; ack < RF_ACK_TX_COUNT; ack++) {
    22e0:	c0 58       	subi	r28, 0x80	; 128
    22e2:	df 4f       	sbci	r29, 0xFF	; 255
    22e4:	58 81       	ld	r21, Y
    22e6:	c0 58       	subi	r28, 0x80	; 128
    22e8:	d0 40       	sbci	r29, 0x00	; 0
    22ea:	5f 5f       	subi	r21, 0xFF	; 255
    22ec:	c0 58       	subi	r28, 0x80	; 128
    22ee:	df 4f       	sbci	r29, 0xFF	; 255
    22f0:	58 83       	st	Y, r21
    22f2:	c0 58       	subi	r28, 0x80	; 128
    22f4:	d0 40       	sbci	r29, 0x00	; 0
    22f6:	53 30       	cpi	r21, 0x03	; 3
    22f8:	09 f0       	breq	.+2      	; 0x22fc <main+0x1042>
    22fa:	f0 ce       	rjmp	.-544    	; 0x20dc <main+0xe22>
/Users/leyry/Documents/Electronique/Thermonuino/main/modules/console/console.ino:615
    radio.waitTxComplete(RF_TX_COMPLETE_TIMEOUT_MS);
    if (ack + 1 < RF_ACK_TX_COUNT) {
      delay(RF_ACK_TX_GAP_MS);
    }
  }
  setPixel(LED_SDB, rgb(0, 255, 0));
    22fc:	40 e0       	ldi	r20, 0x00	; 0
    22fe:	5f ef       	ldi	r21, 0xFF	; 255
    2300:	60 e0       	ldi	r22, 0x00	; 0
    2302:	70 e0       	ldi	r23, 0x00	; 0
    2304:	83 e0       	ldi	r24, 0x03	; 3
    2306:	0e 94 66 06 	call	0xccc	; 0xccc <setPixel(unsigned char, unsigned long)>
/Users/leyry/Documents/Electronique/Thermonuino/main/modules/console/console.ino:616
  leds.show();
    230a:	0e 94 ac 01 	call	0x358	; 0x358 <Adafruit_NeoPixel::show() [clone .constprop.26]>
updateRf():
/Users/leyry/Documents/Electronique/Thermonuino/main/modules/console/console.ino:911
    }
    updateZoneStateFromReport(lastPacketSourceId, lastReport);
  }

  sendAckBurst(lastPacketSourceId, reportSequence);
  if (!duplicate) {
    230e:	d1 10       	cpse	r13, r1
    2310:	d5 cb       	rjmp	.-2134   	; 0x1abc <main+0x802>
/Users/leyry/Documents/Electronique/Thermonuino/main/modules/console/console.ino:912
    startRfReceivedBlink(zoneForSlave(lastPacketSourceId), lastReport.deviceType);
    2312:	d0 90 c6 01 	lds	r13, 0x01C6	; 0x8001c6 <lastReport>
    2316:	80 91 ea 01 	lds	r24, 0x01EA	; 0x8001ea <lastPacketSourceId>
    231a:	90 91 eb 01 	lds	r25, 0x01EB	; 0x8001eb <lastPacketSourceId+0x1>
    231e:	0e 94 89 05 	call	0xb12	; 0xb12 <zoneForSlave(unsigned int)>
startRfReceivedBlink():
/Users/leyry/Documents/Electronique/Thermonuino/main/modules/console/console.ino:620
  setPixel(LED_SDB, rgb(0, 255, 0));
  leds.show();
}

void startRfReceivedBlink(uint8_t zone, uint8_t deviceType) {
  rfBlinkActive = true;
    2322:	91 e0       	ldi	r25, 0x01	; 1
    2324:	90 93 7a 02 	sts	0x027A, r25	; 0x80027a <rfBlinkActive>
/Users/leyry/Documents/Electronique/Thermonuino/main/modules/console/console.ino:621
  rfBlinkStep = 0;
    2328:	10 92 75 02 	sts	0x0275, r1	; 0x800275 <rfBlinkStep>
/Users/leyry/Documents/Electronique/Thermonuino/main/modules/console/console.ino:622
  rfBlinkZone = zone;
    232c:	80 93 03 01 	sts	0x0103, r24	; 0x800103 <rfBlinkZone>
/Users/leyry/Documents/Electronique/Thermonuino/main/modules/console/console.ino:623
  rfBlinkColor = deviceType == ThermioRfFrame::DeviceDoor ? rgb(140, 0, 255) : rgb(255, 0, 0);
    2330:	62 e0       	ldi	r22, 0x02	; 2
main():
    2332:	8f ef       	ldi	r24, 0xFF	; 255
    2334:	90 e0       	ldi	r25, 0x00	; 0
    2336:	ac e8       	ldi	r26, 0x8C	; 140
    2338:	b0 e0       	ldi	r27, 0x00	; 0
startRfReceivedBlink():
    233a:	d6 16       	cp	r13, r22
    233c:	21 f0       	breq	.+8      	; 0x2346 <main+0x108c>
main():
    233e:	80 e0       	ldi	r24, 0x00	; 0
    2340:	90 e0       	ldi	r25, 0x00	; 0
    2342:	af ef       	ldi	r26, 0xFF	; 255
    2344:	b0 e0       	ldi	r27, 0x00	; 0
startRfReceivedBlink():
    2346:	80 93 71 02 	sts	0x0271, r24	; 0x800271 <rfBlinkColor>
    234a:	90 93 72 02 	sts	0x0272, r25	; 0x800272 <rfBlinkColor+0x1>
    234e:	a0 93 73 02 	sts	0x0273, r26	; 0x800273 <rfBlinkColor+0x2>
    2352:	b0 93 74 02 	sts	0x0274, r27	; 0x800274 <rfBlinkColor+0x3>
/Users/leyry/Documents/Electronique/Thermonuino/main/modules/console/console.ino:624
  nextRfBlinkAt = 0;
    2356:	10 92 76 02 	sts	0x0276, r1	; 0x800276 <nextRfBlinkAt>
    235a:	10 92 77 02 	sts	0x0277, r1	; 0x800277 <nextRfBlinkAt+0x1>
    235e:	10 92 78 02 	sts	0x0278, r1	; 0x800278 <nextRfBlinkAt+0x2>
    2362:	10 92 79 02 	sts	0x0279, r1	; 0x800279 <nextRfBlinkAt+0x3>
    2366:	aa cb       	rjmp	.-2220   	; 0x1abc <main+0x802>
updateZoneStateFromReport():
/Users/leyry/Documents/Electronique/Thermonuino/main/modules/console/console.ino:861
  }
  if (report.deviceType == ThermioRfFrame::DeviceDoor) {
    zones[zone - 1].doorOpen = report.doorOpen;
    recomputeZoneWorkloads();
    sendPiloteSet();
  } else if (report.deviceType == ThermioRfFrame::DeviceSonde && report.tempCount > 0) {
    2368:	81 30       	cpi	r24, 0x01	; 1
    236a:	09 f0       	breq	.+2      	; 0x236e <main+0x10b4>
    236c:	93 ce       	rjmp	.-730    	; 0x2094 <main+0xdda>
    236e:	a0 91 cc 01 	lds	r26, 0x01CC	; 0x8001cc <lastReport+0x6>
    2372:	aa 23       	and	r26, r26
    2374:	09 f4       	brne	.+2      	; 0x2378 <main+0x10be>
    2376:	8e ce       	rjmp	.-740    	; 0x2094 <main+0xdda>
/Users/leyry/Documents/Electronique/Thermonuino/main/modules/console/console.ino:862
    zones[zone - 1].measuredTempDeciC = report.temperaturesDeciC[report.tempCount - 1];
    2378:	e1 50       	subi	r30, 0x01	; 1
    237a:	ff 0b       	sbc	r31, r31
    237c:	b4 e0       	ldi	r27, 0x04	; 4
    237e:	ee 0f       	add	r30, r30
    2380:	ff 1f       	adc	r31, r31
    2382:	ba 95       	dec	r27
    2384:	e1 f7       	brne	.-8      	; 0x237e <main+0x10c4>
    2386:	e0 5d       	subi	r30, 0xD0	; 208
    2388:	fd 4f       	sbci	r31, 0xFD	; 253
    238a:	a1 50       	subi	r26, 0x01	; 1
    238c:	bb 0b       	sbc	r27, r27
    238e:	aa 0f       	add	r26, r26
    2390:	bb 1f       	adc	r27, r27
    2392:	aa 53       	subi	r26, 0x3A	; 58
    2394:	be 4f       	sbci	r27, 0xFE	; 254
    2396:	17 96       	adiw	r26, 0x07	; 7
    2398:	2d 91       	ld	r18, X+
    239a:	3c 91       	ld	r19, X
    239c:	30 87       	std	Z+8, r19	; 0x08
    239e:	27 83       	std	Z+7, r18	; 0x07
/Users/leyry/Documents/Electronique/Thermonuino/main/modules/console/console.ino:863
    zones[zone - 1].hasTemperature = true;
    23a0:	81 87       	std	Z+9, r24	; 0x09
    23a2:	74 ce       	rjmp	.-792    	; 0x208c <main+0xdd2>
responseModeValue():
/Users/leyry/Documents/Electronique/Thermonuino/main/modules/console/console.ino:277
  }
  return zones[zone - 1].powerVa > 0 ? zones[zone - 1].powerVa : FALLBACK_ZONE_POWER_VA;
}

uint8_t responseModeValue() {
  switch (stableMode) {
    23a4:	ea 96       	adiw	r28, 0x3a	; 58
    23a6:	1f ae       	std	Y+63, r1	; 0x3f
    23a8:	ea 97       	sbiw	r28, 0x3a	; 58
    23aa:	e4 ce       	rjmp	.-568    	; 0x2174 <main+0xeba>
writePacket():
/Users/leyry/Documents/Electronique/Thermonuino/main/lib/Thermonuino-commons/src/ThermioRfCc1101.cpp:180
  digitalWrite(pins_.csn, LOW);
  if (!waitReady(15)) {
    digitalWrite(pins_.csn, HIGH);
    return false;
  }
  SPI.transfer(WriteBurst | Txfifo);
    23ac:	8f e7       	ldi	r24, 0x7F	; 127
    23ae:	0e 94 c8 04 	call	0x990	; 0x990 <SPIClass::transfer(unsigned char)>
/Users/leyry/Documents/Electronique/Thermonuino/main/lib/Thermonuino-commons/src/ThermioRfCc1101.cpp:181
  SPI.transfer(length);
    23b2:	8f e1       	ldi	r24, 0x1F	; 31
    23b4:	0e 94 c8 04 	call	0x990	; 0x990 <SPIClass::transfer(unsigned char)>
    23b8:	41 01       	movw	r8, r2
/Users/leyry/Documents/Electronique/Thermonuino/main/lib/Thermonuino-commons/src/ThermioRfCc1101.cpp:183
  for (uint8_t i = 0; i < length; i++) {
    SPI.transfer(packet[i]);
    23ba:	f4 01       	movw	r30, r8
    23bc:	81 91       	ld	r24, Z+
    23be:	4f 01       	movw	r8, r30
    23c0:	0e 94 c8 04 	call	0x990	; 0x990 <SPIClass::transfer(unsigned char)>
/Users/leyry/Documents/Electronique/Thermonuino/main/lib/Thermonuino-commons/src/ThermioRfCc1101.cpp:182
    digitalWrite(pins_.csn, HIGH);
    return false;
  }
  SPI.transfer(WriteBurst | Txfifo);
  SPI.transfer(length);
  for (uint8_t i = 0; i < length; i++) {
    23c4:	e7 96       	adiw	r28, 0x37	; 55
    23c6:	ae ac       	ldd	r10, Y+62	; 0x3e
    23c8:	bf ac       	ldd	r11, Y+63	; 0x3f
    23ca:	e7 97       	sbiw	r28, 0x37	; 55
    23cc:	a8 14       	cp	r10, r8
    23ce:	b9 04       	cpc	r11, r9
    23d0:	a1 f7       	brne	.-24     	; 0x23ba <main+0x1100>
/Users/leyry/Documents/Electronique/Thermonuino/main/lib/Thermonuino-commons/src/ThermioRfCc1101.cpp:185
    SPI.transfer(packet[i]);
  }
  digitalWrite(pins_.csn, HIGH);
    23d2:	61 e0       	ldi	r22, 0x01	; 1
    23d4:	80 91 28 03 	lds	r24, 0x0328	; 0x800328 <radio>
    23d8:	0e 94 20 01 	call	0x240	; 0x240 <digitalWrite>
/Users/leyry/Documents/Electronique/Thermonuino/main/lib/Thermonuino-commons/src/ThermioRfCc1101.cpp:186
  strobe(Stx);
    23dc:	85 e3       	ldi	r24, 0x35	; 53
    23de:	0e 94 cf 04 	call	0x99e	; 0x99e <ThermioRfCc1101::strobe(unsigned char) [clone .constprop.43]>
    23e2:	5b cf       	rjmp	.-330    	; 0x229a <main+0xfe0>
waitTxComplete():
/Users/leyry/Documents/Electronique/Thermonuino/main/lib/Thermonuino-commons/src/ThermioRfCc1101.cpp:225
  while (digitalRead(pins_.gdo0) == LOW) {
    if ((uint32_t)(millis() - startedAt) >= timeoutMs) {
      return;
    }
  }
  while (digitalRead(pins_.gdo0) == HIGH) {
    23e4:	80 91 29 03 	lds	r24, 0x0329	; 0x800329 <radio+0x1>
    23e8:	0e 94 f7 00 	call	0x1ee	; 0x1ee <digitalRead>
    23ec:	01 97       	sbiw	r24, 0x01	; 1
    23ee:	09 f0       	breq	.+2      	; 0x23f2 <main+0x1138>
    23f0:	6a cf       	rjmp	.-300    	; 0x22c6 <main+0x100c>
/Users/leyry/Documents/Electronique/Thermonuino/main/lib/Thermonuino-commons/src/ThermioRfCc1101.cpp:226
    if ((uint32_t)(millis() - startedAt) >= timeoutMs) {
    23f2:	0e 94 8e 03 	call	0x71c	; 0x71c <millis>
    23f6:	64 19       	sub	r22, r4
    23f8:	75 09       	sbc	r23, r5
    23fa:	86 09       	sbc	r24, r6
    23fc:	97 09       	sbc	r25, r7
    23fe:	6e 35       	cpi	r22, 0x5E	; 94
    2400:	71 40       	sbci	r23, 0x01	; 1
    2402:	81 05       	cpc	r24, r1
    2404:	91 05       	cpc	r25, r1
    2406:	70 f3       	brcs	.-36     	; 0x23e4 <main+0x112a>
    2408:	5e cf       	rjmp	.-324    	; 0x22c6 <main+0x100c>
findAssociationSlotForZone():
/Users/leyry/Documents/Electronique/Thermonuino/main/modules/console/console.ino:465

  if (preferredIndex >= 0 &&
      (associatedSlaves[preferredIndex].zone == zone || zoneCount < RF_ASSOC_SLAVES_PER_ZONE)) {
    return preferredIndex;
  }
  if (zoneCount >= RF_ASSOC_SLAVES_PER_ZONE && firstZoneIndex >= 0) {
    240a:	22 30       	cpi	r18, 0x02	; 2
    240c:	20 f0       	brcs	.+8      	; 0x2416 <main+0x115c>
    240e:	6c 01       	movw	r12, r24
    2410:	01 96       	adiw	r24, 0x01	; 1
    2412:	09 f0       	breq	.+2      	; 0x2416 <main+0x115c>
    2414:	75 cc       	rjmp	.-1814   	; 0x1d00 <main+0xa46>
    2416:	e3 ef       	ldi	r30, 0xF3	; 243
    2418:	f1 e0       	ldi	r31, 0x01	; 1
    241a:	d1 2c       	mov	r13, r1
    241c:	c1 2c       	mov	r12, r1
/Users/leyry/Documents/Electronique/Thermonuino/main/modules/console/console.ino:469
    return firstZoneIndex;
  }
  for (uint8_t i = 0; i < RF_MAX_ASSOCIATED_SLAVES; i++) {
    if (associatedSlaves[i].nodeId == ThermioRfFrame::BroadcastId) {
    241e:	80 81       	ld	r24, Z
    2420:	91 81       	ldd	r25, Z+1	; 0x01
    2422:	89 2b       	or	r24, r25
    2424:	09 f4       	brne	.+2      	; 0x2428 <main+0x116e>
    2426:	6c cc       	rjmp	.-1832   	; 0x1d00 <main+0xa46>
    2428:	2f ef       	ldi	r18, 0xFF	; 255
    242a:	c2 1a       	sub	r12, r18
    242c:	d2 0a       	sbc	r13, r18
    242e:	34 96       	adiw	r30, 0x04	; 4
/Users/leyry/Documents/Electronique/Thermonuino/main/modules/console/console.ino:468
    return preferredIndex;
  }
  if (zoneCount >= RF_ASSOC_SLAVES_PER_ZONE && firstZoneIndex >= 0) {
    return firstZoneIndex;
  }
  for (uint8_t i = 0; i < RF_MAX_ASSOCIATED_SLAVES; i++) {
    2430:	4a e0       	ldi	r20, 0x0A	; 10
    2432:	c4 16       	cp	r12, r20
    2434:	d1 04       	cpc	r13, r1
    2436:	99 f7       	brne	.-26     	; 0x241e <main+0x1164>
main():
/Users/leyry/Documents/Electronique/Thermonuino/main/modules/console/console.ino:473
    if (associatedSlaves[i].nodeId == ThermioRfFrame::BroadcastId) {
      return i;
    }
  }
  return 0;
    2438:	d1 2c       	mov	r13, r1
    243a:	c1 2c       	mov	r12, r1
    243c:	61 cc       	rjmp	.-1854   	; 0x1d00 <main+0xa46>
refreshTimedModeEffects():
/Users/leyry/Documents/Electronique/Thermonuino/main/modules/console/console.ino:766
void refreshTimedModeEffects() {
  if (stableMode != MODE_DOUCHE) {
    doucheWasActive = false;
    return;
  }
  const bool active = doucheActive();
    243e:	0e 94 a6 05 	call	0xb4c	; 0xb4c <doucheActive()>
/Users/leyry/Documents/Electronique/Thermonuino/main/modules/console/console.ino:767
  if (active != doucheWasActive) {
    2442:	90 91 21 02 	lds	r25, 0x0221	; 0x800221 <doucheWasActive>
    2446:	89 17       	cp	r24, r25
    2448:	09 f4       	brne	.+2      	; 0x244c <main+0x1192>
    244a:	ac cc       	rjmp	.-1704   	; 0x1da4 <main+0xaea>
/Users/leyry/Documents/Electronique/Thermonuino/main/modules/console/console.ino:768
    doucheWasActive = active;
    244c:	80 93 21 02 	sts	0x0221, r24	; 0x800221 <doucheWasActive>
/Users/leyry/Documents/Electronique/Thermonuino/main/modules/console/console.ino:769
    recomputeZoneWorkloads();
    2450:	0e 94 f2 05 	call	0xbe4	; 0xbe4 <recomputeZoneWorkloads()>
/Users/leyry/Documents/Electronique/Thermonuino/main/modules/console/console.ino:770
    sendPiloteSet();
    2454:	0e 94 3a 07 	call	0xe74	; 0xe74 <sendPiloteSet()>
    2458:	a5 cc       	rjmp	.-1718   	; 0x1da4 <main+0xaea>
applyModeSelection():
/Users/leyry/Documents/Electronique/Thermonuino/main/modules/console/console.ino:737

  if (mode == MODE_NORMAL) {
    lastModeBeforeNormal = previousMode;
    enteredNormalAt = millis();
    plusMinusOffsetC = 0;
  } else if (mode == MODE_PLUS || mode == MODE_MOINS) {
    245a:	9e ef       	ldi	r25, 0xFE	; 254
    245c:	9d 0d       	add	r25, r13
    245e:	92 30       	cpi	r25, 0x02	; 2
    2460:	30 f5       	brcc	.+76     	; 0x24ae <main+0x11f4>
/Users/leyry/Documents/Electronique/Thermonuino/main/modules/console/console.ino:738
    const int8_t direction = mode == MODE_PLUS ? MODE_DELTA_STEP_C : -MODE_DELTA_STEP_C;
    2462:	63 e0       	ldi	r22, 0x03	; 3
main():
    2464:	cc 24       	eor	r12, r12
    2466:	c3 94       	inc	r12
applyModeSelection():
    2468:	d6 16       	cp	r13, r22
    246a:	11 f0       	breq	.+4      	; 0x2470 <main+0x11b6>
main():
    246c:	cc 24       	eor	r12, r12
    246e:	ca 94       	dec	r12
applyModeSelection():
/Users/leyry/Documents/Electronique/Thermonuino/main/modules/console/console.ino:741
    const bool additiveReturn =
        previousMode == MODE_NORMAL &&
        lastModeBeforeNormal == mode &&
    2470:	81 30       	cpi	r24, 0x01	; 1
    2472:	d1 f4       	brne	.+52     	; 0x24a8 <main+0x11ee>
/Users/leyry/Documents/Electronique/Thermonuino/main/modules/console/console.ino:740
    enteredNormalAt = millis();
    plusMinusOffsetC = 0;
  } else if (mode == MODE_PLUS || mode == MODE_MOINS) {
    const int8_t direction = mode == MODE_PLUS ? MODE_DELTA_STEP_C : -MODE_DELTA_STEP_C;
    const bool additiveReturn =
        previousMode == MODE_NORMAL &&
    2474:	80 91 02 01 	lds	r24, 0x0102	; 0x800102 <lastModeBeforeNormal>
    2478:	d8 12       	cpse	r13, r24
    247a:	16 c0       	rjmp	.+44     	; 0x24a8 <main+0x11ee>
/Users/leyry/Documents/Electronique/Thermonuino/main/modules/console/console.ino:742
        lastModeBeforeNormal == mode &&
        (uint32_t)(millis() - enteredNormalAt) <= PLUS_MINUS_NORMAL_RETURN_MS;
    247c:	0e 94 8e 03 	call	0x71c	; 0x71c <millis>
    2480:	80 90 27 02 	lds	r8, 0x0227	; 0x800227 <enteredNormalAt>
    2484:	90 90 28 02 	lds	r9, 0x0228	; 0x800228 <enteredNormalAt+0x1>
    2488:	a0 90 29 02 	lds	r10, 0x0229	; 0x800229 <enteredNormalAt+0x2>
    248c:	b0 90 2a 02 	lds	r11, 0x022A	; 0x80022a <enteredNormalAt+0x3>
    2490:	68 19       	sub	r22, r8
    2492:	79 09       	sbc	r23, r9
    2494:	8a 09       	sbc	r24, r10
    2496:	9b 09       	sbc	r25, r11
/Users/leyry/Documents/Electronique/Thermonuino/main/modules/console/console.ino:741
    plusMinusOffsetC = 0;
  } else if (mode == MODE_PLUS || mode == MODE_MOINS) {
    const int8_t direction = mode == MODE_PLUS ? MODE_DELTA_STEP_C : -MODE_DELTA_STEP_C;
    const bool additiveReturn =
        previousMode == MODE_NORMAL &&
        lastModeBeforeNormal == mode &&
    2498:	69 3b       	cpi	r22, 0xB9	; 185
    249a:	7b 40       	sbci	r23, 0x0B	; 11
    249c:	81 05       	cpc	r24, r1
    249e:	91 05       	cpc	r25, r1
    24a0:	18 f4       	brcc	.+6      	; 0x24a8 <main+0x11ee>
/Users/leyry/Documents/Electronique/Thermonuino/main/modules/console/console.ino:744
        (uint32_t)(millis() - enteredNormalAt) <= PLUS_MINUS_NORMAL_RETURN_MS;
    if (additiveReturn) {
      plusMinusOffsetC += direction;
    24a2:	80 91 26 02 	lds	r24, 0x0226	; 0x800226 <plusMinusOffsetC>
    24a6:	c8 0e       	add	r12, r24
/Users/leyry/Documents/Electronique/Thermonuino/main/modules/console/console.ino:746
    } else {
      plusMinusOffsetC = direction;
    24a8:	c0 92 26 02 	sts	0x0226, r12	; 0x800226 <plusMinusOffsetC>
    24ac:	bd cc       	rjmp	.-1670   	; 0x1e28 <main+0xb6e>
/Users/leyry/Documents/Electronique/Thermonuino/main/modules/console/console.ino:749
    }
  } else {
    plusMinusOffsetC = 0;
    24ae:	10 92 26 02 	sts	0x0226, r1	; 0x800226 <plusMinusOffsetC>
/Users/leyry/Documents/Electronique/Thermonuino/main/modules/console/console.ino:752
  }

  if (mode == MODE_DOUCHE && previousMode != MODE_DOUCHE) {
    24b2:	f6 e0       	ldi	r31, 0x06	; 6
    24b4:	df 12       	cpse	r13, r31
    24b6:	b8 cc       	rjmp	.-1680   	; 0x1e28 <main+0xb6e>
    24b8:	86 30       	cpi	r24, 0x06	; 6
    24ba:	09 f4       	brne	.+2      	; 0x24be <main+0x1204>
    24bc:	b5 cc       	rjmp	.-1686   	; 0x1e28 <main+0xb6e>
/Users/leyry/Documents/Electronique/Thermonuino/main/modules/console/console.ino:753
    doucheUntil = millis() + DOUCHE_DURATION_MS;
    24be:	0e 94 8e 03 	call	0x71c	; 0x71c <millis>
    24c2:	60 5c       	subi	r22, 0xC0	; 192
    24c4:	78 48       	sbci	r23, 0x88	; 136
    24c6:	84 4e       	sbci	r24, 0xE4	; 228
    24c8:	9f 4f       	sbci	r25, 0xFF	; 255
    24ca:	60 93 22 02 	sts	0x0222, r22	; 0x800222 <doucheUntil>
    24ce:	70 93 23 02 	sts	0x0223, r23	; 0x800223 <doucheUntil+0x1>
    24d2:	80 93 24 02 	sts	0x0224, r24	; 0x800224 <doucheUntil+0x2>
    24d6:	90 93 25 02 	sts	0x0225, r25	; 0x800225 <doucheUntil+0x3>
    24da:	a6 cc       	rjmp	.-1716   	; 0x1e28 <main+0xb6e>
main():
/Users/leyry/Documents/Electronique/Thermonuino/main/modules/console/console.ino:808
}

uint32_t colorForZoneState(uint8_t zoneIndex) {
  const uint32_t phaseMs = millis() % 7000UL;
  if (zones[zoneIndex].sondeMissing) {
    return rgb(255, 0, 0);
    24dc:	40 e0       	ldi	r20, 0x00	; 0
    24de:	50 e0       	ldi	r21, 0x00	; 0
    24e0:	6f ef       	ldi	r22, 0xFF	; 255
    24e2:	70 e0       	ldi	r23, 0x00	; 0
renderHeatingStateLeds():
/Users/leyry/Documents/Electronique/Thermonuino/main/modules/console/console.ino:830
  return rgb(0, 0, 0);
}

void renderHeatingStateLeds() {
  for (uint8_t i = 0; i < PILOTE_ZONE_COUNT; i++) {
    setPixel(i, colorForZoneState(i));
    24e4:	8b 2d       	mov	r24, r11
    24e6:	0e 94 66 06 	call	0xccc	; 0xccc <setPixel(unsigned char, unsigned long)>
/Users/leyry/Documents/Electronique/Thermonuino/main/modules/console/console.ino:829
  }
  return rgb(0, 0, 0);
}

void renderHeatingStateLeds() {
  for (uint8_t i = 0; i < PILOTE_ZONE_COUNT; i++) {
    24ea:	b3 94       	inc	r11
    24ec:	f0 e1       	ldi	r31, 0x10	; 16
    24ee:	cf 0e       	add	r12, r31
    24f0:	d1 1c       	adc	r13, r1
    24f2:	54 e0       	ldi	r21, 0x04	; 4
    24f4:	85 2e       	mov	r8, r21
    24f6:	b8 10       	cpse	r11, r8
    24f8:	a4 cc       	rjmp	.-1720   	; 0x1e42 <main+0xb88>
colorForMode():
/Users/leyry/Documents/Electronique/Thermonuino/main/modules/console/console.ino:699
  recomputeZoneWorkloads();
  doucheWasActive = doucheActive();
}

uint32_t colorForMode(ModeValue mode) {
  switch (mode) {
    24fa:	80 91 81 02 	lds	r24, 0x0281	; 0x800281 <stableMode>
    24fe:	83 30       	cpi	r24, 0x03	; 3
    2500:	31 f1       	breq	.+76     	; 0x254e <main+0x1294>
    2502:	80 f4       	brcc	.+32     	; 0x2524 <main+0x126a>
    2504:	81 30       	cpi	r24, 0x01	; 1
    2506:	09 f4       	brne	.+2      	; 0x250a <main+0x1250>
    2508:	a8 c0       	rjmp	.+336    	; 0x265a <main+0x13a0>
    250a:	82 30       	cpi	r24, 0x02	; 2
    250c:	09 f4       	brne	.+2      	; 0x2510 <main+0x1256>
    250e:	9c c0       	rjmp	.+312    	; 0x2648 <main+0x138e>
main():
/Users/leyry/Documents/Electronique/Thermonuino/main/modules/console/console.ino:715
    case MODE_DOUCHE:
      return (millis() % 500UL) < 250UL ? rgb(255, 110, 0) : rgb(0, 255, 0);
    case MODE_INVALID:
    case MODE_NONE:
    default:
      return rgb(255, 255, 255);
    2510:	4f ef       	ldi	r20, 0xFF	; 255
    2512:	5f ef       	ldi	r21, 0xFF	; 255
    2514:	6f ef       	ldi	r22, 0xFF	; 255
    2516:	70 e0       	ldi	r23, 0x00	; 0
    2518:	1e c0       	rjmp	.+60     	; 0x2556 <main+0x129c>
/Users/leyry/Documents/Electronique/Thermonuino/main/modules/console/console.ino:811
  const uint32_t phaseMs = millis() % 7000UL;
  if (zones[zoneIndex].sondeMissing) {
    return rgb(255, 0, 0);
  }
  if (zones[zoneIndex].doorMissing) {
    return rgb(140, 0, 255);
    251a:	4f ef       	ldi	r20, 0xFF	; 255
    251c:	50 e0       	ldi	r21, 0x00	; 0
    251e:	6c e8       	ldi	r22, 0x8C	; 140
    2520:	70 e0       	ldi	r23, 0x00	; 0
    2522:	e0 cf       	rjmp	.-64     	; 0x24e4 <main+0x122a>
colorForMode():
/Users/leyry/Documents/Electronique/Thermonuino/main/modules/console/console.ino:699
  recomputeZoneWorkloads();
  doucheWasActive = doucheActive();
}

uint32_t colorForMode(ModeValue mode) {
  switch (mode) {
    2524:	85 30       	cpi	r24, 0x05	; 5
    2526:	09 f4       	brne	.+2      	; 0x252a <main+0x1270>
    2528:	94 c0       	rjmp	.+296    	; 0x2652 <main+0x1398>
    252a:	08 f4       	brcc	.+2      	; 0x252e <main+0x1274>
    252c:	80 c0       	rjmp	.+256    	; 0x262e <main+0x1374>
    252e:	86 30       	cpi	r24, 0x06	; 6
    2530:	79 f7       	brne	.-34     	; 0x2510 <main+0x1256>
/Users/leyry/Documents/Electronique/Thermonuino/main/modules/console/console.ino:711
    case MODE_VACANCES:
      return (millis() % 10000UL) < 1000UL ? rgb(0, 80, 255) : rgb(0, 0, 0);
    case MODE_STOP:
      return rgb(0, 0, 0);
    case MODE_DOUCHE:
      return (millis() % 500UL) < 250UL ? rgb(255, 110, 0) : rgb(0, 255, 0);
    2532:	0e 94 8e 03 	call	0x71c	; 0x71c <millis>
    2536:	24 ef       	ldi	r18, 0xF4	; 244
    2538:	31 e0       	ldi	r19, 0x01	; 1
    253a:	40 e0       	ldi	r20, 0x00	; 0
    253c:	50 e0       	ldi	r21, 0x00	; 0
    253e:	0e 94 0a 14 	call	0x2814	; 0x2814 <__udivmodsi4>
    2542:	6a 3f       	cpi	r22, 0xFA	; 250
    2544:	71 05       	cpc	r23, r1
    2546:	81 05       	cpc	r24, r1
    2548:	91 05       	cpc	r25, r1
    254a:	08 f0       	brcs	.+2      	; 0x254e <main+0x1294>
    254c:	86 c0       	rjmp	.+268    	; 0x265a <main+0x13a0>
main():
    254e:	40 e0       	ldi	r20, 0x00	; 0
    2550:	5e e6       	ldi	r21, 0x6E	; 110
    2552:	6f ef       	ldi	r22, 0xFF	; 255
    2554:	70 e0       	ldi	r23, 0x00	; 0
loop():
/Users/leyry/Documents/Electronique/Thermonuino/main/modules/console/console.ino:956
  savePendingAssociationIfDue();

  refreshTimedModeEffects();
  updateModeInput();
  renderHeatingStateLeds();
  setPixel(LED_MODE, colorForMode(stableMode));
    2556:	85 e0       	ldi	r24, 0x05	; 5
    2558:	0e 94 66 06 	call	0xccc	; 0xccc <setPixel(unsigned char, unsigned long)>
centerTestColor():
/Users/leyry/Documents/Electronique/Thermonuino/main/modules/console/console.ino:206
    setPixel(i, rgb(0, 0, 0));
  }
}

uint32_t centerTestColor() {
  switch (centerColorIndex % 6) {
    255c:	80 91 70 02 	lds	r24, 0x0270	; 0x800270 <centerColorIndex>
    2560:	66 e0       	ldi	r22, 0x06	; 6
    2562:	0e 94 ea 13 	call	0x27d4	; 0x27d4 <__udivmodqi4>
    2566:	4f ef       	ldi	r20, 0xFF	; 255
    2568:	50 e0       	ldi	r21, 0x00	; 0
    256a:	6c e8       	ldi	r22, 0x8C	; 140
    256c:	70 e0       	ldi	r23, 0x00	; 0
    256e:	95 30       	cpi	r25, 0x05	; 5
    2570:	79 f0       	breq	.+30     	; 0x2590 <main+0x12d6>
    2572:	89 2f       	mov	r24, r25
    2574:	90 e0       	ldi	r25, 0x00	; 0
    2576:	fc 01       	movw	r30, r24
    2578:	ee 0f       	add	r30, r30
    257a:	ff 1f       	adc	r31, r31
    257c:	e8 0f       	add	r30, r24
    257e:	f9 1f       	adc	r31, r25
    2580:	ee 5d       	subi	r30, 0xDE	; 222
    2582:	fe 4f       	sbci	r31, 0xFE	; 254
    2584:	80 81       	ld	r24, Z
    2586:	91 81       	ldd	r25, Z+1	; 0x01
    2588:	a2 81       	ldd	r26, Z+2	; 0x02
    258a:	ac 01       	movw	r20, r24
    258c:	6a 2f       	mov	r22, r26
    258e:	70 e0       	ldi	r23, 0x00	; 0
loop():
/Users/leyry/Documents/Electronique/Thermonuino/main/modules/console/console.ino:957

  refreshTimedModeEffects();
  updateModeInput();
  renderHeatingStateLeds();
  setPixel(LED_MODE, colorForMode(stableMode));
  setPixel(LED_CENTRE, centerTestColor());
    2590:	84 e0       	ldi	r24, 0x04	; 4
    2592:	0e 94 66 06 	call	0xccc	; 0xccc <setPixel(unsigned char, unsigned long)>
updateRfReceivedBlink():
/Users/leyry/Documents/Electronique/Thermonuino/main/modules/console/console.ino:628
  rfBlinkColor = deviceType == ThermioRfFrame::DeviceDoor ? rgb(140, 0, 255) : rgb(255, 0, 0);
  nextRfBlinkAt = 0;
}

void updateRfReceivedBlink() {
  if (!rfBlinkActive || (int32_t)(millis() - nextRfBlinkAt) < 0) {
    2596:	80 91 7a 02 	lds	r24, 0x027A	; 0x80027a <rfBlinkActive>
    259a:	88 23       	and	r24, r24
    259c:	d1 f0       	breq	.+52     	; 0x25d2 <main+0x1318>
    259e:	0e 94 8e 03 	call	0x71c	; 0x71c <millis>
    25a2:	40 90 76 02 	lds	r4, 0x0276	; 0x800276 <nextRfBlinkAt>
    25a6:	50 90 77 02 	lds	r5, 0x0277	; 0x800277 <nextRfBlinkAt+0x1>
    25aa:	60 90 78 02 	lds	r6, 0x0278	; 0x800278 <nextRfBlinkAt+0x2>
    25ae:	70 90 79 02 	lds	r7, 0x0279	; 0x800279 <nextRfBlinkAt+0x3>
    25b2:	64 19       	sub	r22, r4
    25b4:	75 09       	sbc	r23, r5
    25b6:	86 09       	sbc	r24, r6
    25b8:	97 09       	sbc	r25, r7
    25ba:	97 fd       	sbrc	r25, 7
    25bc:	0a c0       	rjmp	.+20     	; 0x25d2 <main+0x1318>
/Users/leyry/Documents/Electronique/Thermonuino/main/modules/console/console.ino:631
    return;
  }
  if (rfBlinkStep >= 6) {
    25be:	d0 90 75 02 	lds	r13, 0x0275	; 0x800275 <rfBlinkStep>
    25c2:	35 e0       	ldi	r19, 0x05	; 5
    25c4:	3d 15       	cp	r19, r13
    25c6:	08 f0       	brcs	.+2      	; 0x25ca <main+0x1310>
    25c8:	4d c0       	rjmp	.+154    	; 0x2664 <main+0x13aa>
/Users/leyry/Documents/Electronique/Thermonuino/main/modules/console/console.ino:632
    rfBlinkActive = false;
    25ca:	10 92 7a 02 	sts	0x027A, r1	; 0x80027a <rfBlinkActive>
/Users/leyry/Documents/Electronique/Thermonuino/main/modules/console/console.ino:633
    clearAllLeds();
    25ce:	0e 94 dc 06 	call	0xdb8	; 0xdb8 <clearAllLeds()>
updateAssociationLeds():
/Users/leyry/Documents/Electronique/Thermonuino/main/modules/console/console.ino:645
  rfBlinkStep++;
  nextRfBlinkAt = millis() + 100;
}

void updateAssociationLeds() {
  if (associationConfirmActive) {
    25d2:	80 91 80 02 	lds	r24, 0x0280	; 0x800280 <associationConfirmActive>
    25d6:	88 23       	and	r24, r24
    25d8:	09 f4       	brne	.+2      	; 0x25dc <main+0x1322>
    25da:	7f c0       	rjmp	.+254    	; 0x26da <main+0x1420>
/Users/leyry/Documents/Electronique/Thermonuino/main/modules/console/console.ino:646
    if ((int32_t)(millis() - associationConfirmUntil) >= 0) {
    25dc:	0e 94 8e 03 	call	0x71c	; 0x71c <millis>
    25e0:	40 90 7c 02 	lds	r4, 0x027C	; 0x80027c <associationConfirmUntil>
    25e4:	50 90 7d 02 	lds	r5, 0x027D	; 0x80027d <associationConfirmUntil+0x1>
    25e8:	60 90 7e 02 	lds	r6, 0x027E	; 0x80027e <associationConfirmUntil+0x2>
    25ec:	70 90 7f 02 	lds	r7, 0x027F	; 0x80027f <associationConfirmUntil+0x3>
    25f0:	64 19       	sub	r22, r4
    25f2:	75 09       	sbc	r23, r5
    25f4:	86 09       	sbc	r24, r6
    25f6:	97 09       	sbc	r25, r7
    25f8:	97 fd       	sbrc	r25, 7
    25fa:	5e c0       	rjmp	.+188    	; 0x26b8 <main+0x13fe>
/Users/leyry/Documents/Electronique/Thermonuino/main/modules/console/console.ino:647
      associationConfirmActive = false;
    25fc:	10 92 80 02 	sts	0x0280, r1	; 0x800280 <associationConfirmActive>
/Users/leyry/Documents/Electronique/Thermonuino/main/modules/console/console.ino:648
      clearAllLeds();
    2600:	0e 94 dc 06 	call	0xdb8	; 0xdb8 <clearAllLeds()>
loop():
/Users/leyry/Documents/Electronique/Thermonuino/main/modules/console/console.ino:960
  renderHeatingStateLeds();
  setPixel(LED_MODE, colorForMode(stableMode));
  setPixel(LED_CENTRE, centerTestColor());
  updateRfReceivedBlink();
  updateAssociationLeds();
  leds.show();
    2604:	0e 94 ac 01 	call	0x358	; 0x358 <Adafruit_NeoPixel::show() [clone .constprop.26]>
/Users/leyry/Documents/Electronique/Thermonuino/main/modules/console/console.ino:961
  delay(10);
    2608:	6a e0       	ldi	r22, 0x0A	; 10
    260a:	70 e0       	ldi	r23, 0x00	; 0
    260c:	80 e0       	ldi	r24, 0x00	; 0
    260e:	90 e0       	ldi	r25, 0x00	; 0
    2610:	0e 94 5c 03 	call	0x6b8	; 0x6b8 <delay>
serialEventRun():
/Users/leyry/Library/Arduino15/packages/MiniCore/hardware/avr/3.1.1/cores/MCUdude_corefiles/HardwareSerial.cpp:67
#endif

void serialEventRun(void)
{
#if defined(HAVE_HWSERIAL0)
  if (Serial0_available && serialEvent && Serial0_available()) serialEvent();
    2614:	80 e0       	ldi	r24, 0x00	; 0
    2616:	90 e0       	ldi	r25, 0x00	; 0
    2618:	89 2b       	or	r24, r25
    261a:	09 f4       	brne	.+2      	; 0x261e <main+0x1364>
    261c:	9b c9       	rjmp	.-3274   	; 0x1954 <main+0x69a>
    261e:	0e 94 25 04 	call	0x84a	; 0x84a <Serial0_available()>
    2622:	88 23       	and	r24, r24
    2624:	09 f4       	brne	.+2      	; 0x2628 <main+0x136e>
    2626:	96 c9       	rjmp	.-3284   	; 0x1954 <main+0x69a>
    2628:	0e 94 00 00 	call	0	; 0x0 <__vectors>
    262c:	93 c9       	rjmp	.-3290   	; 0x1954 <main+0x69a>
colorForMode():
/Users/leyry/Documents/Electronique/Thermonuino/main/modules/console/console.ino:707
    case MODE_MOINS:
      return rgb(0, 80, 255);
    case MODE_PLUS:
      return rgb(255, 110, 0);
    case MODE_VACANCES:
      return (millis() % 10000UL) < 1000UL ? rgb(0, 80, 255) : rgb(0, 0, 0);
    262e:	0e 94 8e 03 	call	0x71c	; 0x71c <millis>
    2632:	20 e1       	ldi	r18, 0x10	; 16
    2634:	37 e2       	ldi	r19, 0x27	; 39
    2636:	40 e0       	ldi	r20, 0x00	; 0
    2638:	50 e0       	ldi	r21, 0x00	; 0
    263a:	0e 94 0a 14 	call	0x2814	; 0x2814 <__udivmodsi4>
    263e:	68 3e       	cpi	r22, 0xE8	; 232
    2640:	73 40       	sbci	r23, 0x03	; 3
    2642:	81 05       	cpc	r24, r1
    2644:	91 05       	cpc	r25, r1
    2646:	28 f4       	brcc	.+10     	; 0x2652 <main+0x1398>
main():
/Users/leyry/Documents/Electronique/Thermonuino/main/modules/console/console.ino:703
uint32_t colorForMode(ModeValue mode) {
  switch (mode) {
    case MODE_NORMAL:
      return rgb(0, 255, 0);
    case MODE_MOINS:
      return rgb(0, 80, 255);
    2648:	4f ef       	ldi	r20, 0xFF	; 255
    264a:	50 e5       	ldi	r21, 0x50	; 80
    264c:	60 e0       	ldi	r22, 0x00	; 0
    264e:	70 e0       	ldi	r23, 0x00	; 0
    2650:	82 cf       	rjmp	.-252    	; 0x2556 <main+0x129c>
/Users/leyry/Documents/Electronique/Thermonuino/main/modules/console/console.ino:707
    case MODE_PLUS:
      return rgb(255, 110, 0);
    case MODE_VACANCES:
      return (millis() % 10000UL) < 1000UL ? rgb(0, 80, 255) : rgb(0, 0, 0);
    2652:	40 e0       	ldi	r20, 0x00	; 0
    2654:	50 e0       	ldi	r21, 0x00	; 0
    2656:	ba 01       	movw	r22, r20
    2658:	7e cf       	rjmp	.-260    	; 0x2556 <main+0x129c>
/Users/leyry/Documents/Electronique/Thermonuino/main/modules/console/console.ino:711
    case MODE_STOP:
      return rgb(0, 0, 0);
    case MODE_DOUCHE:
      return (millis() % 500UL) < 250UL ? rgb(255, 110, 0) : rgb(0, 255, 0);
    265a:	40 e0       	ldi	r20, 0x00	; 0
    265c:	5f ef       	ldi	r21, 0xFF	; 255
    265e:	60 e0       	ldi	r22, 0x00	; 0
    2660:	70 e0       	ldi	r23, 0x00	; 0
    2662:	79 cf       	rjmp	.-270    	; 0x2556 <main+0x129c>
updateRfReceivedBlink():
/Users/leyry/Documents/Electronique/Thermonuino/main/modules/console/console.ino:638
    clearAllLeds();
    return;
  }

  const bool ledOn = (rfBlinkStep % 2) == 0;
  clearAllLeds();
    2664:	0e 94 dc 06 	call	0xdb8	; 0xdb8 <clearAllLeds()>
main():
/Users/leyry/Documents/Electronique/Thermonuino/main/modules/console/console.ino:639
  setPixel(ledForZone(rfBlinkZone), ledOn ? rfBlinkColor : rgb(0, 0, 0));
    2668:	40 e0       	ldi	r20, 0x00	; 0
    266a:	50 e0       	ldi	r21, 0x00	; 0
    266c:	ba 01       	movw	r22, r20
updateRfReceivedBlink():
    266e:	d0 fc       	sbrc	r13, 0
    2670:	08 c0       	rjmp	.+16     	; 0x2682 <main+0x13c8>
    2672:	40 91 71 02 	lds	r20, 0x0271	; 0x800271 <rfBlinkColor>
    2676:	50 91 72 02 	lds	r21, 0x0272	; 0x800272 <rfBlinkColor+0x1>
    267a:	60 91 73 02 	lds	r22, 0x0273	; 0x800273 <rfBlinkColor+0x2>
    267e:	70 91 74 02 	lds	r23, 0x0274	; 0x800274 <rfBlinkColor+0x3>
    2682:	80 91 03 01 	lds	r24, 0x0103	; 0x800103 <rfBlinkZone>
ledForZone():
/Users/leyry/Documents/Electronique/Thermonuino/main/modules/console/console.ino:223
      return rgb(140, 0, 255);
  }
}

uint8_t ledForZone(uint8_t zone) {
  return zone == RF_OUTSIDE_ZONE ? LED_CENTRE : zone - 1;
    2686:	85 30       	cpi	r24, 0x05	; 5
    2688:	a9 f0       	breq	.+42     	; 0x26b4 <main+0x13fa>
    268a:	81 50       	subi	r24, 0x01	; 1
updateRfReceivedBlink():
/Users/leyry/Documents/Electronique/Thermonuino/main/modules/console/console.ino:639
    return;
  }

  const bool ledOn = (rfBlinkStep % 2) == 0;
  clearAllLeds();
  setPixel(ledForZone(rfBlinkZone), ledOn ? rfBlinkColor : rgb(0, 0, 0));
    268c:	0e 94 66 06 	call	0xccc	; 0xccc <setPixel(unsigned char, unsigned long)>
/Users/leyry/Documents/Electronique/Thermonuino/main/modules/console/console.ino:640
  rfBlinkStep++;
    2690:	d3 94       	inc	r13
    2692:	d0 92 75 02 	sts	0x0275, r13	; 0x800275 <rfBlinkStep>
/Users/leyry/Documents/Electronique/Thermonuino/main/modules/console/console.ino:641
  nextRfBlinkAt = millis() + 100;
    2696:	0e 94 8e 03 	call	0x71c	; 0x71c <millis>
    269a:	6c 59       	subi	r22, 0x9C	; 156
    269c:	7f 4f       	sbci	r23, 0xFF	; 255
    269e:	8f 4f       	sbci	r24, 0xFF	; 255
    26a0:	9f 4f       	sbci	r25, 0xFF	; 255
    26a2:	60 93 76 02 	sts	0x0276, r22	; 0x800276 <nextRfBlinkAt>
    26a6:	70 93 77 02 	sts	0x0277, r23	; 0x800277 <nextRfBlinkAt+0x1>
    26aa:	80 93 78 02 	sts	0x0278, r24	; 0x800278 <nextRfBlinkAt+0x2>
    26ae:	90 93 79 02 	sts	0x0279, r25	; 0x800279 <nextRfBlinkAt+0x3>
    26b2:	8f cf       	rjmp	.-226    	; 0x25d2 <main+0x1318>
main():
/Users/leyry/Documents/Electronique/Thermonuino/main/modules/console/console.ino:223
      return rgb(140, 0, 255);
  }
}

uint8_t ledForZone(uint8_t zone) {
  return zone == RF_OUTSIDE_ZONE ? LED_CENTRE : zone - 1;
    26b4:	84 e0       	ldi	r24, 0x04	; 4
    26b6:	ea cf       	rjmp	.-44     	; 0x268c <main+0x13d2>
updateAssociationLeds():
/Users/leyry/Documents/Electronique/Thermonuino/main/modules/console/console.ino:652
      associationConfirmActive = false;
      clearAllLeds();
      return;
    }

    clearAllLeds();
    26b8:	0e 94 dc 06 	call	0xdb8	; 0xdb8 <clearAllLeds()>
/Users/leyry/Documents/Electronique/Thermonuino/main/modules/console/console.ino:653
    setPixel(ledForZone(associationConfirmZone), rgb(255, 0, 120));
    26bc:	80 91 04 01 	lds	r24, 0x0104	; 0x800104 <associationConfirmZone>
ledForZone():
/Users/leyry/Documents/Electronique/Thermonuino/main/modules/console/console.ino:223
      return rgb(140, 0, 255);
  }
}

uint8_t ledForZone(uint8_t zone) {
  return zone == RF_OUTSIDE_ZONE ? LED_CENTRE : zone - 1;
    26c0:	85 30       	cpi	r24, 0x05	; 5
    26c2:	19 f0       	breq	.+6      	; 0x26ca <main+0x1410>
    26c4:	bb 24       	eor	r11, r11
    26c6:	ba 94       	dec	r11
    26c8:	b8 0e       	add	r11, r24
updateAssociationLeds():
/Users/leyry/Documents/Electronique/Thermonuino/main/modules/console/console.ino:653
      clearAllLeds();
      return;
    }

    clearAllLeds();
    setPixel(ledForZone(associationConfirmZone), rgb(255, 0, 120));
    26ca:	48 e7       	ldi	r20, 0x78	; 120
    26cc:	50 e0       	ldi	r21, 0x00	; 0
    26ce:	6f ef       	ldi	r22, 0xFF	; 255
    26d0:	70 e0       	ldi	r23, 0x00	; 0
    26d2:	8b 2d       	mov	r24, r11
    26d4:	0e 94 66 06 	call	0xccc	; 0xccc <setPixel(unsigned char, unsigned long)>
    26d8:	95 cf       	rjmp	.-214    	; 0x2604 <main+0x134a>
/Users/leyry/Documents/Electronique/Thermonuino/main/modules/console/console.ino:657
    return;
  }

  if (!associationActive) {
    26da:	80 91 7b 02 	lds	r24, 0x027B	; 0x80027b <associationActive>
    26de:	88 23       	and	r24, r24
    26e0:	09 f4       	brne	.+2      	; 0x26e4 <main+0x142a>
    26e2:	90 cf       	rjmp	.-224    	; 0x2604 <main+0x134a>
/Users/leyry/Documents/Electronique/Thermonuino/main/modules/console/console.ino:661
    return;
  }

  const bool blinkOn = (millis() % 500) < 250;
    26e4:	0e 94 8e 03 	call	0x71c	; 0x71c <millis>
    26e8:	24 ef       	ldi	r18, 0xF4	; 244
    26ea:	31 e0       	ldi	r19, 0x01	; 1
    26ec:	40 e0       	ldi	r20, 0x00	; 0
    26ee:	50 e0       	ldi	r21, 0x00	; 0
    26f0:	0e 94 0a 14 	call	0x2814	; 0x2814 <__udivmodsi4>
    26f4:	4b 01       	movw	r8, r22
    26f6:	5c 01       	movw	r10, r24
main():
/Users/leyry/Documents/Electronique/Thermonuino/main/modules/console/console.ino:662
  for (uint8_t zone = 1; zone <= RF_ASSOC_ZONE_COUNT; zone++) {
    26f8:	dd 24       	eor	r13, r13
    26fa:	d3 94       	inc	r13
updateAssociationLeds():
/Users/leyry/Documents/Electronique/Thermonuino/main/modules/console/console.ino:663
    setPixel(ledForZone(zone), zone == associationZone && blinkOn ? rgb(255, 0, 120) : rgb(0, 0, 0));
    26fc:	80 91 05 01 	lds	r24, 0x0105	; 0x800105 <associationZone>
    2700:	8d 11       	cpse	r24, r13
    2702:	16 c0       	rjmp	.+44     	; 0x2730 <main+0x1476>
    2704:	4a ef       	ldi	r20, 0xFA	; 250
    2706:	84 16       	cp	r8, r20
    2708:	91 04       	cpc	r9, r1
    270a:	a1 04       	cpc	r10, r1
    270c:	b1 04       	cpc	r11, r1
    270e:	80 f4       	brcc	.+32     	; 0x2730 <main+0x1476>
main():
    2710:	48 e7       	ldi	r20, 0x78	; 120
    2712:	50 e0       	ldi	r21, 0x00	; 0
    2714:	6f ef       	ldi	r22, 0xFF	; 255
    2716:	70 e0       	ldi	r23, 0x00	; 0
ledForZone():
/Users/leyry/Documents/Electronique/Thermonuino/main/modules/console/console.ino:223
      return rgb(140, 0, 255);
  }
}

uint8_t ledForZone(uint8_t zone) {
  return zone == RF_OUTSIDE_ZONE ? LED_CENTRE : zone - 1;
    2718:	85 e0       	ldi	r24, 0x05	; 5
    271a:	d8 16       	cp	r13, r24
    271c:	69 f0       	breq	.+26     	; 0x2738 <main+0x147e>
    271e:	8f ef       	ldi	r24, 0xFF	; 255
    2720:	8d 0d       	add	r24, r13
updateAssociationLeds():
/Users/leyry/Documents/Electronique/Thermonuino/main/modules/console/console.ino:663
    return;
  }

  const bool blinkOn = (millis() % 500) < 250;
  for (uint8_t zone = 1; zone <= RF_ASSOC_ZONE_COUNT; zone++) {
    setPixel(ledForZone(zone), zone == associationZone && blinkOn ? rgb(255, 0, 120) : rgb(0, 0, 0));
    2722:	0e 94 66 06 	call	0xccc	; 0xccc <setPixel(unsigned char, unsigned long)>
/Users/leyry/Documents/Electronique/Thermonuino/main/modules/console/console.ino:662
  if (!associationActive) {
    return;
  }

  const bool blinkOn = (millis() % 500) < 250;
  for (uint8_t zone = 1; zone <= RF_ASSOC_ZONE_COUNT; zone++) {
    2726:	d3 94       	inc	r13
    2728:	96 e0       	ldi	r25, 0x06	; 6
    272a:	d9 12       	cpse	r13, r25
    272c:	e7 cf       	rjmp	.-50     	; 0x26fc <main+0x1442>
    272e:	6a cf       	rjmp	.-300    	; 0x2604 <main+0x134a>
main():
/Users/leyry/Documents/Electronique/Thermonuino/main/modules/console/console.ino:663
    setPixel(ledForZone(zone), zone == associationZone && blinkOn ? rgb(255, 0, 120) : rgb(0, 0, 0));
    2730:	40 e0       	ldi	r20, 0x00	; 0
    2732:	50 e0       	ldi	r21, 0x00	; 0
    2734:	ba 01       	movw	r22, r20
    2736:	f0 cf       	rjmp	.-32     	; 0x2718 <main+0x145e>
/Users/leyry/Documents/Electronique/Thermonuino/main/modules/console/console.ino:223
      return rgb(140, 0, 255);
  }
}

uint8_t ledForZone(uint8_t zone) {
  return zone == RF_OUTSIDE_ZONE ? LED_CENTRE : zone - 1;
    2738:	84 e0       	ldi	r24, 0x04	; 4
    273a:	f3 cf       	rjmp	.-26     	; 0x2722 <main+0x1468>

0000273c <_GLOBAL__sub_D_rfPins>:
_GLOBAL__sub_D_rfPins():
/Users/leyry/Documents/Arduino/libraries/Adafruit_NeoPixel/Adafruit_NeoPixel.cpp:120

/*!
  @brief   Deallocate Adafruit_NeoPixel object, set data pin back to INPUT.
*/
Adafruit_NeoPixel::~Adafruit_NeoPixel() {
  free(pixels);
    273c:	80 91 38 03 	lds	r24, 0x0338	; 0x800338 <leds+0x9>
    2740:	90 91 39 03 	lds	r25, 0x0339	; 0x800339 <leds+0xa>
    2744:	0e 94 dd 14 	call	0x29ba	; 0x29ba <free>
/Users/leyry/Documents/Arduino/libraries/Adafruit_NeoPixel/Adafruit_NeoPixel.cpp:121
  if (pin >= 0)
    2748:	80 91 35 03 	lds	r24, 0x0335	; 0x800335 <leds+0x6>
    274c:	90 91 36 03 	lds	r25, 0x0336	; 0x800336 <leds+0x7>
    2750:	97 fd       	sbrc	r25, 7
    2752:	03 c0       	rjmp	.+6      	; 0x275a <_GLOBAL__sub_D_rfPins+0x1e>
/Users/leyry/Documents/Arduino/libraries/Adafruit_NeoPixel/Adafruit_NeoPixel.cpp:122
    pinMode(pin, INPUT);
    2754:	60 e0       	ldi	r22, 0x00	; 0
    2756:	0c 94 4e 01 	jmp	0x29c	; 0x29c <pinMode>
/Users/leyry/Documents/Electronique/Thermonuino/main/modules/console/console.ino:962
  setPixel(LED_CENTRE, centerTestColor());
  updateRfReceivedBlink();
  updateAssociationLeds();
  leds.show();
  delay(10);
}
    275a:	08 95       	ret

0000275c <atoi>:
atoi():
    275c:	fc 01       	movw	r30, r24
    275e:	88 27       	eor	r24, r24
    2760:	99 27       	eor	r25, r25
    2762:	e8 94       	clt
    2764:	21 91       	ld	r18, Z+
    2766:	20 32       	cpi	r18, 0x20	; 32
    2768:	e9 f3       	breq	.-6      	; 0x2764 <atoi+0x8>
    276a:	29 30       	cpi	r18, 0x09	; 9
    276c:	10 f0       	brcs	.+4      	; 0x2772 <atoi+0x16>
    276e:	2e 30       	cpi	r18, 0x0E	; 14
    2770:	c8 f3       	brcs	.-14     	; 0x2764 <atoi+0x8>
    2772:	2b 32       	cpi	r18, 0x2B	; 43
    2774:	41 f0       	breq	.+16     	; 0x2786 <atoi+0x2a>
    2776:	2d 32       	cpi	r18, 0x2D	; 45
    2778:	39 f4       	brne	.+14     	; 0x2788 <atoi+0x2c>
    277a:	68 94       	set
    277c:	04 c0       	rjmp	.+8      	; 0x2786 <atoi+0x2a>
    277e:	0e 94 cc 13 	call	0x2798	; 0x2798 <__mulhi_const_10>
    2782:	82 0f       	add	r24, r18
    2784:	91 1d       	adc	r25, r1
    2786:	21 91       	ld	r18, Z+
    2788:	20 53       	subi	r18, 0x30	; 48
    278a:	2a 30       	cpi	r18, 0x0A	; 10
    278c:	c0 f3       	brcs	.-16     	; 0x277e <atoi+0x22>
    278e:	1e f4       	brtc	.+6      	; 0x2796 <atoi+0x3a>
    2790:	90 95       	com	r25
    2792:	81 95       	neg	r24
    2794:	9f 4f       	sbci	r25, 0xFF	; 255
    2796:	08 95       	ret

00002798 <__mulhi_const_10>:
__mulhi_const_10():
    2798:	7a e0       	ldi	r23, 0x0A	; 10
    279a:	97 9f       	mul	r25, r23
    279c:	90 2d       	mov	r25, r0
    279e:	87 9f       	mul	r24, r23
    27a0:	80 2d       	mov	r24, r0
    27a2:	91 0d       	add	r25, r1
    27a4:	11 24       	eor	r1, r1
    27a6:	08 95       	ret

000027a8 <eeprom_read_byte>:
eeprom_read_byte():
    27a8:	f9 99       	sbic	0x1f, 1	; 31
    27aa:	fe cf       	rjmp	.-4      	; 0x27a8 <eeprom_read_byte>
    27ac:	92 bd       	out	0x22, r25	; 34
    27ae:	81 bd       	out	0x21, r24	; 33
    27b0:	f8 9a       	sbi	0x1f, 0	; 31
    27b2:	99 27       	eor	r25, r25
    27b4:	80 b5       	in	r24, 0x20	; 32
    27b6:	08 95       	ret

000027b8 <eeprom_write_byte>:
eeprom_write_byte():
    27b8:	26 2f       	mov	r18, r22

000027ba <eeprom_write_r18>:
    27ba:	f9 99       	sbic	0x1f, 1	; 31
    27bc:	fe cf       	rjmp	.-4      	; 0x27ba <eeprom_write_r18>
    27be:	1f ba       	out	0x1f, r1	; 31
    27c0:	92 bd       	out	0x22, r25	; 34
    27c2:	81 bd       	out	0x21, r24	; 33
    27c4:	20 bd       	out	0x20, r18	; 32
    27c6:	0f b6       	in	r0, 0x3f	; 63
    27c8:	f8 94       	cli
    27ca:	fa 9a       	sbi	0x1f, 2	; 31
    27cc:	f9 9a       	sbi	0x1f, 1	; 31
    27ce:	0f be       	out	0x3f, r0	; 63
    27d0:	01 96       	adiw	r24, 0x01	; 1
    27d2:	08 95       	ret

000027d4 <__udivmodqi4>:
__udivmodqi4():
/Users/jenkins/jenkins/workspace/avr-gcc-staging/label/mac-mini/gcc-build/avr/avr5/libgcc/../../../../gcc/libgcc/config/avr/lib1funcs.S:1346
    27d4:	99 1b       	sub	r25, r25
/Users/jenkins/jenkins/workspace/avr-gcc-staging/label/mac-mini/gcc-build/avr/avr5/libgcc/../../../../gcc/libgcc/config/avr/lib1funcs.S:1347
    27d6:	79 e0       	ldi	r23, 0x09	; 9
/Users/jenkins/jenkins/workspace/avr-gcc-staging/label/mac-mini/gcc-build/avr/avr5/libgcc/../../../../gcc/libgcc/config/avr/lib1funcs.S:1348
    27d8:	04 c0       	rjmp	.+8      	; 0x27e2 <__udivmodqi4_ep>

000027da <__udivmodqi4_loop>:
/Users/jenkins/jenkins/workspace/avr-gcc-staging/label/mac-mini/gcc-build/avr/avr5/libgcc/../../../../gcc/libgcc/config/avr/lib1funcs.S:1350
    27da:	99 1f       	adc	r25, r25
/Users/jenkins/jenkins/workspace/avr-gcc-staging/label/mac-mini/gcc-build/avr/avr5/libgcc/../../../../gcc/libgcc/config/avr/lib1funcs.S:1351
    27dc:	96 17       	cp	r25, r22
/Users/jenkins/jenkins/workspace/avr-gcc-staging/label/mac-mini/gcc-build/avr/avr5/libgcc/../../../../gcc/libgcc/config/avr/lib1funcs.S:1352
    27de:	08 f0       	brcs	.+2      	; 0x27e2 <__udivmodqi4_ep>
/Users/jenkins/jenkins/workspace/avr-gcc-staging/label/mac-mini/gcc-build/avr/avr5/libgcc/../../../../gcc/libgcc/config/avr/lib1funcs.S:1353
    27e0:	96 1b       	sub	r25, r22

000027e2 <__udivmodqi4_ep>:
/Users/jenkins/jenkins/workspace/avr-gcc-staging/label/mac-mini/gcc-build/avr/avr5/libgcc/../../../../gcc/libgcc/config/avr/lib1funcs.S:1355
    27e2:	88 1f       	adc	r24, r24
/Users/jenkins/jenkins/workspace/avr-gcc-staging/label/mac-mini/gcc-build/avr/avr5/libgcc/../../../../gcc/libgcc/config/avr/lib1funcs.S:1356
    27e4:	7a 95       	dec	r23
/Users/jenkins/jenkins/workspace/avr-gcc-staging/label/mac-mini/gcc-build/avr/avr5/libgcc/../../../../gcc/libgcc/config/avr/lib1funcs.S:1357
    27e6:	c9 f7       	brne	.-14     	; 0x27da <__udivmodqi4_loop>
/Users/jenkins/jenkins/workspace/avr-gcc-staging/label/mac-mini/gcc-build/avr/avr5/libgcc/../../../../gcc/libgcc/config/avr/lib1funcs.S:1358
    27e8:	80 95       	com	r24
/Users/jenkins/jenkins/workspace/avr-gcc-staging/label/mac-mini/gcc-build/avr/avr5/libgcc/../../../../gcc/libgcc/config/avr/lib1funcs.S:1360
    27ea:	08 95       	ret

000027ec <__udivmodhi4>:
__udivmodhi4():
/Users/jenkins/jenkins/workspace/avr-gcc-staging/label/mac-mini/gcc-build/avr/avr5/libgcc/../../../../gcc/libgcc/config/avr/lib1funcs.S:1408
    27ec:	aa 1b       	sub	r26, r26
/Users/jenkins/jenkins/workspace/avr-gcc-staging/label/mac-mini/gcc-build/avr/avr5/libgcc/../../../../gcc/libgcc/config/avr/lib1funcs.S:1409
    27ee:	bb 1b       	sub	r27, r27
/Users/jenkins/jenkins/workspace/avr-gcc-staging/label/mac-mini/gcc-build/avr/avr5/libgcc/../../../../gcc/libgcc/config/avr/lib1funcs.S:1410
    27f0:	51 e1       	ldi	r21, 0x11	; 17
/Users/jenkins/jenkins/workspace/avr-gcc-staging/label/mac-mini/gcc-build/avr/avr5/libgcc/../../../../gcc/libgcc/config/avr/lib1funcs.S:1411
    27f2:	07 c0       	rjmp	.+14     	; 0x2802 <__udivmodhi4_ep>

000027f4 <__udivmodhi4_loop>:
/Users/jenkins/jenkins/workspace/avr-gcc-staging/label/mac-mini/gcc-build/avr/avr5/libgcc/../../../../gcc/libgcc/config/avr/lib1funcs.S:1413
    27f4:	aa 1f       	adc	r26, r26
/Users/jenkins/jenkins/workspace/avr-gcc-staging/label/mac-mini/gcc-build/avr/avr5/libgcc/../../../../gcc/libgcc/config/avr/lib1funcs.S:1414
    27f6:	bb 1f       	adc	r27, r27
/Users/jenkins/jenkins/workspace/avr-gcc-staging/label/mac-mini/gcc-build/avr/avr5/libgcc/../../../../gcc/libgcc/config/avr/lib1funcs.S:1415
    27f8:	a6 17       	cp	r26, r22
/Users/jenkins/jenkins/workspace/avr-gcc-staging/label/mac-mini/gcc-build/avr/avr5/libgcc/../../../../gcc/libgcc/config/avr/lib1funcs.S:1416
    27fa:	b7 07       	cpc	r27, r23
/Users/jenkins/jenkins/workspace/avr-gcc-staging/label/mac-mini/gcc-build/avr/avr5/libgcc/../../../../gcc/libgcc/config/avr/lib1funcs.S:1417
    27fc:	10 f0       	brcs	.+4      	; 0x2802 <__udivmodhi4_ep>
/Users/jenkins/jenkins/workspace/avr-gcc-staging/label/mac-mini/gcc-build/avr/avr5/libgcc/../../../../gcc/libgcc/config/avr/lib1funcs.S:1418
    27fe:	a6 1b       	sub	r26, r22
/Users/jenkins/jenkins/workspace/avr-gcc-staging/label/mac-mini/gcc-build/avr/avr5/libgcc/../../../../gcc/libgcc/config/avr/lib1funcs.S:1419
    2800:	b7 0b       	sbc	r27, r23

00002802 <__udivmodhi4_ep>:
/Users/jenkins/jenkins/workspace/avr-gcc-staging/label/mac-mini/gcc-build/avr/avr5/libgcc/../../../../gcc/libgcc/config/avr/lib1funcs.S:1421
    2802:	88 1f       	adc	r24, r24
/Users/jenkins/jenkins/workspace/avr-gcc-staging/label/mac-mini/gcc-build/avr/avr5/libgcc/../../../../gcc/libgcc/config/avr/lib1funcs.S:1422
    2804:	99 1f       	adc	r25, r25
/Users/jenkins/jenkins/workspace/avr-gcc-staging/label/mac-mini/gcc-build/avr/avr5/libgcc/../../../../gcc/libgcc/config/avr/lib1funcs.S:1423
    2806:	5a 95       	dec	r21
/Users/jenkins/jenkins/workspace/avr-gcc-staging/label/mac-mini/gcc-build/avr/avr5/libgcc/../../../../gcc/libgcc/config/avr/lib1funcs.S:1424
    2808:	a9 f7       	brne	.-22     	; 0x27f4 <__udivmodhi4_loop>
/Users/jenkins/jenkins/workspace/avr-gcc-staging/label/mac-mini/gcc-build/avr/avr5/libgcc/../../../../gcc/libgcc/config/avr/lib1funcs.S:1425
    280a:	80 95       	com	r24
/Users/jenkins/jenkins/workspace/avr-gcc-staging/label/mac-mini/gcc-build/avr/avr5/libgcc/../../../../gcc/libgcc/config/avr/lib1funcs.S:1426
    280c:	90 95       	com	r25
/Users/jenkins/jenkins/workspace/avr-gcc-staging/label/mac-mini/gcc-build/avr/avr5/libgcc/../../../../gcc/libgcc/config/avr/lib1funcs.S:1428
    280e:	bc 01       	movw	r22, r24
/Users/jenkins/jenkins/workspace/avr-gcc-staging/label/mac-mini/gcc-build/avr/avr5/libgcc/../../../../gcc/libgcc/config/avr/lib1funcs.S:1430
    2810:	cd 01       	movw	r24, r26
/Users/jenkins/jenkins/workspace/avr-gcc-staging/label/mac-mini/gcc-build/avr/avr5/libgcc/../../../../gcc/libgcc/config/avr/lib1funcs.S:1432
    2812:	08 95       	ret

00002814 <__udivmodsi4>:
__udivmodsi4():
/Users/jenkins/jenkins/workspace/avr-gcc-staging/label/mac-mini/gcc-build/avr/avr5/libgcc/../../../../gcc/libgcc/config/avr/lib1funcs.S:1638
    2814:	a1 e2       	ldi	r26, 0x21	; 33
/Users/jenkins/jenkins/workspace/avr-gcc-staging/label/mac-mini/gcc-build/avr/avr5/libgcc/../../../../gcc/libgcc/config/avr/lib1funcs.S:1639
    2816:	1a 2e       	mov	r1, r26
/Users/jenkins/jenkins/workspace/avr-gcc-staging/label/mac-mini/gcc-build/avr/avr5/libgcc/../../../../gcc/libgcc/config/avr/lib1funcs.S:1640
    2818:	aa 1b       	sub	r26, r26
/Users/jenkins/jenkins/workspace/avr-gcc-staging/label/mac-mini/gcc-build/avr/avr5/libgcc/../../../../gcc/libgcc/config/avr/lib1funcs.S:1641
    281a:	bb 1b       	sub	r27, r27
/Users/jenkins/jenkins/workspace/avr-gcc-staging/label/mac-mini/gcc-build/avr/avr5/libgcc/../../../../gcc/libgcc/config/avr/lib1funcs.S:1642
    281c:	fd 01       	movw	r30, r26
/Users/jenkins/jenkins/workspace/avr-gcc-staging/label/mac-mini/gcc-build/avr/avr5/libgcc/../../../../gcc/libgcc/config/avr/lib1funcs.S:1644
    281e:	0d c0       	rjmp	.+26     	; 0x283a <__udivmodsi4_ep>

00002820 <__udivmodsi4_loop>:
/Users/jenkins/jenkins/workspace/avr-gcc-staging/label/mac-mini/gcc-build/avr/avr5/libgcc/../../../../gcc/libgcc/config/avr/lib1funcs.S:1646
    2820:	aa 1f       	adc	r26, r26
/Users/jenkins/jenkins/workspace/avr-gcc-staging/label/mac-mini/gcc-build/avr/avr5/libgcc/../../../../gcc/libgcc/config/avr/lib1funcs.S:1647
    2822:	bb 1f       	adc	r27, r27
/Users/jenkins/jenkins/workspace/avr-gcc-staging/label/mac-mini/gcc-build/avr/avr5/libgcc/../../../../gcc/libgcc/config/avr/lib1funcs.S:1648
    2824:	ee 1f       	adc	r30, r30
/Users/jenkins/jenkins/workspace/avr-gcc-staging/label/mac-mini/gcc-build/avr/avr5/libgcc/../../../../gcc/libgcc/config/avr/lib1funcs.S:1649
    2826:	ff 1f       	adc	r31, r31
/Users/jenkins/jenkins/workspace/avr-gcc-staging/label/mac-mini/gcc-build/avr/avr5/libgcc/../../../../gcc/libgcc/config/avr/lib1funcs.S:1650
    2828:	a2 17       	cp	r26, r18
/Users/jenkins/jenkins/workspace/avr-gcc-staging/label/mac-mini/gcc-build/avr/avr5/libgcc/../../../../gcc/libgcc/config/avr/lib1funcs.S:1651
    282a:	b3 07       	cpc	r27, r19
/Users/jenkins/jenkins/workspace/avr-gcc-staging/label/mac-mini/gcc-build/avr/avr5/libgcc/../../../../gcc/libgcc/config/avr/lib1funcs.S:1652
    282c:	e4 07       	cpc	r30, r20
/Users/jenkins/jenkins/workspace/avr-gcc-staging/label/mac-mini/gcc-build/avr/avr5/libgcc/../../../../gcc/libgcc/config/avr/lib1funcs.S:1653
    282e:	f5 07       	cpc	r31, r21
/Users/jenkins/jenkins/workspace/avr-gcc-staging/label/mac-mini/gcc-build/avr/avr5/libgcc/../../../../gcc/libgcc/config/avr/lib1funcs.S:1654
    2830:	20 f0       	brcs	.+8      	; 0x283a <__udivmodsi4_ep>
/Users/jenkins/jenkins/workspace/avr-gcc-staging/label/mac-mini/gcc-build/avr/avr5/libgcc/../../../../gcc/libgcc/config/avr/lib1funcs.S:1655
    2832:	a2 1b       	sub	r26, r18
/Users/jenkins/jenkins/workspace/avr-gcc-staging/label/mac-mini/gcc-build/avr/avr5/libgcc/../../../../gcc/libgcc/config/avr/lib1funcs.S:1656
    2834:	b3 0b       	sbc	r27, r19
/Users/jenkins/jenkins/workspace/avr-gcc-staging/label/mac-mini/gcc-build/avr/avr5/libgcc/../../../../gcc/libgcc/config/avr/lib1funcs.S:1657
    2836:	e4 0b       	sbc	r30, r20
/Users/jenkins/jenkins/workspace/avr-gcc-staging/label/mac-mini/gcc-build/avr/avr5/libgcc/../../../../gcc/libgcc/config/avr/lib1funcs.S:1658
    2838:	f5 0b       	sbc	r31, r21

0000283a <__udivmodsi4_ep>:
/Users/jenkins/jenkins/workspace/avr-gcc-staging/label/mac-mini/gcc-build/avr/avr5/libgcc/../../../../gcc/libgcc/config/avr/lib1funcs.S:1660
    283a:	66 1f       	adc	r22, r22
/Users/jenkins/jenkins/workspace/avr-gcc-staging/label/mac-mini/gcc-build/avr/avr5/libgcc/../../../../gcc/libgcc/config/avr/lib1funcs.S:1661
    283c:	77 1f       	adc	r23, r23
/Users/jenkins/jenkins/workspace/avr-gcc-staging/label/mac-mini/gcc-build/avr/avr5/libgcc/../../../../gcc/libgcc/config/avr/lib1funcs.S:1662
    283e:	88 1f       	adc	r24, r24
/Users/jenkins/jenkins/workspace/avr-gcc-staging/label/mac-mini/gcc-build/avr/avr5/libgcc/../../../../gcc/libgcc/config/avr/lib1funcs.S:1663
    2840:	99 1f       	adc	r25, r25
/Users/jenkins/jenkins/workspace/avr-gcc-staging/label/mac-mini/gcc-build/avr/avr5/libgcc/../../../../gcc/libgcc/config/avr/lib1funcs.S:1664
    2842:	1a 94       	dec	r1
/Users/jenkins/jenkins/workspace/avr-gcc-staging/label/mac-mini/gcc-build/avr/avr5/libgcc/../../../../gcc/libgcc/config/avr/lib1funcs.S:1665
    2844:	69 f7       	brne	.-38     	; 0x2820 <__udivmodsi4_loop>
/Users/jenkins/jenkins/workspace/avr-gcc-staging/label/mac-mini/gcc-build/avr/avr5/libgcc/../../../../gcc/libgcc/config/avr/lib1funcs.S:1667
    2846:	60 95       	com	r22
/Users/jenkins/jenkins/workspace/avr-gcc-staging/label/mac-mini/gcc-build/avr/avr5/libgcc/../../../../gcc/libgcc/config/avr/lib1funcs.S:1668
    2848:	70 95       	com	r23
/Users/jenkins/jenkins/workspace/avr-gcc-staging/label/mac-mini/gcc-build/avr/avr5/libgcc/../../../../gcc/libgcc/config/avr/lib1funcs.S:1669
    284a:	80 95       	com	r24
/Users/jenkins/jenkins/workspace/avr-gcc-staging/label/mac-mini/gcc-build/avr/avr5/libgcc/../../../../gcc/libgcc/config/avr/lib1funcs.S:1670
    284c:	90 95       	com	r25
/Users/jenkins/jenkins/workspace/avr-gcc-staging/label/mac-mini/gcc-build/avr/avr5/libgcc/../../../../gcc/libgcc/config/avr/lib1funcs.S:1672
    284e:	9b 01       	movw	r18, r22
/Users/jenkins/jenkins/workspace/avr-gcc-staging/label/mac-mini/gcc-build/avr/avr5/libgcc/../../../../gcc/libgcc/config/avr/lib1funcs.S:1674
    2850:	ac 01       	movw	r20, r24
/Users/jenkins/jenkins/workspace/avr-gcc-staging/label/mac-mini/gcc-build/avr/avr5/libgcc/../../../../gcc/libgcc/config/avr/lib1funcs.S:1676
    2852:	bd 01       	movw	r22, r26
/Users/jenkins/jenkins/workspace/avr-gcc-staging/label/mac-mini/gcc-build/avr/avr5/libgcc/../../../../gcc/libgcc/config/avr/lib1funcs.S:1678
    2854:	cf 01       	movw	r24, r30
/Users/jenkins/jenkins/workspace/avr-gcc-staging/label/mac-mini/gcc-build/avr/avr5/libgcc/../../../../gcc/libgcc/config/avr/lib1funcs.S:1680
    2856:	08 95       	ret

00002858 <__umulhisi3>:
__umulhisi3():
/Users/jenkins/jenkins/workspace/avr-gcc-staging/label/mac-mini/gcc-build/avr/avr5/libgcc/../../../../gcc/libgcc/config/avr/lib1funcs.S:564
    2858:	a2 9f       	mul	r26, r18
/Users/jenkins/jenkins/workspace/avr-gcc-staging/label/mac-mini/gcc-build/avr/avr5/libgcc/../../../../gcc/libgcc/config/avr/lib1funcs.S:565
    285a:	b0 01       	movw	r22, r0
/Users/jenkins/jenkins/workspace/avr-gcc-staging/label/mac-mini/gcc-build/avr/avr5/libgcc/../../../../gcc/libgcc/config/avr/lib1funcs.S:566
    285c:	b3 9f       	mul	r27, r19
/Users/jenkins/jenkins/workspace/avr-gcc-staging/label/mac-mini/gcc-build/avr/avr5/libgcc/../../../../gcc/libgcc/config/avr/lib1funcs.S:567
    285e:	c0 01       	movw	r24, r0
/Users/jenkins/jenkins/workspace/avr-gcc-staging/label/mac-mini/gcc-build/avr/avr5/libgcc/../../../../gcc/libgcc/config/avr/lib1funcs.S:568
    2860:	a3 9f       	mul	r26, r19
/Users/jenkins/jenkins/workspace/avr-gcc-staging/label/mac-mini/gcc-build/avr/avr5/libgcc/../../../../gcc/libgcc/config/avr/lib1funcs.S:573
    2862:	70 0d       	add	r23, r0
/Users/jenkins/jenkins/workspace/avr-gcc-staging/label/mac-mini/gcc-build/avr/avr5/libgcc/../../../../gcc/libgcc/config/avr/lib1funcs.S:574
    2864:	81 1d       	adc	r24, r1
/Users/jenkins/jenkins/workspace/avr-gcc-staging/label/mac-mini/gcc-build/avr/avr5/libgcc/../../../../gcc/libgcc/config/avr/lib1funcs.S:575
    2866:	11 24       	eor	r1, r1
/Users/jenkins/jenkins/workspace/avr-gcc-staging/label/mac-mini/gcc-build/avr/avr5/libgcc/../../../../gcc/libgcc/config/avr/lib1funcs.S:576
    2868:	91 1d       	adc	r25, r1
/Users/jenkins/jenkins/workspace/avr-gcc-staging/label/mac-mini/gcc-build/avr/avr5/libgcc/../../../../gcc/libgcc/config/avr/lib1funcs.S:580
    286a:	b2 9f       	mul	r27, r18
/Users/jenkins/jenkins/workspace/avr-gcc-staging/label/mac-mini/gcc-build/avr/avr5/libgcc/../../../../gcc/libgcc/config/avr/lib1funcs.S:581
    286c:	70 0d       	add	r23, r0
/Users/jenkins/jenkins/workspace/avr-gcc-staging/label/mac-mini/gcc-build/avr/avr5/libgcc/../../../../gcc/libgcc/config/avr/lib1funcs.S:582
    286e:	81 1d       	adc	r24, r1
/Users/jenkins/jenkins/workspace/avr-gcc-staging/label/mac-mini/gcc-build/avr/avr5/libgcc/../../../../gcc/libgcc/config/avr/lib1funcs.S:583
    2870:	11 24       	eor	r1, r1
/Users/jenkins/jenkins/workspace/avr-gcc-staging/label/mac-mini/gcc-build/avr/avr5/libgcc/../../../../gcc/libgcc/config/avr/lib1funcs.S:584
    2872:	91 1d       	adc	r25, r1
/Users/jenkins/jenkins/workspace/avr-gcc-staging/label/mac-mini/gcc-build/avr/avr5/libgcc/../../../../gcc/libgcc/config/avr/lib1funcs.S:585
    2874:	08 95       	ret

00002876 <__tablejump2__>:
__tablejump2__():
/Users/jenkins/jenkins/workspace/avr-gcc-staging/label/mac-mini/gcc-build/avr/avr5/libgcc/../../../../gcc/libgcc/config/avr/lib1funcs.S:2296
    2876:	ee 0f       	add	r30, r30
/Users/jenkins/jenkins/workspace/avr-gcc-staging/label/mac-mini/gcc-build/avr/avr5/libgcc/../../../../gcc/libgcc/config/avr/lib1funcs.S:2297
    2878:	ff 1f       	adc	r31, r31
/Users/jenkins/jenkins/workspace/avr-gcc-staging/label/mac-mini/gcc-build/avr/avr5/libgcc/../../../../gcc/libgcc/config/avr/lib1funcs.S:2328
    287a:	05 90       	lpm	r0, Z+
/Users/jenkins/jenkins/workspace/avr-gcc-staging/label/mac-mini/gcc-build/avr/avr5/libgcc/../../../../gcc/libgcc/config/avr/lib1funcs.S:2329
    287c:	f4 91       	lpm	r31, Z
/Users/jenkins/jenkins/workspace/avr-gcc-staging/label/mac-mini/gcc-build/avr/avr5/libgcc/../../../../gcc/libgcc/config/avr/lib1funcs.S:2330
    287e:	e0 2d       	mov	r30, r0
/Users/jenkins/jenkins/workspace/avr-gcc-staging/label/mac-mini/gcc-build/avr/avr5/libgcc/../../../../gcc/libgcc/config/avr/lib1funcs.S:2331
    2880:	09 94       	ijmp

00002882 <malloc>:
malloc():
    2882:	0f 93       	push	r16
    2884:	1f 93       	push	r17
    2886:	cf 93       	push	r28
    2888:	df 93       	push	r29
    288a:	82 30       	cpi	r24, 0x02	; 2
    288c:	91 05       	cpc	r25, r1
    288e:	10 f4       	brcc	.+4      	; 0x2894 <malloc+0x12>
    2890:	82 e0       	ldi	r24, 0x02	; 2
    2892:	90 e0       	ldi	r25, 0x00	; 0
    2894:	e0 91 49 03 	lds	r30, 0x0349	; 0x800349 <__flp>
    2898:	f0 91 4a 03 	lds	r31, 0x034A	; 0x80034a <__flp+0x1>
    289c:	30 e0       	ldi	r19, 0x00	; 0
    289e:	20 e0       	ldi	r18, 0x00	; 0
    28a0:	b0 e0       	ldi	r27, 0x00	; 0
    28a2:	a0 e0       	ldi	r26, 0x00	; 0
    28a4:	30 97       	sbiw	r30, 0x00	; 0
    28a6:	99 f4       	brne	.+38     	; 0x28ce <malloc+0x4c>
    28a8:	21 15       	cp	r18, r1
    28aa:	31 05       	cpc	r19, r1
    28ac:	09 f4       	brne	.+2      	; 0x28b0 <malloc+0x2e>
    28ae:	4a c0       	rjmp	.+148    	; 0x2944 <malloc+0xc2>
    28b0:	28 1b       	sub	r18, r24
    28b2:	39 0b       	sbc	r19, r25
    28b4:	24 30       	cpi	r18, 0x04	; 4
    28b6:	31 05       	cpc	r19, r1
    28b8:	d8 f5       	brcc	.+118    	; 0x2930 <malloc+0xae>
    28ba:	8a 81       	ldd	r24, Y+2	; 0x02
    28bc:	9b 81       	ldd	r25, Y+3	; 0x03
    28be:	61 15       	cp	r22, r1
    28c0:	71 05       	cpc	r23, r1
    28c2:	89 f1       	breq	.+98     	; 0x2926 <malloc+0xa4>
    28c4:	fb 01       	movw	r30, r22
    28c6:	93 83       	std	Z+3, r25	; 0x03
    28c8:	82 83       	std	Z+2, r24	; 0x02
    28ca:	fe 01       	movw	r30, r28
    28cc:	11 c0       	rjmp	.+34     	; 0x28f0 <malloc+0x6e>
    28ce:	40 81       	ld	r20, Z
    28d0:	51 81       	ldd	r21, Z+1	; 0x01
    28d2:	02 81       	ldd	r16, Z+2	; 0x02
    28d4:	13 81       	ldd	r17, Z+3	; 0x03
    28d6:	48 17       	cp	r20, r24
    28d8:	59 07       	cpc	r21, r25
    28da:	e0 f0       	brcs	.+56     	; 0x2914 <malloc+0x92>
    28dc:	48 17       	cp	r20, r24
    28de:	59 07       	cpc	r21, r25
    28e0:	99 f4       	brne	.+38     	; 0x2908 <malloc+0x86>
    28e2:	10 97       	sbiw	r26, 0x00	; 0
    28e4:	61 f0       	breq	.+24     	; 0x28fe <malloc+0x7c>
    28e6:	12 96       	adiw	r26, 0x02	; 2
    28e8:	0c 93       	st	X, r16
    28ea:	12 97       	sbiw	r26, 0x02	; 2
    28ec:	13 96       	adiw	r26, 0x03	; 3
    28ee:	1c 93       	st	X, r17
    28f0:	32 96       	adiw	r30, 0x02	; 2
    28f2:	cf 01       	movw	r24, r30
    28f4:	df 91       	pop	r29
    28f6:	cf 91       	pop	r28
    28f8:	1f 91       	pop	r17
    28fa:	0f 91       	pop	r16
    28fc:	08 95       	ret
    28fe:	00 93 49 03 	sts	0x0349, r16	; 0x800349 <__flp>
    2902:	10 93 4a 03 	sts	0x034A, r17	; 0x80034a <__flp+0x1>
    2906:	f4 cf       	rjmp	.-24     	; 0x28f0 <malloc+0x6e>
    2908:	21 15       	cp	r18, r1
    290a:	31 05       	cpc	r19, r1
    290c:	51 f0       	breq	.+20     	; 0x2922 <malloc+0xa0>
    290e:	42 17       	cp	r20, r18
    2910:	53 07       	cpc	r21, r19
    2912:	38 f0       	brcs	.+14     	; 0x2922 <malloc+0xa0>
    2914:	a9 01       	movw	r20, r18
    2916:	db 01       	movw	r26, r22
    2918:	9a 01       	movw	r18, r20
    291a:	bd 01       	movw	r22, r26
    291c:	df 01       	movw	r26, r30
    291e:	f8 01       	movw	r30, r16
    2920:	c1 cf       	rjmp	.-126    	; 0x28a4 <malloc+0x22>
    2922:	ef 01       	movw	r28, r30
    2924:	f9 cf       	rjmp	.-14     	; 0x2918 <malloc+0x96>
    2926:	90 93 4a 03 	sts	0x034A, r25	; 0x80034a <__flp+0x1>
    292a:	80 93 49 03 	sts	0x0349, r24	; 0x800349 <__flp>
    292e:	cd cf       	rjmp	.-102    	; 0x28ca <malloc+0x48>
    2930:	fe 01       	movw	r30, r28
    2932:	e2 0f       	add	r30, r18
    2934:	f3 1f       	adc	r31, r19
    2936:	81 93       	st	Z+, r24
    2938:	91 93       	st	Z+, r25
    293a:	22 50       	subi	r18, 0x02	; 2
    293c:	31 09       	sbc	r19, r1
    293e:	39 83       	std	Y+1, r19	; 0x01
    2940:	28 83       	st	Y, r18
    2942:	d7 cf       	rjmp	.-82     	; 0x28f2 <malloc+0x70>
    2944:	20 91 47 03 	lds	r18, 0x0347	; 0x800347 <__brkval>
    2948:	30 91 48 03 	lds	r19, 0x0348	; 0x800348 <__brkval+0x1>
    294c:	23 2b       	or	r18, r19
    294e:	41 f4       	brne	.+16     	; 0x2960 <malloc+0xde>
    2950:	20 91 0d 01 	lds	r18, 0x010D	; 0x80010d <__malloc_heap_start>
    2954:	30 91 0e 01 	lds	r19, 0x010E	; 0x80010e <__malloc_heap_start+0x1>
    2958:	30 93 48 03 	sts	0x0348, r19	; 0x800348 <__brkval+0x1>
    295c:	20 93 47 03 	sts	0x0347, r18	; 0x800347 <__brkval>
    2960:	20 91 0b 01 	lds	r18, 0x010B	; 0x80010b <__malloc_heap_end>
    2964:	30 91 0c 01 	lds	r19, 0x010C	; 0x80010c <__malloc_heap_end+0x1>
    2968:	21 15       	cp	r18, r1
    296a:	31 05       	cpc	r19, r1
    296c:	41 f4       	brne	.+16     	; 0x297e <malloc+0xfc>
    296e:	2d b7       	in	r18, 0x3d	; 61
    2970:	3e b7       	in	r19, 0x3e	; 62
    2972:	40 91 0f 01 	lds	r20, 0x010F	; 0x80010f <__malloc_margin>
    2976:	50 91 10 01 	lds	r21, 0x0110	; 0x800110 <__malloc_margin+0x1>
    297a:	24 1b       	sub	r18, r20
    297c:	35 0b       	sbc	r19, r21
    297e:	e0 91 47 03 	lds	r30, 0x0347	; 0x800347 <__brkval>
    2982:	f0 91 48 03 	lds	r31, 0x0348	; 0x800348 <__brkval+0x1>
    2986:	e2 17       	cp	r30, r18
    2988:	f3 07       	cpc	r31, r19
    298a:	a0 f4       	brcc	.+40     	; 0x29b4 <malloc+0x132>
    298c:	2e 1b       	sub	r18, r30
    298e:	3f 0b       	sbc	r19, r31
    2990:	28 17       	cp	r18, r24
    2992:	39 07       	cpc	r19, r25
    2994:	78 f0       	brcs	.+30     	; 0x29b4 <malloc+0x132>
    2996:	ac 01       	movw	r20, r24
    2998:	4e 5f       	subi	r20, 0xFE	; 254
    299a:	5f 4f       	sbci	r21, 0xFF	; 255
    299c:	24 17       	cp	r18, r20
    299e:	35 07       	cpc	r19, r21
    29a0:	48 f0       	brcs	.+18     	; 0x29b4 <malloc+0x132>
    29a2:	4e 0f       	add	r20, r30
    29a4:	5f 1f       	adc	r21, r31
    29a6:	50 93 48 03 	sts	0x0348, r21	; 0x800348 <__brkval+0x1>
    29aa:	40 93 47 03 	sts	0x0347, r20	; 0x800347 <__brkval>
    29ae:	81 93       	st	Z+, r24
    29b0:	91 93       	st	Z+, r25
    29b2:	9f cf       	rjmp	.-194    	; 0x28f2 <malloc+0x70>
    29b4:	f0 e0       	ldi	r31, 0x00	; 0
    29b6:	e0 e0       	ldi	r30, 0x00	; 0
    29b8:	9c cf       	rjmp	.-200    	; 0x28f2 <malloc+0x70>

000029ba <free>:
free():
    29ba:	cf 93       	push	r28
    29bc:	df 93       	push	r29
    29be:	00 97       	sbiw	r24, 0x00	; 0
    29c0:	e9 f0       	breq	.+58     	; 0x29fc <free+0x42>
    29c2:	fc 01       	movw	r30, r24
    29c4:	32 97       	sbiw	r30, 0x02	; 2
    29c6:	13 82       	std	Z+3, r1	; 0x03
    29c8:	12 82       	std	Z+2, r1	; 0x02
    29ca:	a0 91 49 03 	lds	r26, 0x0349	; 0x800349 <__flp>
    29ce:	b0 91 4a 03 	lds	r27, 0x034A	; 0x80034a <__flp+0x1>
    29d2:	ed 01       	movw	r28, r26
    29d4:	30 e0       	ldi	r19, 0x00	; 0
    29d6:	20 e0       	ldi	r18, 0x00	; 0
    29d8:	10 97       	sbiw	r26, 0x00	; 0
    29da:	a1 f4       	brne	.+40     	; 0x2a04 <free+0x4a>
    29dc:	20 81       	ld	r18, Z
    29de:	31 81       	ldd	r19, Z+1	; 0x01
    29e0:	82 0f       	add	r24, r18
    29e2:	93 1f       	adc	r25, r19
    29e4:	20 91 47 03 	lds	r18, 0x0347	; 0x800347 <__brkval>
    29e8:	30 91 48 03 	lds	r19, 0x0348	; 0x800348 <__brkval+0x1>
    29ec:	28 17       	cp	r18, r24
    29ee:	39 07       	cpc	r19, r25
    29f0:	09 f0       	breq	.+2      	; 0x29f4 <free+0x3a>
    29f2:	61 c0       	rjmp	.+194    	; 0x2ab6 <free+0xfc>
    29f4:	f0 93 48 03 	sts	0x0348, r31	; 0x800348 <__brkval+0x1>
    29f8:	e0 93 47 03 	sts	0x0347, r30	; 0x800347 <__brkval>
    29fc:	df 91       	pop	r29
    29fe:	cf 91       	pop	r28
    2a00:	08 95       	ret
    2a02:	ea 01       	movw	r28, r20
    2a04:	ce 17       	cp	r28, r30
    2a06:	df 07       	cpc	r29, r31
    2a08:	e8 f5       	brcc	.+122    	; 0x2a84 <free+0xca>
    2a0a:	4a 81       	ldd	r20, Y+2	; 0x02
    2a0c:	5b 81       	ldd	r21, Y+3	; 0x03
    2a0e:	9e 01       	movw	r18, r28
    2a10:	41 15       	cp	r20, r1
    2a12:	51 05       	cpc	r21, r1
    2a14:	b1 f7       	brne	.-20     	; 0x2a02 <free+0x48>
    2a16:	e9 01       	movw	r28, r18
    2a18:	fb 83       	std	Y+3, r31	; 0x03
    2a1a:	ea 83       	std	Y+2, r30	; 0x02
    2a1c:	49 91       	ld	r20, Y+
    2a1e:	59 91       	ld	r21, Y+
    2a20:	c4 0f       	add	r28, r20
    2a22:	d5 1f       	adc	r29, r21
    2a24:	ec 17       	cp	r30, r28
    2a26:	fd 07       	cpc	r31, r29
    2a28:	61 f4       	brne	.+24     	; 0x2a42 <free+0x88>
    2a2a:	80 81       	ld	r24, Z
    2a2c:	91 81       	ldd	r25, Z+1	; 0x01
    2a2e:	02 96       	adiw	r24, 0x02	; 2
    2a30:	84 0f       	add	r24, r20
    2a32:	95 1f       	adc	r25, r21
    2a34:	e9 01       	movw	r28, r18
    2a36:	99 83       	std	Y+1, r25	; 0x01
    2a38:	88 83       	st	Y, r24
    2a3a:	82 81       	ldd	r24, Z+2	; 0x02
    2a3c:	93 81       	ldd	r25, Z+3	; 0x03
    2a3e:	9b 83       	std	Y+3, r25	; 0x03
    2a40:	8a 83       	std	Y+2, r24	; 0x02
    2a42:	f0 e0       	ldi	r31, 0x00	; 0
    2a44:	e0 e0       	ldi	r30, 0x00	; 0
    2a46:	12 96       	adiw	r26, 0x02	; 2
    2a48:	8d 91       	ld	r24, X+
    2a4a:	9c 91       	ld	r25, X
    2a4c:	13 97       	sbiw	r26, 0x03	; 3
    2a4e:	00 97       	sbiw	r24, 0x00	; 0
    2a50:	b9 f5       	brne	.+110    	; 0x2ac0 <free+0x106>
    2a52:	2d 91       	ld	r18, X+
    2a54:	3c 91       	ld	r19, X
    2a56:	11 97       	sbiw	r26, 0x01	; 1
    2a58:	cd 01       	movw	r24, r26
    2a5a:	02 96       	adiw	r24, 0x02	; 2
    2a5c:	82 0f       	add	r24, r18
    2a5e:	93 1f       	adc	r25, r19
    2a60:	20 91 47 03 	lds	r18, 0x0347	; 0x800347 <__brkval>
    2a64:	30 91 48 03 	lds	r19, 0x0348	; 0x800348 <__brkval+0x1>
    2a68:	28 17       	cp	r18, r24
    2a6a:	39 07       	cpc	r19, r25
    2a6c:	39 f6       	brne	.-114    	; 0x29fc <free+0x42>
    2a6e:	30 97       	sbiw	r30, 0x00	; 0
    2a70:	51 f5       	brne	.+84     	; 0x2ac6 <free+0x10c>
    2a72:	10 92 4a 03 	sts	0x034A, r1	; 0x80034a <__flp+0x1>
    2a76:	10 92 49 03 	sts	0x0349, r1	; 0x800349 <__flp>
    2a7a:	b0 93 48 03 	sts	0x0348, r27	; 0x800348 <__brkval+0x1>
    2a7e:	a0 93 47 03 	sts	0x0347, r26	; 0x800347 <__brkval>
    2a82:	bc cf       	rjmp	.-136    	; 0x29fc <free+0x42>
    2a84:	d3 83       	std	Z+3, r29	; 0x03
    2a86:	c2 83       	std	Z+2, r28	; 0x02
    2a88:	40 81       	ld	r20, Z
    2a8a:	51 81       	ldd	r21, Z+1	; 0x01
    2a8c:	84 0f       	add	r24, r20
    2a8e:	95 1f       	adc	r25, r21
    2a90:	c8 17       	cp	r28, r24
    2a92:	d9 07       	cpc	r29, r25
    2a94:	61 f4       	brne	.+24     	; 0x2aae <free+0xf4>
    2a96:	4e 5f       	subi	r20, 0xFE	; 254
    2a98:	5f 4f       	sbci	r21, 0xFF	; 255
    2a9a:	88 81       	ld	r24, Y
    2a9c:	99 81       	ldd	r25, Y+1	; 0x01
    2a9e:	48 0f       	add	r20, r24
    2aa0:	59 1f       	adc	r21, r25
    2aa2:	51 83       	std	Z+1, r21	; 0x01
    2aa4:	40 83       	st	Z, r20
    2aa6:	8a 81       	ldd	r24, Y+2	; 0x02
    2aa8:	9b 81       	ldd	r25, Y+3	; 0x03
    2aaa:	93 83       	std	Z+3, r25	; 0x03
    2aac:	82 83       	std	Z+2, r24	; 0x02
    2aae:	21 15       	cp	r18, r1
    2ab0:	31 05       	cpc	r19, r1
    2ab2:	09 f0       	breq	.+2      	; 0x2ab6 <free+0xfc>
    2ab4:	b0 cf       	rjmp	.-160    	; 0x2a16 <free+0x5c>
    2ab6:	f0 93 4a 03 	sts	0x034A, r31	; 0x80034a <__flp+0x1>
    2aba:	e0 93 49 03 	sts	0x0349, r30	; 0x800349 <__flp>
    2abe:	9e cf       	rjmp	.-196    	; 0x29fc <free+0x42>
    2ac0:	fd 01       	movw	r30, r26
    2ac2:	dc 01       	movw	r26, r24
    2ac4:	c0 cf       	rjmp	.-128    	; 0x2a46 <free+0x8c>
    2ac6:	13 82       	std	Z+3, r1	; 0x03
    2ac8:	12 82       	std	Z+2, r1	; 0x02
    2aca:	d7 cf       	rjmp	.-82     	; 0x2a7a <free+0xc0>

00002acc <memset>:
memset():
    2acc:	dc 01       	movw	r26, r24
    2ace:	01 c0       	rjmp	.+2      	; 0x2ad2 <memset+0x6>
    2ad0:	6d 93       	st	X+, r22
    2ad2:	41 50       	subi	r20, 0x01	; 1
    2ad4:	50 40       	sbci	r21, 0x00	; 0
    2ad6:	e0 f7       	brcc	.-8      	; 0x2ad0 <memset+0x4>
    2ad8:	08 95       	ret

00002ada <strcmp>:
strcmp():
    2ada:	fb 01       	movw	r30, r22
    2adc:	dc 01       	movw	r26, r24
    2ade:	8d 91       	ld	r24, X+
    2ae0:	01 90       	ld	r0, Z+
    2ae2:	80 19       	sub	r24, r0
    2ae4:	01 10       	cpse	r0, r1
    2ae6:	d9 f3       	breq	.-10     	; 0x2ade <strcmp+0x4>
    2ae8:	99 0b       	sbc	r25, r25
    2aea:	08 95       	ret

00002aec <strncmp>:
strncmp():
    2aec:	fb 01       	movw	r30, r22
    2aee:	dc 01       	movw	r26, r24
    2af0:	41 50       	subi	r20, 0x01	; 1
    2af2:	50 40       	sbci	r21, 0x00	; 0
    2af4:	30 f0       	brcs	.+12     	; 0x2b02 <strncmp+0x16>
    2af6:	8d 91       	ld	r24, X+
    2af8:	01 90       	ld	r0, Z+
    2afa:	80 19       	sub	r24, r0
    2afc:	19 f4       	brne	.+6      	; 0x2b04 <strncmp+0x18>
    2afe:	00 20       	and	r0, r0
    2b00:	b9 f7       	brne	.-18     	; 0x2af0 <strncmp+0x4>
    2b02:	88 1b       	sub	r24, r24
    2b04:	99 0b       	sbc	r25, r25
    2b06:	08 95       	ret

00002b08 <__do_global_dtors>:
__do_global_dtors():
/Users/jenkins/jenkins/workspace/avr-gcc-staging/label/mac-mini/gcc-build/avr/avr5/libgcc/../../../../gcc/libgcc/config/avr/lib1funcs.S:2496
    2b08:	10 e0       	ldi	r17, 0x00	; 0
/Users/jenkins/jenkins/workspace/avr-gcc-staging/label/mac-mini/gcc-build/avr/avr5/libgcc/../../../../gcc/libgcc/config/avr/lib1funcs.S:2497
    2b0a:	c9 e6       	ldi	r28, 0x69	; 105
/Users/jenkins/jenkins/workspace/avr-gcc-staging/label/mac-mini/gcc-build/avr/avr5/libgcc/../../../../gcc/libgcc/config/avr/lib1funcs.S:2498
    2b0c:	d0 e0       	ldi	r29, 0x00	; 0
/Users/jenkins/jenkins/workspace/avr-gcc-staging/label/mac-mini/gcc-build/avr/avr5/libgcc/../../../../gcc/libgcc/config/avr/lib1funcs.S:2502
    2b0e:	04 c0       	rjmp	.+8      	; 0x2b18 <__do_global_dtors+0x10>
/Users/jenkins/jenkins/workspace/avr-gcc-staging/label/mac-mini/gcc-build/avr/avr5/libgcc/../../../../gcc/libgcc/config/avr/lib1funcs.S:2508
    2b10:	fe 01       	movw	r30, r28
/Users/jenkins/jenkins/workspace/avr-gcc-staging/label/mac-mini/gcc-build/avr/avr5/libgcc/../../../../gcc/libgcc/config/avr/lib1funcs.S:2509
    2b12:	0e 94 3b 14 	call	0x2876	; 0x2876 <__tablejump2__>
/Users/jenkins/jenkins/workspace/avr-gcc-staging/label/mac-mini/gcc-build/avr/avr5/libgcc/../../../../gcc/libgcc/config/avr/lib1funcs.S:2510
    2b16:	21 96       	adiw	r28, 0x01	; 1
/Users/jenkins/jenkins/workspace/avr-gcc-staging/label/mac-mini/gcc-build/avr/avr5/libgcc/../../../../gcc/libgcc/config/avr/lib1funcs.S:2515
    2b18:	ca 36       	cpi	r28, 0x6A	; 106
/Users/jenkins/jenkins/workspace/avr-gcc-staging/label/mac-mini/gcc-build/avr/avr5/libgcc/../../../../gcc/libgcc/config/avr/lib1funcs.S:2516
    2b1a:	d1 07       	cpc	r29, r17
/Users/jenkins/jenkins/workspace/avr-gcc-staging/label/mac-mini/gcc-build/avr/avr5/libgcc/../../../../gcc/libgcc/config/avr/lib1funcs.S:2521
    2b1c:	c9 f7       	brne	.-14     	; 0x2b10 <__do_global_dtors+0x8>
/Users/jenkins/jenkins/workspace/avr-gcc-staging/label/mac-mini/gcc-build/avr/avr5/libgcc/../../../../gcc/libgcc/config/avr/lib1funcs.S:2278
    2b1e:	f8 94       	cli

00002b20 <__stop_program>:
__stop_program():
/Users/jenkins/jenkins/workspace/avr-gcc-staging/label/mac-mini/gcc-build/avr/avr5/libgcc/../../../../gcc/libgcc/config/avr/lib1funcs.S:2280
    2b20:	ff cf       	rjmp	.-2      	; 0x2b20 <__stop_program>
