
/private/var/folders/32/jppfhlfx3z920dcm8lv552km0000gn/T/arduino/sketches/B539B006E28CD41B13FD69242C526A21/sonde.ino.elf:     file format elf32-avr


Disassembly of section .text:

00000000 <__vectors>:
__vectors():
       0:	0c 94 67 00 	jmp	0xce	; 0xce <__ctors_end>
       4:	0c 94 8f 00 	jmp	0x11e	; 0x11e <__bad_interrupt>
       8:	0c 94 8f 00 	jmp	0x11e	; 0x11e <__bad_interrupt>
       c:	0c 94 8f 00 	jmp	0x11e	; 0x11e <__bad_interrupt>
      10:	0c 94 a5 0f 	jmp	0x1f4a	; 0x1f4a <__vector_4>
      14:	0c 94 d1 0f 	jmp	0x1fa2	; 0x1fa2 <__vector_5>
      18:	0c 94 8e 0f 	jmp	0x1f1c	; 0x1f1c <__vector_6>
      1c:	0c 94 8f 00 	jmp	0x11e	; 0x11e <__bad_interrupt>
      20:	0c 94 8f 00 	jmp	0x11e	; 0x11e <__bad_interrupt>
      24:	0c 94 8f 00 	jmp	0x11e	; 0x11e <__bad_interrupt>
      28:	0c 94 8f 00 	jmp	0x11e	; 0x11e <__bad_interrupt>
      2c:	0c 94 8f 00 	jmp	0x11e	; 0x11e <__bad_interrupt>
      30:	0c 94 8f 00 	jmp	0x11e	; 0x11e <__bad_interrupt>
      34:	0c 94 8f 00 	jmp	0x11e	; 0x11e <__bad_interrupt>
      38:	0c 94 8f 00 	jmp	0x11e	; 0x11e <__bad_interrupt>
      3c:	0c 94 8f 00 	jmp	0x11e	; 0x11e <__bad_interrupt>
      40:	0c 94 44 0f 	jmp	0x1e88	; 0x1e88 <__vector_16>
      44:	0c 94 8f 00 	jmp	0x11e	; 0x11e <__bad_interrupt>
      48:	0c 94 8f 00 	jmp	0x11e	; 0x11e <__bad_interrupt>
      4c:	0c 94 8f 00 	jmp	0x11e	; 0x11e <__bad_interrupt>
      50:	0c 94 8f 00 	jmp	0x11e	; 0x11e <__bad_interrupt>
      54:	0c 94 8f 00 	jmp	0x11e	; 0x11e <__bad_interrupt>
      58:	0c 94 8f 00 	jmp	0x11e	; 0x11e <__bad_interrupt>
      5c:	0c 94 8f 00 	jmp	0x11e	; 0x11e <__bad_interrupt>
      60:	0c 94 f5 0f 	jmp	0x1fea	; 0x1fea <__vector_24>
      64:	0c 94 8f 00 	jmp	0x11e	; 0x11e <__bad_interrupt>

00000068 <__trampolines_end>:
__trampolines_start():
      68:	00 00       	nop
      6a:	00 00       	nop
      6c:	24 00       	.word	0x0024	; ????
      6e:	27 00       	.word	0x0027	; ????
      70:	2a 00       	.word	0x002a	; ????

00000072 <port_to_output_PGM>:
      72:	00 00 00 00 25 00 28 00 2b 00                       ....%.(.+.

0000007c <port_to_input_PGM>:
      7c:	00 00 00 00 23 00 26 00 29 00                       ....#.&.).

00000086 <digital_pin_to_port_PGM>:
      86:	04 04 04 04 04 04 04 04 02 02 02 02 02 02 03 03     ................
      96:	03 03 03 03 02 02 03                                .......

0000009d <digital_pin_to_bit_mask_PGM>:
      9d:	01 02 04 08 10 20 40 80 01 02 04 08 10 20 01 02     ..... @...... ..
      ad:	04 08 10 20 40 80 40                                ... @.@

000000b4 <digital_pin_to_timer_PGM>:
      b4:	00 00 00 09 00 03 02 00 00 04 05 08 00 00 00 00     ................
	...

000000cc <__ctors_start>:
__ctors_start():
      cc:	20 11       	cpse	r18, r0

000000ce <__ctors_end>:
__dtors_end():
      ce:	11 24       	eor	r1, r1
      d0:	1f be       	out	0x3f, r1	; 63
      d2:	cf ef       	ldi	r28, 0xFF	; 255
      d4:	d8 e0       	ldi	r29, 0x08	; 8
      d6:	de bf       	out	0x3e, r29	; 62
      d8:	cd bf       	out	0x3d, r28	; 61

000000da <__do_copy_data>:
__do_copy_data():
/Users/jenkins/jenkins/workspace/avr-gcc-staging/label/mac-mini/gcc-build/avr/avr5/libgcc/../../../../gcc/libgcc/config/avr/lib1funcs.S:2409
      da:	12 e0       	ldi	r17, 0x02	; 2
/Users/jenkins/jenkins/workspace/avr-gcc-staging/label/mac-mini/gcc-build/avr/avr5/libgcc/../../../../gcc/libgcc/config/avr/lib1funcs.S:2410
      dc:	a0 e0       	ldi	r26, 0x00	; 0
/Users/jenkins/jenkins/workspace/avr-gcc-staging/label/mac-mini/gcc-build/avr/avr5/libgcc/../../../../gcc/libgcc/config/avr/lib1funcs.S:2411
      de:	b1 e0       	ldi	r27, 0x01	; 1
/Users/jenkins/jenkins/workspace/avr-gcc-staging/label/mac-mini/gcc-build/avr/avr5/libgcc/../../../../gcc/libgcc/config/avr/lib1funcs.S:2412
      e0:	e6 ec       	ldi	r30, 0xC6	; 198
/Users/jenkins/jenkins/workspace/avr-gcc-staging/label/mac-mini/gcc-build/avr/avr5/libgcc/../../../../gcc/libgcc/config/avr/lib1funcs.S:2413
      e2:	fb e2       	ldi	r31, 0x2B	; 43
/Users/jenkins/jenkins/workspace/avr-gcc-staging/label/mac-mini/gcc-build/avr/avr5/libgcc/../../../../gcc/libgcc/config/avr/lib1funcs.S:2414
      e4:	02 c0       	rjmp	.+4      	; 0xea <__do_copy_data+0x10>
/Users/jenkins/jenkins/workspace/avr-gcc-staging/label/mac-mini/gcc-build/avr/avr5/libgcc/../../../../gcc/libgcc/config/avr/lib1funcs.S:2417
      e6:	05 90       	lpm	r0, Z+
/Users/jenkins/jenkins/workspace/avr-gcc-staging/label/mac-mini/gcc-build/avr/avr5/libgcc/../../../../gcc/libgcc/config/avr/lib1funcs.S:2422
      e8:	0d 92       	st	X+, r0
/Users/jenkins/jenkins/workspace/avr-gcc-staging/label/mac-mini/gcc-build/avr/avr5/libgcc/../../../../gcc/libgcc/config/avr/lib1funcs.S:2424
      ea:	ac 32       	cpi	r26, 0x2C	; 44
/Users/jenkins/jenkins/workspace/avr-gcc-staging/label/mac-mini/gcc-build/avr/avr5/libgcc/../../../../gcc/libgcc/config/avr/lib1funcs.S:2425
      ec:	b1 07       	cpc	r27, r17
/Users/jenkins/jenkins/workspace/avr-gcc-staging/label/mac-mini/gcc-build/avr/avr5/libgcc/../../../../gcc/libgcc/config/avr/lib1funcs.S:2426
      ee:	d9 f7       	brne	.-10     	; 0xe6 <__do_copy_data+0xc>

000000f0 <__do_clear_bss>:
__do_clear_bss():
/Users/jenkins/jenkins/workspace/avr-gcc-staging/label/mac-mini/gcc-build/avr/avr5/libgcc/../../../../gcc/libgcc/config/avr/lib1funcs.S:2441
      f0:	23 e0       	ldi	r18, 0x03	; 3
/Users/jenkins/jenkins/workspace/avr-gcc-staging/label/mac-mini/gcc-build/avr/avr5/libgcc/../../../../gcc/libgcc/config/avr/lib1funcs.S:2442
      f2:	ac e2       	ldi	r26, 0x2C	; 44
/Users/jenkins/jenkins/workspace/avr-gcc-staging/label/mac-mini/gcc-build/avr/avr5/libgcc/../../../../gcc/libgcc/config/avr/lib1funcs.S:2443
      f4:	b2 e0       	ldi	r27, 0x02	; 2
/Users/jenkins/jenkins/workspace/avr-gcc-staging/label/mac-mini/gcc-build/avr/avr5/libgcc/../../../../gcc/libgcc/config/avr/lib1funcs.S:2444
      f6:	01 c0       	rjmp	.+2      	; 0xfa <.do_clear_bss_start>

000000f8 <.do_clear_bss_loop>:
/Users/jenkins/jenkins/workspace/avr-gcc-staging/label/mac-mini/gcc-build/avr/avr5/libgcc/../../../../gcc/libgcc/config/avr/lib1funcs.S:2446
      f8:	1d 92       	st	X+, r1

000000fa <.do_clear_bss_start>:
/Users/jenkins/jenkins/workspace/avr-gcc-staging/label/mac-mini/gcc-build/avr/avr5/libgcc/../../../../gcc/libgcc/config/avr/lib1funcs.S:2448
      fa:	a8 35       	cpi	r26, 0x58	; 88
/Users/jenkins/jenkins/workspace/avr-gcc-staging/label/mac-mini/gcc-build/avr/avr5/libgcc/../../../../gcc/libgcc/config/avr/lib1funcs.S:2449
      fc:	b2 07       	cpc	r27, r18
/Users/jenkins/jenkins/workspace/avr-gcc-staging/label/mac-mini/gcc-build/avr/avr5/libgcc/../../../../gcc/libgcc/config/avr/lib1funcs.S:2450
      fe:	e1 f7       	brne	.-8      	; 0xf8 <.do_clear_bss_loop>

00000100 <__do_global_ctors>:
__do_global_ctors():
/Users/jenkins/jenkins/workspace/avr-gcc-staging/label/mac-mini/gcc-build/avr/avr5/libgcc/../../../../gcc/libgcc/config/avr/lib1funcs.S:2466
     100:	10 e0       	ldi	r17, 0x00	; 0
/Users/jenkins/jenkins/workspace/avr-gcc-staging/label/mac-mini/gcc-build/avr/avr5/libgcc/../../../../gcc/libgcc/config/avr/lib1funcs.S:2467
     102:	c7 e6       	ldi	r28, 0x67	; 103
/Users/jenkins/jenkins/workspace/avr-gcc-staging/label/mac-mini/gcc-build/avr/avr5/libgcc/../../../../gcc/libgcc/config/avr/lib1funcs.S:2468
     104:	d0 e0       	ldi	r29, 0x00	; 0
/Users/jenkins/jenkins/workspace/avr-gcc-staging/label/mac-mini/gcc-build/avr/avr5/libgcc/../../../../gcc/libgcc/config/avr/lib1funcs.S:2472
     106:	04 c0       	rjmp	.+8      	; 0x110 <__do_global_ctors+0x10>
/Users/jenkins/jenkins/workspace/avr-gcc-staging/label/mac-mini/gcc-build/avr/avr5/libgcc/../../../../gcc/libgcc/config/avr/lib1funcs.S:2474
     108:	21 97       	sbiw	r28, 0x01	; 1
/Users/jenkins/jenkins/workspace/avr-gcc-staging/label/mac-mini/gcc-build/avr/avr5/libgcc/../../../../gcc/libgcc/config/avr/lib1funcs.S:2480
     10a:	fe 01       	movw	r30, r28
/Users/jenkins/jenkins/workspace/avr-gcc-staging/label/mac-mini/gcc-build/avr/avr5/libgcc/../../../../gcc/libgcc/config/avr/lib1funcs.S:2481
     10c:	0e 94 b9 15 	call	0x2b72	; 0x2b72 <__tablejump2__>
/Users/jenkins/jenkins/workspace/avr-gcc-staging/label/mac-mini/gcc-build/avr/avr5/libgcc/../../../../gcc/libgcc/config/avr/lib1funcs.S:2483
     110:	c6 36       	cpi	r28, 0x66	; 102
/Users/jenkins/jenkins/workspace/avr-gcc-staging/label/mac-mini/gcc-build/avr/avr5/libgcc/../../../../gcc/libgcc/config/avr/lib1funcs.S:2484
     112:	d1 07       	cpc	r29, r17
/Users/jenkins/jenkins/workspace/avr-gcc-staging/label/mac-mini/gcc-build/avr/avr5/libgcc/../../../../gcc/libgcc/config/avr/lib1funcs.S:2489
     114:	c9 f7       	brne	.-14     	; 0x108 <__do_global_ctors+0x8>
     116:	0e 94 af 11 	call	0x235e	; 0x235e <main>
     11a:	0c 94 e1 15 	jmp	0x2bc2	; 0x2bc2 <_exit>

0000011e <__bad_interrupt>:
__vector_22():
     11e:	0c 94 00 00 	jmp	0	; 0x0 <__vectors>

00000122 <SondeBatteryService::update(unsigned long, bool) [clone .constprop.70]>:
_ZN19SondeBatteryService6updateEmb.constprop.70():
/Users/leyry/Documents/Electronique/Thermonuino/main/modules/sonde/SondeBatteryService.cpp:8
void SondeBatteryService::begin() {
  pinMode(pins_.batterySense, INPUT);
  nextRefreshAt_ = 0;
}

bool SondeBatteryService::update(uint32_t now, bool force) {
     122:	cf 92       	push	r12
     124:	df 92       	push	r13
     126:	ef 92       	push	r14
     128:	ff 92       	push	r15
     12a:	0f 93       	push	r16
     12c:	1f 93       	push	r17
     12e:	b4 2f       	mov	r27, r20
/Users/leyry/Documents/Electronique/Thermonuino/main/modules/sonde/SondeBatteryService.cpp:9
  if (!force && (int32_t)(now - nextRefreshAt_) < 0) {
     130:	41 11       	cpse	r20, r1
     132:	12 c0       	rjmp	.+36     	; 0x158 <SondeBatteryService::update(unsigned long, bool) [clone .constprop.70]+0x36>
     134:	00 91 41 03 	lds	r16, 0x0341	; 0x800341 <batteryService+0x1>
     138:	10 91 42 03 	lds	r17, 0x0342	; 0x800342 <batteryService+0x2>
     13c:	20 91 43 03 	lds	r18, 0x0343	; 0x800343 <batteryService+0x3>
     140:	30 91 44 03 	lds	r19, 0x0344	; 0x800344 <batteryService+0x4>
     144:	6b 01       	movw	r12, r22
     146:	7c 01       	movw	r14, r24
     148:	c0 1a       	sub	r12, r16
     14a:	d1 0a       	sbc	r13, r17
     14c:	e2 0a       	sbc	r14, r18
     14e:	f3 0a       	sbc	r15, r19
     150:	97 01       	movw	r18, r14
     152:	86 01       	movw	r16, r12
     154:	37 fd       	sbrc	r19, 7
     156:	70 c0       	rjmp	.+224    	; 0x238 <SondeBatteryService::update(unsigned long, bool) [clone .constprop.70]+0x116>
/Users/leyry/Documents/Electronique/Thermonuino/main/modules/sonde/SondeBatteryService.cpp:12
    return false;
  }
  nextRefreshAt_ = now + RefreshMs;
     158:	8b 01       	movw	r16, r22
     15a:	9c 01       	movw	r18, r24
     15c:	00 52       	subi	r16, 0x20	; 32
     15e:	1c 46       	sbci	r17, 0x6C	; 108
     160:	2b 4f       	sbci	r18, 0xFB	; 251
     162:	3f 4f       	sbci	r19, 0xFF	; 255
     164:	00 93 41 03 	sts	0x0341, r16	; 0x800341 <batteryService+0x1>
     168:	10 93 42 03 	sts	0x0342, r17	; 0x800342 <batteryService+0x2>
     16c:	20 93 43 03 	sts	0x0343, r18	; 0x800343 <batteryService+0x3>
     170:	30 93 44 03 	sts	0x0344, r19	; 0x800344 <batteryService+0x4>
     174:	94 e0       	ldi	r25, 0x04	; 4
/Users/leyry/Documents/Electronique/Thermonuino/main/modules/sonde/SondeBatteryService.cpp:47
bool SondeBatteryService::batteryCritical() const {
  return batteryCritical_;
}

uint16_t SondeBatteryService::readBatteryMv() {
  uint16_t sum = 0;
     176:	30 e0       	ldi	r19, 0x00	; 0
     178:	20 e0       	ldi	r18, 0x00	; 0
readBatteryMv():
/Users/leyry/Documents/Electronique/Thermonuino/main/modules/sonde/SondeBatteryService.cpp:49
  for (uint8_t i = 0; i < 4; i++) {
    sum += analogRead(pins_.batterySense);
     17a:	80 91 40 03 	lds	r24, 0x0340	; 0x800340 <batteryService>
analogRead():
int analogRead(uint8_t pin)
{

// Macro located in the pins_arduino.h file
#ifdef analogPinToChannel
  pin = analogPinToChannel(pin);
     17e:	88 30       	cpi	r24, 0x08	; 8
     180:	20 f0       	brcs	.+8      	; 0x18a <SondeBatteryService::update(unsigned long, bool) [clone .constprop.70]+0x68>
     182:	8d 30       	cpi	r24, 0x0D	; 13
     184:	08 f4       	brcc	.+2      	; 0x188 <SondeBatteryService::update(unsigned long, bool) [clone .constprop.70]+0x66>
     186:	8d e0       	ldi	r24, 0x0D	; 13
     188:	8e 50       	subi	r24, 0x0E	; 14
/Users/leyry/Library/Arduino15/packages/MiniCore/hardware/avr/3.1.1/cores/MCUdude_corefiles/wiring_analog.c:68
  
  // set the analog reference (high two bits of ADMUX) and select the
  // channel (low 4 bits).  this also sets ADLAR (left-adjust result)
  // to 0 (the default).
#if defined(ADMUX)
  ADMUX = (analog_reference << 6) | (pin & 0x07);
     18a:	87 70       	andi	r24, 0x07	; 7
     18c:	80 64       	ori	r24, 0x40	; 64
     18e:	80 93 7c 00 	sts	0x007C, r24	; 0x80007c <__DATA_REGION_ORIGIN__+0x1c>
/Users/leyry/Library/Arduino15/packages/MiniCore/hardware/avr/3.1.1/cores/MCUdude_corefiles/wiring_analog.c:76
  // without a delay, we seem to read from the wrong channel
  //delay(1);

#if defined(ADCSRA) && defined(ADC)
  // start the conversion
  ADCSRA |= _BV(ADSC);
     192:	80 91 7a 00 	lds	r24, 0x007A	; 0x80007a <__DATA_REGION_ORIGIN__+0x1a>
     196:	80 64       	ori	r24, 0x40	; 64
     198:	80 93 7a 00 	sts	0x007A, r24	; 0x80007a <__DATA_REGION_ORIGIN__+0x1a>
/Users/leyry/Library/Arduino15/packages/MiniCore/hardware/avr/3.1.1/cores/MCUdude_corefiles/wiring_analog.c:79

  // ADSC is cleared when the conversion finishes
  while (ADCSRA & _BV(ADSC)) {};
     19c:	80 91 7a 00 	lds	r24, 0x007A	; 0x80007a <__DATA_REGION_ORIGIN__+0x1a>
     1a0:	86 fd       	sbrc	r24, 6
     1a2:	fc cf       	rjmp	.-8      	; 0x19c <SondeBatteryService::update(unsigned long, bool) [clone .constprop.70]+0x7a>
/Users/leyry/Library/Arduino15/packages/MiniCore/hardware/avr/3.1.1/cores/MCUdude_corefiles/wiring_analog.c:83

  // ADC macro takes care of reading ADC register.
 	// avr-gcc implements the proper reading order: ADCL is read first.
 	return ADC;
     1a4:	40 91 78 00 	lds	r20, 0x0078	; 0x800078 <__DATA_REGION_ORIGIN__+0x18>
     1a8:	50 91 79 00 	lds	r21, 0x0079	; 0x800079 <__DATA_REGION_ORIGIN__+0x19>
readBatteryMv():
/Users/leyry/Documents/Electronique/Thermonuino/main/modules/sonde/SondeBatteryService.cpp:49
     1ac:	24 0f       	add	r18, r20
     1ae:	35 1f       	adc	r19, r21
     1b0:	91 50       	subi	r25, 0x01	; 1
/Users/leyry/Documents/Electronique/Thermonuino/main/modules/sonde/SondeBatteryService.cpp:48
  return batteryCritical_;
}

uint16_t SondeBatteryService::readBatteryMv() {
  uint16_t sum = 0;
  for (uint8_t i = 0; i < 4; i++) {
     1b2:	19 f7       	brne	.-58     	; 0x17a <SondeBatteryService::update(unsigned long, bool) [clone .constprop.70]+0x58>
/Users/leyry/Documents/Electronique/Thermonuino/main/modules/sonde/SondeBatteryService.cpp:51
    sum += analogRead(pins_.batterySense);
  }
  const uint16_t adc = (sum + 2) / 4;
     1b4:	2e 5f       	subi	r18, 0xFE	; 254
     1b6:	3f 4f       	sbci	r19, 0xFF	; 255
     1b8:	36 95       	lsr	r19
     1ba:	27 95       	ror	r18
     1bc:	36 95       	lsr	r19
     1be:	27 95       	ror	r18
/Users/leyry/Documents/Electronique/Thermonuino/main/modules/sonde/SondeBatteryService.cpp:52
  return (uint32_t)adc * AdcReferenceMv * DividerMultiplier / 1023UL;
     1c0:	a8 ec       	ldi	r26, 0xC8	; 200
     1c2:	b9 e1       	ldi	r27, 0x19	; 25
     1c4:	0e 94 bf 15 	call	0x2b7e	; 0x2b7e <__umulhisi3>
     1c8:	2f ef       	ldi	r18, 0xFF	; 255
     1ca:	33 e0       	ldi	r19, 0x03	; 3
     1cc:	40 e0       	ldi	r20, 0x00	; 0
     1ce:	50 e0       	ldi	r21, 0x00	; 0
     1d0:	0e 94 97 15 	call	0x2b2e	; 0x2b2e <__udivmodsi4>
     1d4:	c9 01       	movw	r24, r18
_ZN19SondeBatteryService6updateEmb.constprop.70():
/Users/leyry/Documents/Electronique/Thermonuino/main/modules/sonde/SondeBatteryService.cpp:15
    return false;
  }
  nextRefreshAt_ = now + RefreshMs;

  const uint16_t newBatteryMv = readBatteryMv();
  const bool newKnown = newBatteryMv > NoBatteryThresholdMv;
     1d6:	e1 e0       	ldi	r30, 0x01	; 1
     1d8:	23 33       	cpi	r18, 0x33	; 51
     1da:	31 05       	cpc	r19, r1
     1dc:	08 f4       	brcc	.+2      	; 0x1e0 <SondeBatteryService::update(unsigned long, bool) [clone .constprop.70]+0xbe>
     1de:	e0 e0       	ldi	r30, 0x00	; 0
/Users/leyry/Documents/Electronique/Thermonuino/main/modules/sonde/SondeBatteryService.cpp:16
  const bool newLow = newKnown && newBatteryMv <= LowThresholdMv;
     1e0:	83 33       	cpi	r24, 0x33	; 51
     1e2:	91 05       	cpc	r25, r1
     1e4:	88 f1       	brcs	.+98     	; 0x248 <SondeBatteryService::update(unsigned long, bool) [clone .constprop.70]+0x126>
     1e6:	a1 e0       	ldi	r26, 0x01	; 1
     1e8:	81 36       	cpi	r24, 0x61	; 97
     1ea:	69 e0       	ldi	r22, 0x09	; 9
     1ec:	96 07       	cpc	r25, r22
     1ee:	08 f0       	brcs	.+2      	; 0x1f2 <SondeBatteryService::update(unsigned long, bool) [clone .constprop.70]+0xd0>
     1f0:	a0 e0       	ldi	r26, 0x00	; 0
/Users/leyry/Documents/Electronique/Thermonuino/main/modules/sonde/SondeBatteryService.cpp:17
  const bool newCritical = newKnown && newBatteryMv <= CriticalThresholdMv;
     1f2:	f1 e0       	ldi	r31, 0x01	; 1
     1f4:	89 39       	cpi	r24, 0x99	; 153
     1f6:	68 e0       	ldi	r22, 0x08	; 8
     1f8:	96 07       	cpc	r25, r22
     1fa:	08 f0       	brcs	.+2      	; 0x1fe <SondeBatteryService::update(unsigned long, bool) [clone .constprop.70]+0xdc>
     1fc:	f0 e0       	ldi	r31, 0x00	; 0
/Users/leyry/Documents/Electronique/Thermonuino/main/modules/sonde/SondeBatteryService.cpp:20
  const bool changed = newKnown != batteryKnown_ ||
      newBatteryMv != batteryMv_ ||
      newLow != batteryLow_ ||
     1fe:	60 91 47 03 	lds	r22, 0x0347	; 0x800347 <batteryService+0x7>
     202:	e6 13       	cpse	r30, r22
     204:	23 c0       	rjmp	.+70     	; 0x24c <SondeBatteryService::update(unsigned long, bool) [clone .constprop.70]+0x12a>
/Users/leyry/Documents/Electronique/Thermonuino/main/modules/sonde/SondeBatteryService.cpp:18

  const uint16_t newBatteryMv = readBatteryMv();
  const bool newKnown = newBatteryMv > NoBatteryThresholdMv;
  const bool newLow = newKnown && newBatteryMv <= LowThresholdMv;
  const bool newCritical = newKnown && newBatteryMv <= CriticalThresholdMv;
  const bool changed = newKnown != batteryKnown_ ||
     206:	60 91 45 03 	lds	r22, 0x0345	; 0x800345 <batteryService+0x5>
     20a:	70 91 46 03 	lds	r23, 0x0346	; 0x800346 <batteryService+0x6>
     20e:	68 17       	cp	r22, r24
     210:	79 07       	cpc	r23, r25
     212:	e1 f4       	brne	.+56     	; 0x24c <SondeBatteryService::update(unsigned long, bool) [clone .constprop.70]+0x12a>
/Users/leyry/Documents/Electronique/Thermonuino/main/modules/sonde/SondeBatteryService.cpp:19
      newBatteryMv != batteryMv_ ||
     214:	80 91 48 03 	lds	r24, 0x0348	; 0x800348 <batteryService+0x8>
     218:	8a 13       	cpse	r24, r26
     21a:	18 c0       	rjmp	.+48     	; 0x24c <SondeBatteryService::update(unsigned long, bool) [clone .constprop.70]+0x12a>
/Users/leyry/Documents/Electronique/Thermonuino/main/modules/sonde/SondeBatteryService.cpp:20
      newLow != batteryLow_ ||
     21c:	80 91 49 03 	lds	r24, 0x0349	; 0x800349 <batteryService+0x9>
     220:	bf 2f       	mov	r27, r31
     222:	b8 27       	eor	r27, r24
/Users/leyry/Documents/Electronique/Thermonuino/main/modules/sonde/SondeBatteryService.cpp:23
      newCritical != batteryCritical_;

  batteryMv_ = newBatteryMv;
     224:	30 93 46 03 	sts	0x0346, r19	; 0x800346 <batteryService+0x6>
     228:	20 93 45 03 	sts	0x0345, r18	; 0x800345 <batteryService+0x5>
/Users/leyry/Documents/Electronique/Thermonuino/main/modules/sonde/SondeBatteryService.cpp:24
  batteryKnown_ = newKnown;
     22c:	e0 93 47 03 	sts	0x0347, r30	; 0x800347 <batteryService+0x7>
/Users/leyry/Documents/Electronique/Thermonuino/main/modules/sonde/SondeBatteryService.cpp:25
  batteryLow_ = newLow;
     230:	a0 93 48 03 	sts	0x0348, r26	; 0x800348 <batteryService+0x8>
/Users/leyry/Documents/Electronique/Thermonuino/main/modules/sonde/SondeBatteryService.cpp:26
  batteryCritical_ = newCritical;
     234:	f0 93 49 03 	sts	0x0349, r31	; 0x800349 <batteryService+0x9>
/Users/leyry/Documents/Electronique/Thermonuino/main/modules/sonde/SondeBatteryService.cpp:28
  return changed;
}
     238:	8b 2f       	mov	r24, r27
     23a:	1f 91       	pop	r17
     23c:	0f 91       	pop	r16
     23e:	ff 90       	pop	r15
     240:	ef 90       	pop	r14
     242:	df 90       	pop	r13
     244:	cf 90       	pop	r12
     246:	08 95       	ret
/Users/leyry/Documents/Electronique/Thermonuino/main/modules/sonde/SondeBatteryService.cpp:16
  }
  nextRefreshAt_ = now + RefreshMs;

  const uint16_t newBatteryMv = readBatteryMv();
  const bool newKnown = newBatteryMv > NoBatteryThresholdMv;
  const bool newLow = newKnown && newBatteryMv <= LowThresholdMv;
     248:	a0 e0       	ldi	r26, 0x00	; 0
     24a:	d8 cf       	rjmp	.-80     	; 0x1fc <SondeBatteryService::update(unsigned long, bool) [clone .constprop.70]+0xda>
/Users/leyry/Documents/Electronique/Thermonuino/main/modules/sonde/SondeBatteryService.cpp:20
  const bool newCritical = newKnown && newBatteryMv <= CriticalThresholdMv;
  const bool changed = newKnown != batteryKnown_ ||
      newBatteryMv != batteryMv_ ||
      newLow != batteryLow_ ||
     24c:	b1 e0       	ldi	r27, 0x01	; 1
     24e:	ea cf       	rjmp	.-44     	; 0x224 <SondeBatteryService::update(unsigned long, bool) [clone .constprop.70]+0x102>

00000250 <twi_readFrom.part.0.constprop.63>:
twi_readFrom.part.0.constprop.63():
/Users/leyry/Library/Arduino15/packages/MiniCore/hardware/avr/3.1.1/libraries/Wire/src/utility/twi.c:177
        twi_handleTimeout(twi_do_reset_on_timeout);
        return 0;
      }
    }
  #else
    while(TWI_READY != twi_state){
     250:	90 91 eb 02 	lds	r25, 0x02EB	; 0x8002eb <twi_state>
     254:	91 11       	cpse	r25, r1
     256:	fc cf       	rjmp	.-8      	; 0x250 <twi_readFrom.part.0.constprop.63>
/Users/leyry/Library/Arduino15/packages/MiniCore/hardware/avr/3.1.1/libraries/Wire/src/utility/twi.c:181
      continue;
    }
  #endif
  twi_state = TWI_MRX;
     258:	91 e0       	ldi	r25, 0x01	; 1
     25a:	90 93 eb 02 	sts	0x02EB, r25	; 0x8002eb <twi_state>
/Users/leyry/Library/Arduino15/packages/MiniCore/hardware/avr/3.1.1/libraries/Wire/src/utility/twi.c:182
  twi_sendStop = sendStop;
     25e:	90 93 ea 02 	sts	0x02EA, r25	; 0x8002ea <twi_sendStop>
/Users/leyry/Library/Arduino15/packages/MiniCore/hardware/avr/3.1.1/libraries/Wire/src/utility/twi.c:184
  // reset error state (0xFF.. no error occurred)
  twi_error = 0xFF;
     262:	2f ef       	ldi	r18, 0xFF	; 255
     264:	20 93 e9 02 	sts	0x02E9, r18	; 0x8002e9 <twi_error>
/Users/leyry/Library/Arduino15/packages/MiniCore/hardware/avr/3.1.1/libraries/Wire/src/utility/twi.c:187

  // initialize buffer iteration vars
  twi_masterBuffer = data;
     268:	23 ec       	ldi	r18, 0xC3	; 195
     26a:	32 e0       	ldi	r19, 0x02	; 2
     26c:	30 93 e8 02 	sts	0x02E8, r19	; 0x8002e8 <twi_masterBuffer+0x1>
     270:	20 93 e7 02 	sts	0x02E7, r18	; 0x8002e7 <twi_masterBuffer>
/Users/leyry/Library/Arduino15/packages/MiniCore/hardware/avr/3.1.1/libraries/Wire/src/utility/twi.c:188
  twi_masterBufferIndex = 0;
     274:	10 92 e6 02 	sts	0x02E6, r1	; 0x8002e6 <twi_masterBufferIndex>
/Users/leyry/Library/Arduino15/packages/MiniCore/hardware/avr/3.1.1/libraries/Wire/src/utility/twi.c:189
  twi_masterBufferLength = length-1;  // This is not intuitive, read on...
     278:	2f ef       	ldi	r18, 0xFF	; 255
     27a:	28 0f       	add	r18, r24
     27c:	20 93 e5 02 	sts	0x02E5, r18	; 0x8002e5 <twi_masterBufferLength>
/Users/leyry/Library/Arduino15/packages/MiniCore/hardware/avr/3.1.1/libraries/Wire/src/utility/twi.c:197
  // Therefore we must actually set NACK when the _next_ to last byte is
  // received, causing that NACK to be sent in response to receiving the last
  // expected byte of data.

  // build sla+w, slave device address + w bit
  twi_slarw = TW_READ;
     280:	90 93 e4 02 	sts	0x02E4, r25	; 0x8002e4 <twi_slarw>
/Users/leyry/Library/Arduino15/packages/MiniCore/hardware/avr/3.1.1/libraries/Wire/src/utility/twi.c:198
  twi_slarw |= address << 1;
     284:	90 91 e4 02 	lds	r25, 0x02E4	; 0x8002e4 <twi_slarw>
     288:	90 67       	ori	r25, 0x70	; 112
     28a:	90 93 e4 02 	sts	0x02E4, r25	; 0x8002e4 <twi_slarw>
/Users/leyry/Library/Arduino15/packages/MiniCore/hardware/avr/3.1.1/libraries/Wire/src/utility/twi.c:200

  if (true == twi_inRepStart) {
     28e:	90 91 e3 02 	lds	r25, 0x02E3	; 0x8002e3 <twi_inRepStart>
     292:	91 30       	cpi	r25, 0x01	; 1
     294:	c1 f4       	brne	.+48     	; 0x2c6 <twi_readFrom.part.0.constprop.63+0x76>
/Users/leyry/Library/Arduino15/packages/MiniCore/hardware/avr/3.1.1/libraries/Wire/src/utility/twi.c:207
    // (@@@ we hope), and the TWI statemachine is just waiting for the address byte.
    // We need to remove ourselves from the repeated start state before we enable interrupts,
    // since the ISR is ASYNC, and we could get confused if we hit the ISR before cleaning
    // up. Also, don't enable the START interrupt. There may be one pending from the
    // repeated start that we sent ourselves, and that would really confuse things.
    twi_inRepStart = false; // Remember, we're dealing with an ASYNC ISR
     296:	10 92 e3 02 	sts	0x02E3, r1	; 0x8002e3 <twi_inRepStart>
/Users/leyry/Library/Arduino15/packages/MiniCore/hardware/avr/3.1.1/libraries/Wire/src/utility/twi.c:219
          return 0;
        }
      } while(TWCR & _BV(TWWC));
    #else
      do {
        TWDR = twi_slarw;
     29a:	90 91 e4 02 	lds	r25, 0x02E4	; 0x8002e4 <twi_slarw>
     29e:	90 93 bb 00 	sts	0x00BB, r25	; 0x8000bb <__DATA_REGION_ORIGIN__+0x5b>
/Users/leyry/Library/Arduino15/packages/MiniCore/hardware/avr/3.1.1/libraries/Wire/src/utility/twi.c:220
      } while(TWCR & _BV(TWWC));
     2a2:	90 91 bc 00 	lds	r25, 0x00BC	; 0x8000bc <__DATA_REGION_ORIGIN__+0x5c>
     2a6:	93 fd       	sbrc	r25, 3
     2a8:	f8 cf       	rjmp	.-16     	; 0x29a <twi_readFrom.part.0.constprop.63+0x4a>
/Users/leyry/Library/Arduino15/packages/MiniCore/hardware/avr/3.1.1/libraries/Wire/src/utility/twi.c:222
    #endif
    TWCR = _BV(TWINT) | _BV(TWEA) | _BV(TWEN) | _BV(TWIE);  // enable INTs, but not START
     2aa:	95 ec       	ldi	r25, 0xC5	; 197
/Users/leyry/Library/Arduino15/packages/MiniCore/hardware/avr/3.1.1/libraries/Wire/src/utility/twi.c:226
  }
  else
    // send start condition
    TWCR = _BV(TWEN) | _BV(TWIE) | _BV(TWEA) | _BV(TWINT) | _BV(TWSTA);
     2ac:	90 93 bc 00 	sts	0x00BC, r25	; 0x8000bc <__DATA_REGION_ORIGIN__+0x5c>
/Users/leyry/Library/Arduino15/packages/MiniCore/hardware/avr/3.1.1/libraries/Wire/src/utility/twi.c:238
        twi_handleTimeout(twi_do_reset_on_timeout);
        return 0;
      }
    }
  #else
    while(TWI_MRX == twi_state){
     2b0:	90 91 eb 02 	lds	r25, 0x02EB	; 0x8002eb <twi_state>
     2b4:	91 30       	cpi	r25, 0x01	; 1
     2b6:	e1 f3       	breq	.-8      	; 0x2b0 <twi_readFrom.part.0.constprop.63+0x60>
/Users/leyry/Library/Arduino15/packages/MiniCore/hardware/avr/3.1.1/libraries/Wire/src/utility/twi.c:243
      continue;
    }
  #endif

  if (twi_masterBufferIndex < length)
     2b8:	90 91 e6 02 	lds	r25, 0x02E6	; 0x8002e6 <twi_masterBufferIndex>
     2bc:	98 17       	cp	r25, r24
     2be:	10 f4       	brcc	.+4      	; 0x2c4 <twi_readFrom.part.0.constprop.63+0x74>
/Users/leyry/Library/Arduino15/packages/MiniCore/hardware/avr/3.1.1/libraries/Wire/src/utility/twi.c:244
    length = twi_masterBufferIndex;
     2c0:	80 91 e6 02 	lds	r24, 0x02E6	; 0x8002e6 <twi_masterBufferIndex>
/Users/leyry/Library/Arduino15/packages/MiniCore/hardware/avr/3.1.1/libraries/Wire/src/utility/twi.c:247

  return length;
}
     2c4:	08 95       	ret
/Users/leyry/Library/Arduino15/packages/MiniCore/hardware/avr/3.1.1/libraries/Wire/src/utility/twi.c:226
    #endif
    TWCR = _BV(TWINT) | _BV(TWEA) | _BV(TWEN) | _BV(TWIE);  // enable INTs, but not START
  }
  else
    // send start condition
    TWCR = _BV(TWEN) | _BV(TWIE) | _BV(TWEA) | _BV(TWINT) | _BV(TWSTA);
     2c6:	95 ee       	ldi	r25, 0xE5	; 229
     2c8:	f1 cf       	rjmp	.-30     	; 0x2ac <twi_readFrom.part.0.constprop.63+0x5c>

000002ca <TwoWire::endTransmission(unsigned char) [clone .constprop.60]>:
_ZN7TwoWire15endTransmissionEh.constprop.60():
/Users/leyry/Library/Arduino15/packages/MiniCore/hardware/avr/3.1.1/libraries/Wire/src/Wire.cpp:222
//  the bus tenure has been properly ended with a STOP. It
//  is very possible to leave the bus in a hung state if
//  no call to endTransmission(true) is made. Some I2C
//  devices will behave oddly if they do not see a STOP.
//
uint8_t TwoWire::endTransmission(uint8_t sendStop)
     2ca:	28 2f       	mov	r18, r24
/Users/leyry/Library/Arduino15/packages/MiniCore/hardware/avr/3.1.1/libraries/Wire/src/Wire.cpp:225
{
  // transmit buffer (blocking)
  uint8_t ret = twi_writeTo(txAddress, txBuffer, txBufferLength, 1, sendStop);
     2cc:	90 91 c2 02 	lds	r25, 0x02C2	; 0x8002c2 <TwoWire::txBufferLength>
/Users/leyry/Library/Arduino15/packages/MiniCore/hardware/avr/3.1.1/libraries/Wire/src/utility/twi.c:269
 */
uint8_t twi_writeTo(uint8_t address, uint8_t* data, uint8_t length, uint8_t wait, uint8_t sendStop)
{
  // ensure data will fit into buffer
  if(TWI_BUFFER_SIZE < length){
    return 1;
     2d0:	81 e0       	ldi	r24, 0x01	; 1
twi_writeTo():
/Users/leyry/Library/Arduino15/packages/MiniCore/hardware/avr/3.1.1/libraries/Wire/src/utility/twi.c:268
 *          5 .. timeout
 */
uint8_t twi_writeTo(uint8_t address, uint8_t* data, uint8_t length, uint8_t wait, uint8_t sendStop)
{
  // ensure data will fit into buffer
  if(TWI_BUFFER_SIZE < length){
     2d2:	91 32       	cpi	r25, 0x21	; 33
     2d4:	08 f0       	brcs	.+2      	; 0x2d8 <TwoWire::endTransmission(unsigned char) [clone .constprop.60]+0xe>
     2d6:	42 c0       	rjmp	.+132    	; 0x35c <TwoWire::endTransmission(unsigned char) [clone .constprop.60]+0x92>
/Users/leyry/Library/Arduino15/packages/MiniCore/hardware/avr/3.1.1/libraries/Wire/src/utility/twi.c:282
        twi_handleTimeout(twi_do_reset_on_timeout);
        return (5);
      }
    }
  #else
    while(TWI_READY != twi_state){
     2d8:	80 91 eb 02 	lds	r24, 0x02EB	; 0x8002eb <twi_state>
     2dc:	81 11       	cpse	r24, r1
     2de:	fc cf       	rjmp	.-8      	; 0x2d8 <TwoWire::endTransmission(unsigned char) [clone .constprop.60]+0xe>
_ZN7TwoWire15endTransmissionEh.constprop.60():
/Users/leyry/Library/Arduino15/packages/MiniCore/hardware/avr/3.1.1/libraries/Wire/src/Wire.cpp:225
     2e0:	80 91 c1 02 	lds	r24, 0x02C1	; 0x8002c1 <TwoWire::txAddress>
twi_writeTo():
/Users/leyry/Library/Arduino15/packages/MiniCore/hardware/avr/3.1.1/libraries/Wire/src/utility/twi.c:287
      continue;
    }
  #endif

  twi_state = TWI_MTX;
     2e4:	32 e0       	ldi	r19, 0x02	; 2
     2e6:	30 93 eb 02 	sts	0x02EB, r19	; 0x8002eb <twi_state>
/Users/leyry/Library/Arduino15/packages/MiniCore/hardware/avr/3.1.1/libraries/Wire/src/utility/twi.c:288
  twi_sendStop = sendStop;
     2ea:	20 93 ea 02 	sts	0x02EA, r18	; 0x8002ea <twi_sendStop>
/Users/leyry/Library/Arduino15/packages/MiniCore/hardware/avr/3.1.1/libraries/Wire/src/utility/twi.c:290
  // reset error state (0xFF.. no error occurred)
  twi_error = 0xFF;
     2ee:	2f ef       	ldi	r18, 0xFF	; 255
     2f0:	20 93 e9 02 	sts	0x02E9, r18	; 0x8002e9 <twi_error>
/Users/leyry/Library/Arduino15/packages/MiniCore/hardware/avr/3.1.1/libraries/Wire/src/utility/twi.c:293

  // initialize buffer iteration vars
  twi_masterBuffer = data;
     2f4:	21 ea       	ldi	r18, 0xA1	; 161
     2f6:	32 e0       	ldi	r19, 0x02	; 2
     2f8:	30 93 e8 02 	sts	0x02E8, r19	; 0x8002e8 <twi_masterBuffer+0x1>
     2fc:	20 93 e7 02 	sts	0x02E7, r18	; 0x8002e7 <twi_masterBuffer>
/Users/leyry/Library/Arduino15/packages/MiniCore/hardware/avr/3.1.1/libraries/Wire/src/utility/twi.c:294
  twi_masterBufferIndex = 0;
     300:	10 92 e6 02 	sts	0x02E6, r1	; 0x8002e6 <twi_masterBufferIndex>
/Users/leyry/Library/Arduino15/packages/MiniCore/hardware/avr/3.1.1/libraries/Wire/src/utility/twi.c:295
  twi_masterBufferLength = length;
     304:	90 93 e5 02 	sts	0x02E5, r25	; 0x8002e5 <twi_masterBufferLength>
/Users/leyry/Library/Arduino15/packages/MiniCore/hardware/avr/3.1.1/libraries/Wire/src/utility/twi.c:298

  // build sla+w, slave device address + w bit
  twi_slarw = TW_WRITE;
     308:	10 92 e4 02 	sts	0x02E4, r1	; 0x8002e4 <twi_slarw>
/Users/leyry/Library/Arduino15/packages/MiniCore/hardware/avr/3.1.1/libraries/Wire/src/utility/twi.c:299
  twi_slarw |= address << 1;
     30c:	90 91 e4 02 	lds	r25, 0x02E4	; 0x8002e4 <twi_slarw>
     310:	88 0f       	add	r24, r24
     312:	89 2b       	or	r24, r25
     314:	80 93 e4 02 	sts	0x02E4, r24	; 0x8002e4 <twi_slarw>
/Users/leyry/Library/Arduino15/packages/MiniCore/hardware/avr/3.1.1/libraries/Wire/src/utility/twi.c:304

  // if we're in a repeated start, then we've already sent the START
  // in the ISR. Don't do it again.
  //
  if (true == twi_inRepStart) {
     318:	80 91 e3 02 	lds	r24, 0x02E3	; 0x8002e3 <twi_inRepStart>
     31c:	81 30       	cpi	r24, 0x01	; 1
     31e:	29 f5       	brne	.+74     	; 0x36a <TwoWire::endTransmission(unsigned char) [clone .constprop.60]+0xa0>
/Users/leyry/Library/Arduino15/packages/MiniCore/hardware/avr/3.1.1/libraries/Wire/src/utility/twi.c:311
    // (@@@ we hope), and the TWI statemachine is just waiting for the address byte.
    // We need to remove ourselves from the repeated start state before we enable interrupts,
    // since the ISR is ASYNC, and we could get confused if we hit the ISR before cleaning
    // up. Also, don't enable the START interrupt. There may be one pending from the 
    // repeated start that we sent ourselves, and that would really confuse things.
    twi_inRepStart = false; // Remember, we're dealing with an ASYNC ISR
     320:	10 92 e3 02 	sts	0x02E3, r1	; 0x8002e3 <twi_inRepStart>
/Users/leyry/Library/Arduino15/packages/MiniCore/hardware/avr/3.1.1/libraries/Wire/src/utility/twi.c:322
          return (5);
        }
      } while(TWCR & _BV(TWWC));
    #else
      do {
        TWDR = twi_slarw;
     324:	80 91 e4 02 	lds	r24, 0x02E4	; 0x8002e4 <twi_slarw>
     328:	80 93 bb 00 	sts	0x00BB, r24	; 0x8000bb <__DATA_REGION_ORIGIN__+0x5b>
/Users/leyry/Library/Arduino15/packages/MiniCore/hardware/avr/3.1.1/libraries/Wire/src/utility/twi.c:323
      } while(TWCR & _BV(TWWC));
     32c:	80 91 bc 00 	lds	r24, 0x00BC	; 0x8000bc <__DATA_REGION_ORIGIN__+0x5c>
     330:	83 fd       	sbrc	r24, 3
     332:	f8 cf       	rjmp	.-16     	; 0x324 <TwoWire::endTransmission(unsigned char) [clone .constprop.60]+0x5a>
/Users/leyry/Library/Arduino15/packages/MiniCore/hardware/avr/3.1.1/libraries/Wire/src/utility/twi.c:325
    #endif
    TWCR = _BV(TWINT) | _BV(TWEA) | _BV(TWEN) | _BV(TWIE);  // enable INTs, but not START
     334:	85 ec       	ldi	r24, 0xC5	; 197
/Users/leyry/Library/Arduino15/packages/MiniCore/hardware/avr/3.1.1/libraries/Wire/src/utility/twi.c:329
  }
  else
    // send start condition
    TWCR = _BV(TWINT) | _BV(TWEA) | _BV(TWEN) | _BV(TWIE) | _BV(TWSTA); // enable INTs
     336:	80 93 bc 00 	sts	0x00BC, r24	; 0x8000bc <__DATA_REGION_ORIGIN__+0x5c>
/Users/leyry/Library/Arduino15/packages/MiniCore/hardware/avr/3.1.1/libraries/Wire/src/utility/twi.c:341
        twi_handleTimeout(twi_do_reset_on_timeout);
        return (5);
      }
    }
  #else
    while(wait && (TWI_MTX == twi_state)){
     33a:	80 91 eb 02 	lds	r24, 0x02EB	; 0x8002eb <twi_state>
     33e:	82 30       	cpi	r24, 0x02	; 2
     340:	e1 f3       	breq	.-8      	; 0x33a <TwoWire::endTransmission(unsigned char) [clone .constprop.60]+0x70>
/Users/leyry/Library/Arduino15/packages/MiniCore/hardware/avr/3.1.1/libraries/Wire/src/utility/twi.c:346
      continue;
    }
  #endif

  if (twi_error == 0xFF)
     342:	80 91 e9 02 	lds	r24, 0x02E9	; 0x8002e9 <twi_error>
     346:	8f 3f       	cpi	r24, 0xFF	; 255
     348:	91 f0       	breq	.+36     	; 0x36e <TwoWire::endTransmission(unsigned char) [clone .constprop.60]+0xa4>
/Users/leyry/Library/Arduino15/packages/MiniCore/hardware/avr/3.1.1/libraries/Wire/src/utility/twi.c:348
    return 0; // success
  else if (twi_error == TW_MT_SLA_NACK)
     34a:	80 91 e9 02 	lds	r24, 0x02E9	; 0x8002e9 <twi_error>
     34e:	80 32       	cpi	r24, 0x20	; 32
     350:	81 f0       	breq	.+32     	; 0x372 <TwoWire::endTransmission(unsigned char) [clone .constprop.60]+0xa8>
/Users/leyry/Library/Arduino15/packages/MiniCore/hardware/avr/3.1.1/libraries/Wire/src/utility/twi.c:350
    return 2; // error: address send, nack received
  else if (twi_error == TW_MT_DATA_NACK)
     352:	80 91 e9 02 	lds	r24, 0x02E9	; 0x8002e9 <twi_error>
     356:	80 33       	cpi	r24, 0x30	; 48
     358:	71 f0       	breq	.+28     	; 0x376 <TwoWire::endTransmission(unsigned char) [clone .constprop.60]+0xac>
_ZN7TwoWire15endTransmissionEh.constprop.60():
/Users/leyry/Library/Arduino15/packages/MiniCore/hardware/avr/3.1.1/libraries/Wire/src/utility/twi.c:353
    return 3; // error: data send, nack received
  else
    return 4; // other twi error
     35a:	84 e0       	ldi	r24, 0x04	; 4
/Users/leyry/Library/Arduino15/packages/MiniCore/hardware/avr/3.1.1/libraries/Wire/src/Wire.cpp:227
  // reset tx buffer iterator vars
  txBufferIndex = 0;
     35c:	10 92 a0 02 	sts	0x02A0, r1	; 0x8002a0 <TwoWire::txBufferIndex>
/Users/leyry/Library/Arduino15/packages/MiniCore/hardware/avr/3.1.1/libraries/Wire/src/Wire.cpp:228
  txBufferLength = 0;
     360:	10 92 c2 02 	sts	0x02C2, r1	; 0x8002c2 <TwoWire::txBufferLength>
/Users/leyry/Library/Arduino15/packages/MiniCore/hardware/avr/3.1.1/libraries/Wire/src/Wire.cpp:230
  // indicate that we are done transmitting
  transmitting = 0;
     364:	10 92 9f 02 	sts	0x029F, r1	; 0x80029f <TwoWire::transmitting>
/Users/leyry/Library/Arduino15/packages/MiniCore/hardware/avr/3.1.1/libraries/Wire/src/Wire.cpp:232
  return ret;
}
     368:	08 95       	ret
twi_writeTo():
/Users/leyry/Library/Arduino15/packages/MiniCore/hardware/avr/3.1.1/libraries/Wire/src/utility/twi.c:329
    #endif
    TWCR = _BV(TWINT) | _BV(TWEA) | _BV(TWEN) | _BV(TWIE);  // enable INTs, but not START
  }
  else
    // send start condition
    TWCR = _BV(TWINT) | _BV(TWEA) | _BV(TWEN) | _BV(TWIE) | _BV(TWSTA); // enable INTs
     36a:	85 ee       	ldi	r24, 0xE5	; 229
     36c:	e4 cf       	rjmp	.-56     	; 0x336 <TwoWire::endTransmission(unsigned char) [clone .constprop.60]+0x6c>
_ZN7TwoWire15endTransmissionEh.constprop.60():
/Users/leyry/Library/Arduino15/packages/MiniCore/hardware/avr/3.1.1/libraries/Wire/src/utility/twi.c:347
      continue;
    }
  #endif

  if (twi_error == 0xFF)
    return 0; // success
     36e:	80 e0       	ldi	r24, 0x00	; 0
     370:	f5 cf       	rjmp	.-22     	; 0x35c <TwoWire::endTransmission(unsigned char) [clone .constprop.60]+0x92>
/Users/leyry/Library/Arduino15/packages/MiniCore/hardware/avr/3.1.1/libraries/Wire/src/utility/twi.c:349
  else if (twi_error == TW_MT_SLA_NACK)
    return 2; // error: address send, nack received
     372:	82 e0       	ldi	r24, 0x02	; 2
     374:	f3 cf       	rjmp	.-26     	; 0x35c <TwoWire::endTransmission(unsigned char) [clone .constprop.60]+0x92>
/Users/leyry/Library/Arduino15/packages/MiniCore/hardware/avr/3.1.1/libraries/Wire/src/utility/twi.c:351
  else if (twi_error == TW_MT_DATA_NACK)
    return 3; // error: data send, nack received
     376:	83 e0       	ldi	r24, 0x03	; 3
     378:	f1 cf       	rjmp	.-30     	; 0x35c <TwoWire::endTransmission(unsigned char) [clone .constprop.60]+0x92>

0000037a <TwoWire::available()>:
_ZN7TwoWire9availableEv():
/Users/leyry/Library/Arduino15/packages/MiniCore/hardware/avr/3.1.1/libraries/Wire/src/Wire.cpp:290
// must be called in:
// slave rx event callback
// or after requestFrom(address, numBytes)
int TwoWire::available(void)
{
  return rxBufferLength - rxBufferIndex;
     37a:	80 91 96 02 	lds	r24, 0x0296	; 0x800296 <TwoWire::rxBufferLength>
     37e:	90 91 97 02 	lds	r25, 0x0297	; 0x800297 <TwoWire::rxBufferIndex>
/Users/leyry/Library/Arduino15/packages/MiniCore/hardware/avr/3.1.1/libraries/Wire/src/Wire.cpp:291
}
     382:	89 1b       	sub	r24, r25
     384:	99 0b       	sbc	r25, r25
     386:	08 95       	ret

00000388 <SondeInputService::configurePinChangeInterrupt(unsigned char) [clone .constprop.45]>:
_ZN17SondeInputService27configurePinChangeInterruptEh.constprop.45():
/Users/leyry/Documents/Electronique/Thermonuino/main/modules/sonde/SondeInputService.cpp:122
      return SONDE_INPUT_NONE;
  }
}

void SondeInputService::configurePinChangeInterrupt(uint8_t pin) {
  volatile uint8_t *maskRegister = digitalPinToPCMSK(pin);
     388:	88 30       	cpi	r24, 0x08	; 8
     38a:	60 f0       	brcs	.+24     	; 0x3a4 <SondeInputService::configurePinChangeInterrupt(unsigned char) [clone .constprop.45]+0x1c>
     38c:	8e 30       	cpi	r24, 0x0E	; 14
     38e:	50 f1       	brcs	.+84     	; 0x3e4 <SondeInputService::configurePinChangeInterrupt(unsigned char) [clone .constprop.45]+0x5c>
     390:	84 31       	cpi	r24, 0x14	; 20
     392:	60 f1       	brcs	.+88     	; 0x3ec <SondeInputService::configurePinChangeInterrupt(unsigned char) [clone .constprop.45]+0x64>
     394:	86 31       	cpi	r24, 0x16	; 22
     396:	08 f4       	brcc	.+2      	; 0x39a <SondeInputService::configurePinChangeInterrupt(unsigned char) [clone .constprop.45]+0x12>
     398:	3d c0       	rjmp	.+122    	; 0x414 <__LOCK_REGION_LENGTH__+0x14>
     39a:	ec e6       	ldi	r30, 0x6C	; 108
     39c:	f0 e0       	ldi	r31, 0x00	; 0
     39e:	86 31       	cpi	r24, 0x16	; 22
     3a0:	d9 f1       	breq	.+118    	; 0x418 <__LOCK_REGION_LENGTH__+0x18>
     3a2:	08 95       	ret
     3a4:	ed e6       	ldi	r30, 0x6D	; 109
     3a6:	f0 e0       	ldi	r31, 0x00	; 0
/Users/leyry/Documents/Electronique/Thermonuino/main/modules/sonde/SondeInputService.cpp:127
  if (maskRegister == nullptr) {
    return;
  }

  const uint8_t pcicrBit = digitalPinToPCICRbit(pin);
     3a8:	22 e0       	ldi	r18, 0x02	; 2
/Users/leyry/Documents/Electronique/Thermonuino/main/modules/sonde/SondeInputService.cpp:128
  noInterrupts();
     3aa:	f8 94       	cli
/Users/leyry/Documents/Electronique/Thermonuino/main/modules/sonde/SondeInputService.cpp:129
  *maskRegister |= _BV(digitalPinToPCMSKbit(pin));
     3ac:	30 81       	ld	r19, Z
     3ae:	88 30       	cpi	r24, 0x08	; 8
     3b0:	08 f5       	brcc	.+66     	; 0x3f4 <SondeInputService::configurePinChangeInterrupt(unsigned char) [clone .constprop.45]+0x6c>
     3b2:	91 e0       	ldi	r25, 0x01	; 1
     3b4:	01 c0       	rjmp	.+2      	; 0x3b8 <SondeInputService::configurePinChangeInterrupt(unsigned char) [clone .constprop.45]+0x30>
     3b6:	99 0f       	add	r25, r25
     3b8:	8a 95       	dec	r24
     3ba:	ea f7       	brpl	.-6      	; 0x3b6 <SondeInputService::configurePinChangeInterrupt(unsigned char) [clone .constprop.45]+0x2e>
     3bc:	89 2f       	mov	r24, r25
     3be:	83 2b       	or	r24, r19
     3c0:	80 83       	st	Z, r24
/Users/leyry/Documents/Electronique/Thermonuino/main/modules/sonde/SondeInputService.cpp:130
  PCIFR |= _BV(pcicrBit);
     3c2:	3b b3       	in	r19, 0x1b	; 27
     3c4:	81 e0       	ldi	r24, 0x01	; 1
     3c6:	90 e0       	ldi	r25, 0x00	; 0
     3c8:	01 c0       	rjmp	.+2      	; 0x3cc <SondeInputService::configurePinChangeInterrupt(unsigned char) [clone .constprop.45]+0x44>
     3ca:	88 0f       	add	r24, r24
     3cc:	2a 95       	dec	r18
     3ce:	ea f7       	brpl	.-6      	; 0x3ca <SondeInputService::configurePinChangeInterrupt(unsigned char) [clone .constprop.45]+0x42>
     3d0:	93 2f       	mov	r25, r19
     3d2:	98 2b       	or	r25, r24
     3d4:	9b bb       	out	0x1b, r25	; 27
/Users/leyry/Documents/Electronique/Thermonuino/main/modules/sonde/SondeInputService.cpp:131
  PCICR |= _BV(pcicrBit);
     3d6:	90 91 68 00 	lds	r25, 0x0068	; 0x800068 <__DATA_REGION_ORIGIN__+0x8>
     3da:	89 2b       	or	r24, r25
     3dc:	80 93 68 00 	sts	0x0068, r24	; 0x800068 <__DATA_REGION_ORIGIN__+0x8>
/Users/leyry/Documents/Electronique/Thermonuino/main/modules/sonde/SondeInputService.cpp:132
  interrupts();
     3e0:	78 94       	sei
/Users/leyry/Documents/Electronique/Thermonuino/main/modules/sonde/SondeInputService.cpp:133
}
     3e2:	08 95       	ret
/Users/leyry/Documents/Electronique/Thermonuino/main/modules/sonde/SondeInputService.cpp:122
      return SONDE_INPUT_NONE;
  }
}

void SondeInputService::configurePinChangeInterrupt(uint8_t pin) {
  volatile uint8_t *maskRegister = digitalPinToPCMSK(pin);
     3e4:	eb e6       	ldi	r30, 0x6B	; 107
     3e6:	f0 e0       	ldi	r31, 0x00	; 0
/Users/leyry/Documents/Electronique/Thermonuino/main/modules/sonde/SondeInputService.cpp:127
  if (maskRegister == nullptr) {
    return;
  }

  const uint8_t pcicrBit = digitalPinToPCICRbit(pin);
     3e8:	20 e0       	ldi	r18, 0x00	; 0
     3ea:	df cf       	rjmp	.-66     	; 0x3aa <SondeInputService::configurePinChangeInterrupt(unsigned char) [clone .constprop.45]+0x22>
/Users/leyry/Documents/Electronique/Thermonuino/main/modules/sonde/SondeInputService.cpp:122
      return SONDE_INPUT_NONE;
  }
}

void SondeInputService::configurePinChangeInterrupt(uint8_t pin) {
  volatile uint8_t *maskRegister = digitalPinToPCMSK(pin);
     3ec:	ec e6       	ldi	r30, 0x6C	; 108
     3ee:	f0 e0       	ldi	r31, 0x00	; 0
/Users/leyry/Documents/Electronique/Thermonuino/main/modules/sonde/SondeInputService.cpp:127
  if (maskRegister == nullptr) {
    return;
  }

  const uint8_t pcicrBit = digitalPinToPCICRbit(pin);
     3f0:	21 e0       	ldi	r18, 0x01	; 1
     3f2:	db cf       	rjmp	.-74     	; 0x3aa <SondeInputService::configurePinChangeInterrupt(unsigned char) [clone .constprop.45]+0x22>
/Users/leyry/Documents/Electronique/Thermonuino/main/modules/sonde/SondeInputService.cpp:129
  noInterrupts();
  *maskRegister |= _BV(digitalPinToPCMSKbit(pin));
     3f4:	8e 30       	cpi	r24, 0x0E	; 14
     3f6:	18 f4       	brcc	.+6      	; 0x3fe <SondeInputService::configurePinChangeInterrupt(unsigned char) [clone .constprop.45]+0x76>
     3f8:	88 50       	subi	r24, 0x08	; 8
     3fa:	99 0b       	sbc	r25, r25
     3fc:	da cf       	rjmp	.-76     	; 0x3b2 <SondeInputService::configurePinChangeInterrupt(unsigned char) [clone .constprop.45]+0x2a>
     3fe:	86 31       	cpi	r24, 0x16	; 22
     400:	18 f4       	brcc	.+6      	; 0x408 <__LOCK_REGION_LENGTH__+0x8>
     402:	8e 50       	subi	r24, 0x0E	; 14
     404:	99 0b       	sbc	r25, r25
     406:	d5 cf       	rjmp	.-86     	; 0x3b2 <SondeInputService::configurePinChangeInterrupt(unsigned char) [clone .constprop.45]+0x2a>
     408:	86 31       	cpi	r24, 0x16	; 22
     40a:	11 f4       	brne	.+4      	; 0x410 <__LOCK_REGION_LENGTH__+0x10>
     40c:	80 e4       	ldi	r24, 0x40	; 64
     40e:	d7 cf       	rjmp	.-82     	; 0x3be <SondeInputService::configurePinChangeInterrupt(unsigned char) [clone .constprop.45]+0x36>
     410:	80 e0       	ldi	r24, 0x00	; 0
     412:	d5 cf       	rjmp	.-86     	; 0x3be <SondeInputService::configurePinChangeInterrupt(unsigned char) [clone .constprop.45]+0x36>
/Users/leyry/Documents/Electronique/Thermonuino/main/modules/sonde/SondeInputService.cpp:122
      return SONDE_INPUT_NONE;
  }
}

void SondeInputService::configurePinChangeInterrupt(uint8_t pin) {
  volatile uint8_t *maskRegister = digitalPinToPCMSK(pin);
     414:	eb e6       	ldi	r30, 0x6B	; 107
     416:	f0 e0       	ldi	r31, 0x00	; 0
/Users/leyry/Documents/Electronique/Thermonuino/main/modules/sonde/SondeInputService.cpp:127
  if (maskRegister == nullptr) {
    return;
  }

  const uint8_t pcicrBit = digitalPinToPCICRbit(pin);
     418:	21 e0       	ldi	r18, 0x01	; 1
     41a:	86 31       	cpi	r24, 0x16	; 22
     41c:	08 f4       	brcc	.+2      	; 0x420 <__LOCK_REGION_LENGTH__+0x20>
     41e:	20 e0       	ldi	r18, 0x00	; 0
     420:	21 95       	neg	r18
     422:	c3 cf       	rjmp	.-122    	; 0x3aa <SondeInputService::configurePinChangeInterrupt(unsigned char) [clone .constprop.45]+0x22>

00000424 <delayMicroseconds.constprop.37>:
delayMicroseconds.constprop.37():
/Users/leyry/Library/Arduino15/packages/MiniCore/hardware/avr/3.1.1/cores/MCUdude_corefiles/wiring.c:761
              // 2 cycles to jump back to delay cycle.
  }

#elif F_CPU >= 8000000L
  // for the 8 MHz clock
  __asm__ __volatile__ (
     424:	00 00       	nop
     426:	00 00       	nop
/Users/leyry/Library/Arduino15/packages/MiniCore/hardware/avr/3.1.1/cores/MCUdude_corefiles/wiring.c:929
  us >>= 2; // us div 4, = 4 cycles

#endif

  // busy wait
  __asm__ __volatile__ (
     428:	8f e0       	ldi	r24, 0x0F	; 15
     42a:	90 e0       	ldi	r25, 0x00	; 0
     42c:	01 97       	sbiw	r24, 0x01	; 1
     42e:	f1 f7       	brne	.-4      	; 0x42c <delayMicroseconds.constprop.37+0x8>
/Users/leyry/Library/Arduino15/packages/MiniCore/hardware/avr/3.1.1/cores/MCUdude_corefiles/wiring.c:939
    "   brne 1b"                     // 2 cycles
    : /* no outputs */
    : "w" (us)
  );
  // return = 4 cycles
}
     430:	08 95       	ret

00000432 <(anonymous namespace)::sevenSegmentDigitPixel(char, int, int, unsigned int, unsigned int) [clone .constprop.33]>:
_ZN12_GLOBAL__N_122sevenSegmentDigitPixelEciijj.constprop.33():
/Users/leyry/Documents/Electronique/Thermonuino/main/modules/sonde/SondeUi.cpp:260
    default:
      return 0;
  }
}

bool sevenSegmentDigitPixel(char value,
     432:	8d 52       	subi	r24, 0x2D	; 45
     434:	8d 30       	cpi	r24, 0x0D	; 13
     436:	08 f0       	brcs	.+2      	; 0x43a <(anonymous namespace)::sevenSegmentDigitPixel(char, int, int, unsigned int, unsigned int) [clone .constprop.33]+0x8>
     438:	7b c0       	rjmp	.+246    	; 0x530 <(anonymous namespace)::sevenSegmentDigitPixel(char, int, int, unsigned int, unsigned int) [clone .constprop.33]+0xfe>
     43a:	e8 2f       	mov	r30, r24
     43c:	f0 e0       	ldi	r31, 0x00	; 0
     43e:	e0 53       	subi	r30, 0x30	; 48
     440:	fe 4f       	sbci	r31, 0xFE	; 254
     442:	80 81       	ld	r24, Z
/Users/leyry/Documents/Electronique/Thermonuino/main/modules/sonde/SondeUi.cpp:269
                            uint16_t y) {
  const int16_t digitW = 20;
  const int16_t digitH = 42;
  const int16_t thick = 4;
  const uint8_t mask = sevenSegmentMask(value);
  if (mask == 0 || !rectPixel(x0, y0, digitW, digitH, x, y)) {
     444:	88 23       	and	r24, r24
     446:	09 f4       	brne	.+2      	; 0x44a <(anonymous namespace)::sevenSegmentDigitPixel(char, int, int, unsigned int, unsigned int) [clone .constprop.33]+0x18>
     448:	73 c0       	rjmp	.+230    	; 0x530 <(anonymous namespace)::sevenSegmentDigitPixel(char, int, int, unsigned int, unsigned int) [clone .constprop.33]+0xfe>
rectPixel():
/Users/leyry/Documents/Electronique/Thermonuino/main/modules/sonde/SondeUi.cpp:228
               int16_t w,
               int16_t h,
               uint16_t x,
               uint16_t y) {
  return (int16_t)x >= x0 && (int16_t)y >= y0 &&
      (int16_t)x < x0 + w && (int16_t)y < y0 + h;
     44a:	46 17       	cp	r20, r22
     44c:	57 07       	cpc	r21, r23
     44e:	0c f4       	brge	.+2      	; 0x452 <(anonymous namespace)::sevenSegmentDigitPixel(char, int, int, unsigned int, unsigned int) [clone .constprop.33]+0x20>
     450:	6f c0       	rjmp	.+222    	; 0x530 <(anonymous namespace)::sevenSegmentDigitPixel(char, int, int, unsigned int, unsigned int) [clone .constprop.33]+0xfe>
/Users/leyry/Documents/Electronique/Thermonuino/main/modules/sonde/SondeUi.cpp:227
               int16_t y0,
               int16_t w,
               int16_t h,
               uint16_t x,
               uint16_t y) {
  return (int16_t)x >= x0 && (int16_t)y >= y0 &&
     452:	f9 01       	movw	r30, r18
     454:	77 97       	sbiw	r30, 0x17	; 23
     456:	ba 97       	sbiw	r30, 0x2a	; 42
     458:	08 f0       	brcs	.+2      	; 0x45c <(anonymous namespace)::sevenSegmentDigitPixel(char, int, int, unsigned int, unsigned int) [clone .constprop.33]+0x2a>
     45a:	6a c0       	rjmp	.+212    	; 0x530 <(anonymous namespace)::sevenSegmentDigitPixel(char, int, int, unsigned int, unsigned int) [clone .constprop.33]+0xfe>
/Users/leyry/Documents/Electronique/Thermonuino/main/modules/sonde/SondeUi.cpp:228
      (int16_t)x < x0 + w && (int16_t)y < y0 + h;
     45c:	fb 01       	movw	r30, r22
     45e:	74 96       	adiw	r30, 0x14	; 20
/Users/leyry/Documents/Electronique/Thermonuino/main/modules/sonde/SondeUi.cpp:227
               int16_t y0,
               int16_t w,
               int16_t h,
               uint16_t x,
               uint16_t y) {
  return (int16_t)x >= x0 && (int16_t)y >= y0 &&
     460:	4e 17       	cp	r20, r30
     462:	5f 07       	cpc	r21, r31
     464:	0c f0       	brlt	.+2      	; 0x468 <(anonymous namespace)::sevenSegmentDigitPixel(char, int, int, unsigned int, unsigned int) [clone .constprop.33]+0x36>
     466:	64 c0       	rjmp	.+200    	; 0x530 <(anonymous namespace)::sevenSegmentDigitPixel(char, int, int, unsigned int, unsigned int) [clone .constprop.33]+0xfe>
_ZN12_GLOBAL__N_122sevenSegmentDigitPixelEciijj.constprop.33():
/Users/leyry/Documents/Electronique/Thermonuino/main/modules/sonde/SondeUi.cpp:278
  return ((mask & 0b0000001) && rectPixel(x0 + thick, y0, digitW - 2 * thick, thick, x, y)) ||
      ((mask & 0b0000010) && rectPixel(x0 + digitW - thick, y0 + thick, thick, digitH / 2 - thick, x, y)) ||
      ((mask & 0b0000100) && rectPixel(x0 + digitW - thick, y0 + digitH / 2, thick, digitH / 2 - thick, x, y)) ||
      ((mask & 0b0001000) && rectPixel(x0 + thick, y0 + digitH - thick, digitW - 2 * thick, thick, x, y)) ||
      ((mask & 0b0010000) && rectPixel(x0, y0 + digitH / 2, thick, digitH / 2 - thick, x, y)) ||
      ((mask & 0b0100000) && rectPixel(x0, y0 + thick, thick, digitH / 2 - thick, x, y)) ||
     468:	80 ff       	sbrs	r24, 0
     46a:	0c c0       	rjmp	.+24     	; 0x484 <(anonymous namespace)::sevenSegmentDigitPixel(char, int, int, unsigned int, unsigned int) [clone .constprop.33]+0x52>
/Users/leyry/Documents/Electronique/Thermonuino/main/modules/sonde/SondeUi.cpp:273
  const uint8_t mask = sevenSegmentMask(value);
  if (mask == 0 || !rectPixel(x0, y0, digitW, digitH, x, y)) {
    return false;
  }

  return ((mask & 0b0000001) && rectPixel(x0 + thick, y0, digitW - 2 * thick, thick, x, y)) ||
     46c:	70 97       	sbiw	r30, 0x10	; 16
rectPixel():
/Users/leyry/Documents/Electronique/Thermonuino/main/modules/sonde/SondeUi.cpp:228
               int16_t w,
               int16_t h,
               uint16_t x,
               uint16_t y) {
  return (int16_t)x >= x0 && (int16_t)y >= y0 &&
      (int16_t)x < x0 + w && (int16_t)y < y0 + h;
     46e:	4e 17       	cp	r20, r30
     470:	5f 07       	cpc	r21, r31
     472:	44 f0       	brlt	.+16     	; 0x484 <(anonymous namespace)::sevenSegmentDigitPixel(char, int, int, unsigned int, unsigned int) [clone .constprop.33]+0x52>
     474:	3c 96       	adiw	r30, 0x0c	; 12
/Users/leyry/Documents/Electronique/Thermonuino/main/modules/sonde/SondeUi.cpp:227
               int16_t y0,
               int16_t w,
               int16_t h,
               uint16_t x,
               uint16_t y) {
  return (int16_t)x >= x0 && (int16_t)y >= y0 &&
     476:	4e 17       	cp	r20, r30
     478:	5f 07       	cpc	r21, r31
     47a:	24 f4       	brge	.+8      	; 0x484 <(anonymous namespace)::sevenSegmentDigitPixel(char, int, int, unsigned int, unsigned int) [clone .constprop.33]+0x52>
/Users/leyry/Documents/Electronique/Thermonuino/main/modules/sonde/SondeUi.cpp:228
      (int16_t)x < x0 + w && (int16_t)y < y0 + h;
     47c:	2b 31       	cpi	r18, 0x1B	; 27
     47e:	31 05       	cpc	r19, r1
     480:	0c f4       	brge	.+2      	; 0x484 <(anonymous namespace)::sevenSegmentDigitPixel(char, int, int, unsigned int, unsigned int) [clone .constprop.33]+0x52>
     482:	58 c0       	rjmp	.+176    	; 0x534 <(anonymous namespace)::sevenSegmentDigitPixel(char, int, int, unsigned int, unsigned int) [clone .constprop.33]+0x102>
_ZN12_GLOBAL__N_122sevenSegmentDigitPixelEciijj.constprop.33():
/Users/leyry/Documents/Electronique/Thermonuino/main/modules/sonde/SondeUi.cpp:273
  const uint8_t mask = sevenSegmentMask(value);
  if (mask == 0 || !rectPixel(x0, y0, digitW, digitH, x, y)) {
    return false;
  }

  return ((mask & 0b0000001) && rectPixel(x0 + thick, y0, digitW - 2 * thick, thick, x, y)) ||
     484:	81 ff       	sbrs	r24, 1
     486:	0c c0       	rjmp	.+24     	; 0x4a0 <(anonymous namespace)::sevenSegmentDigitPixel(char, int, int, unsigned int, unsigned int) [clone .constprop.33]+0x6e>
/Users/leyry/Documents/Electronique/Thermonuino/main/modules/sonde/SondeUi.cpp:274
      ((mask & 0b0000010) && rectPixel(x0 + digitW - thick, y0 + thick, thick, digitH / 2 - thick, x, y)) ||
     488:	fb 01       	movw	r30, r22
     48a:	70 96       	adiw	r30, 0x10	; 16
rectPixel():
/Users/leyry/Documents/Electronique/Thermonuino/main/modules/sonde/SondeUi.cpp:228
               int16_t w,
               int16_t h,
               uint16_t x,
               uint16_t y) {
  return (int16_t)x >= x0 && (int16_t)y >= y0 &&
      (int16_t)x < x0 + w && (int16_t)y < y0 + h;
     48c:	4e 17       	cp	r20, r30
     48e:	5f 07       	cpc	r21, r31
     490:	3c f0       	brlt	.+14     	; 0x4a0 <(anonymous namespace)::sevenSegmentDigitPixel(char, int, int, unsigned int, unsigned int) [clone .constprop.33]+0x6e>
/Users/leyry/Documents/Electronique/Thermonuino/main/modules/sonde/SondeUi.cpp:227
               int16_t y0,
               int16_t w,
               int16_t h,
               uint16_t x,
               uint16_t y) {
  return (int16_t)x >= x0 && (int16_t)y >= y0 &&
     492:	2b 31       	cpi	r18, 0x1B	; 27
     494:	31 05       	cpc	r19, r1
     496:	20 f0       	brcs	.+8      	; 0x4a0 <(anonymous namespace)::sevenSegmentDigitPixel(char, int, int, unsigned int, unsigned int) [clone .constprop.33]+0x6e>
/Users/leyry/Documents/Electronique/Thermonuino/main/modules/sonde/SondeUi.cpp:228
      (int16_t)x < x0 + w && (int16_t)y < y0 + h;
     498:	2c 32       	cpi	r18, 0x2C	; 44
     49a:	31 05       	cpc	r19, r1
     49c:	0c f4       	brge	.+2      	; 0x4a0 <(anonymous namespace)::sevenSegmentDigitPixel(char, int, int, unsigned int, unsigned int) [clone .constprop.33]+0x6e>
     49e:	4a c0       	rjmp	.+148    	; 0x534 <(anonymous namespace)::sevenSegmentDigitPixel(char, int, int, unsigned int, unsigned int) [clone .constprop.33]+0x102>
_ZN12_GLOBAL__N_122sevenSegmentDigitPixelEciijj.constprop.33():
/Users/leyry/Documents/Electronique/Thermonuino/main/modules/sonde/SondeUi.cpp:274
  if (mask == 0 || !rectPixel(x0, y0, digitW, digitH, x, y)) {
    return false;
  }

  return ((mask & 0b0000001) && rectPixel(x0 + thick, y0, digitW - 2 * thick, thick, x, y)) ||
      ((mask & 0b0000010) && rectPixel(x0 + digitW - thick, y0 + thick, thick, digitH / 2 - thick, x, y)) ||
     4a0:	82 ff       	sbrs	r24, 2
     4a2:	0b c0       	rjmp	.+22     	; 0x4ba <(anonymous namespace)::sevenSegmentDigitPixel(char, int, int, unsigned int, unsigned int) [clone .constprop.33]+0x88>
/Users/leyry/Documents/Electronique/Thermonuino/main/modules/sonde/SondeUi.cpp:275
      ((mask & 0b0000100) && rectPixel(x0 + digitW - thick, y0 + digitH / 2, thick, digitH / 2 - thick, x, y)) ||
     4a4:	fb 01       	movw	r30, r22
     4a6:	70 96       	adiw	r30, 0x10	; 16
rectPixel():
/Users/leyry/Documents/Electronique/Thermonuino/main/modules/sonde/SondeUi.cpp:228
               int16_t w,
               int16_t h,
               uint16_t x,
               uint16_t y) {
  return (int16_t)x >= x0 && (int16_t)y >= y0 &&
      (int16_t)x < x0 + w && (int16_t)y < y0 + h;
     4a8:	4e 17       	cp	r20, r30
     4aa:	5f 07       	cpc	r21, r31
     4ac:	34 f0       	brlt	.+12     	; 0x4ba <(anonymous namespace)::sevenSegmentDigitPixel(char, int, int, unsigned int, unsigned int) [clone .constprop.33]+0x88>
/Users/leyry/Documents/Electronique/Thermonuino/main/modules/sonde/SondeUi.cpp:227
               int16_t y0,
               int16_t w,
               int16_t h,
               uint16_t x,
               uint16_t y) {
  return (int16_t)x >= x0 && (int16_t)y >= y0 &&
     4ae:	2c 32       	cpi	r18, 0x2C	; 44
     4b0:	31 05       	cpc	r19, r1
     4b2:	18 f0       	brcs	.+6      	; 0x4ba <(anonymous namespace)::sevenSegmentDigitPixel(char, int, int, unsigned int, unsigned int) [clone .constprop.33]+0x88>
/Users/leyry/Documents/Electronique/Thermonuino/main/modules/sonde/SondeUi.cpp:228
      (int16_t)x < x0 + w && (int16_t)y < y0 + h;
     4b4:	2d 33       	cpi	r18, 0x3D	; 61
     4b6:	31 05       	cpc	r19, r1
     4b8:	ec f1       	brlt	.+122    	; 0x534 <(anonymous namespace)::sevenSegmentDigitPixel(char, int, int, unsigned int, unsigned int) [clone .constprop.33]+0x102>
_ZN12_GLOBAL__N_122sevenSegmentDigitPixelEciijj.constprop.33():
/Users/leyry/Documents/Electronique/Thermonuino/main/modules/sonde/SondeUi.cpp:275
    return false;
  }

  return ((mask & 0b0000001) && rectPixel(x0 + thick, y0, digitW - 2 * thick, thick, x, y)) ||
      ((mask & 0b0000010) && rectPixel(x0 + digitW - thick, y0 + thick, thick, digitH / 2 - thick, x, y)) ||
      ((mask & 0b0000100) && rectPixel(x0 + digitW - thick, y0 + digitH / 2, thick, digitH / 2 - thick, x, y)) ||
     4ba:	83 ff       	sbrs	r24, 3
     4bc:	0c c0       	rjmp	.+24     	; 0x4d6 <(anonymous namespace)::sevenSegmentDigitPixel(char, int, int, unsigned int, unsigned int) [clone .constprop.33]+0xa4>
/Users/leyry/Documents/Electronique/Thermonuino/main/modules/sonde/SondeUi.cpp:276
      ((mask & 0b0001000) && rectPixel(x0 + thick, y0 + digitH - thick, digitW - 2 * thick, thick, x, y)) ||
     4be:	fb 01       	movw	r30, r22
     4c0:	34 96       	adiw	r30, 0x04	; 4
rectPixel():
/Users/leyry/Documents/Electronique/Thermonuino/main/modules/sonde/SondeUi.cpp:228
               int16_t w,
               int16_t h,
               uint16_t x,
               uint16_t y) {
  return (int16_t)x >= x0 && (int16_t)y >= y0 &&
      (int16_t)x < x0 + w && (int16_t)y < y0 + h;
     4c2:	4e 17       	cp	r20, r30
     4c4:	5f 07       	cpc	r21, r31
     4c6:	3c f0       	brlt	.+14     	; 0x4d6 <(anonymous namespace)::sevenSegmentDigitPixel(char, int, int, unsigned int, unsigned int) [clone .constprop.33]+0xa4>
/Users/leyry/Documents/Electronique/Thermonuino/main/modules/sonde/SondeUi.cpp:227
               int16_t y0,
               int16_t w,
               int16_t h,
               uint16_t x,
               uint16_t y) {
  return (int16_t)x >= x0 && (int16_t)y >= y0 &&
     4c8:	2d 33       	cpi	r18, 0x3D	; 61
     4ca:	31 05       	cpc	r19, r1
     4cc:	20 f0       	brcs	.+8      	; 0x4d6 <(anonymous namespace)::sevenSegmentDigitPixel(char, int, int, unsigned int, unsigned int) [clone .constprop.33]+0xa4>
/Users/leyry/Documents/Electronique/Thermonuino/main/modules/sonde/SondeUi.cpp:228
      (int16_t)x < x0 + w && (int16_t)y < y0 + h;
     4ce:	3c 96       	adiw	r30, 0x0c	; 12
/Users/leyry/Documents/Electronique/Thermonuino/main/modules/sonde/SondeUi.cpp:227
               int16_t y0,
               int16_t w,
               int16_t h,
               uint16_t x,
               uint16_t y) {
  return (int16_t)x >= x0 && (int16_t)y >= y0 &&
     4d0:	4e 17       	cp	r20, r30
     4d2:	5f 07       	cpc	r21, r31
     4d4:	7c f1       	brlt	.+94     	; 0x534 <(anonymous namespace)::sevenSegmentDigitPixel(char, int, int, unsigned int, unsigned int) [clone .constprop.33]+0x102>
_ZN12_GLOBAL__N_122sevenSegmentDigitPixelEciijj.constprop.33():
/Users/leyry/Documents/Electronique/Thermonuino/main/modules/sonde/SondeUi.cpp:276
  }

  return ((mask & 0b0000001) && rectPixel(x0 + thick, y0, digitW - 2 * thick, thick, x, y)) ||
      ((mask & 0b0000010) && rectPixel(x0 + digitW - thick, y0 + thick, thick, digitH / 2 - thick, x, y)) ||
      ((mask & 0b0000100) && rectPixel(x0 + digitW - thick, y0 + digitH / 2, thick, digitH / 2 - thick, x, y)) ||
      ((mask & 0b0001000) && rectPixel(x0 + thick, y0 + digitH - thick, digitW - 2 * thick, thick, x, y)) ||
     4d6:	84 ff       	sbrs	r24, 4
     4d8:	0b c0       	rjmp	.+22     	; 0x4f0 <(anonymous namespace)::sevenSegmentDigitPixel(char, int, int, unsigned int, unsigned int) [clone .constprop.33]+0xbe>
rectPixel():
/Users/leyry/Documents/Electronique/Thermonuino/main/modules/sonde/SondeUi.cpp:227
               int16_t y0,
               int16_t w,
               int16_t h,
               uint16_t x,
               uint16_t y) {
  return (int16_t)x >= x0 && (int16_t)y >= y0 &&
     4da:	2c 32       	cpi	r18, 0x2C	; 44
     4dc:	31 05       	cpc	r19, r1
     4de:	40 f0       	brcs	.+16     	; 0x4f0 <(anonymous namespace)::sevenSegmentDigitPixel(char, int, int, unsigned int, unsigned int) [clone .constprop.33]+0xbe>
/Users/leyry/Documents/Electronique/Thermonuino/main/modules/sonde/SondeUi.cpp:228
      (int16_t)x < x0 + w && (int16_t)y < y0 + h;
     4e0:	fb 01       	movw	r30, r22
     4e2:	34 96       	adiw	r30, 0x04	; 4
/Users/leyry/Documents/Electronique/Thermonuino/main/modules/sonde/SondeUi.cpp:227
               int16_t y0,
               int16_t w,
               int16_t h,
               uint16_t x,
               uint16_t y) {
  return (int16_t)x >= x0 && (int16_t)y >= y0 &&
     4e4:	4e 17       	cp	r20, r30
     4e6:	5f 07       	cpc	r21, r31
     4e8:	1c f4       	brge	.+6      	; 0x4f0 <(anonymous namespace)::sevenSegmentDigitPixel(char, int, int, unsigned int, unsigned int) [clone .constprop.33]+0xbe>
/Users/leyry/Documents/Electronique/Thermonuino/main/modules/sonde/SondeUi.cpp:228
      (int16_t)x < x0 + w && (int16_t)y < y0 + h;
     4ea:	2d 33       	cpi	r18, 0x3D	; 61
     4ec:	31 05       	cpc	r19, r1
     4ee:	14 f1       	brlt	.+68     	; 0x534 <(anonymous namespace)::sevenSegmentDigitPixel(char, int, int, unsigned int, unsigned int) [clone .constprop.33]+0x102>
_ZN12_GLOBAL__N_122sevenSegmentDigitPixelEciijj.constprop.33():
/Users/leyry/Documents/Electronique/Thermonuino/main/modules/sonde/SondeUi.cpp:277

  return ((mask & 0b0000001) && rectPixel(x0 + thick, y0, digitW - 2 * thick, thick, x, y)) ||
      ((mask & 0b0000010) && rectPixel(x0 + digitW - thick, y0 + thick, thick, digitH / 2 - thick, x, y)) ||
      ((mask & 0b0000100) && rectPixel(x0 + digitW - thick, y0 + digitH / 2, thick, digitH / 2 - thick, x, y)) ||
      ((mask & 0b0001000) && rectPixel(x0 + thick, y0 + digitH - thick, digitW - 2 * thick, thick, x, y)) ||
      ((mask & 0b0010000) && rectPixel(x0, y0 + digitH / 2, thick, digitH / 2 - thick, x, y)) ||
     4f0:	85 ff       	sbrs	r24, 5
     4f2:	0b c0       	rjmp	.+22     	; 0x50a <(anonymous namespace)::sevenSegmentDigitPixel(char, int, int, unsigned int, unsigned int) [clone .constprop.33]+0xd8>
rectPixel():
/Users/leyry/Documents/Electronique/Thermonuino/main/modules/sonde/SondeUi.cpp:227
               int16_t y0,
               int16_t w,
               int16_t h,
               uint16_t x,
               uint16_t y) {
  return (int16_t)x >= x0 && (int16_t)y >= y0 &&
     4f4:	2b 31       	cpi	r18, 0x1B	; 27
     4f6:	31 05       	cpc	r19, r1
     4f8:	40 f0       	brcs	.+16     	; 0x50a <(anonymous namespace)::sevenSegmentDigitPixel(char, int, int, unsigned int, unsigned int) [clone .constprop.33]+0xd8>
/Users/leyry/Documents/Electronique/Thermonuino/main/modules/sonde/SondeUi.cpp:228
      (int16_t)x < x0 + w && (int16_t)y < y0 + h;
     4fa:	fb 01       	movw	r30, r22
     4fc:	34 96       	adiw	r30, 0x04	; 4
/Users/leyry/Documents/Electronique/Thermonuino/main/modules/sonde/SondeUi.cpp:227
               int16_t y0,
               int16_t w,
               int16_t h,
               uint16_t x,
               uint16_t y) {
  return (int16_t)x >= x0 && (int16_t)y >= y0 &&
     4fe:	4e 17       	cp	r20, r30
     500:	5f 07       	cpc	r21, r31
     502:	1c f4       	brge	.+6      	; 0x50a <(anonymous namespace)::sevenSegmentDigitPixel(char, int, int, unsigned int, unsigned int) [clone .constprop.33]+0xd8>
/Users/leyry/Documents/Electronique/Thermonuino/main/modules/sonde/SondeUi.cpp:228
      (int16_t)x < x0 + w && (int16_t)y < y0 + h;
     504:	2c 32       	cpi	r18, 0x2C	; 44
     506:	31 05       	cpc	r19, r1
     508:	ac f0       	brlt	.+42     	; 0x534 <(anonymous namespace)::sevenSegmentDigitPixel(char, int, int, unsigned int, unsigned int) [clone .constprop.33]+0x102>
_ZN12_GLOBAL__N_122sevenSegmentDigitPixelEciijj.constprop.33():
/Users/leyry/Documents/Electronique/Thermonuino/main/modules/sonde/SondeUi.cpp:278
  return ((mask & 0b0000001) && rectPixel(x0 + thick, y0, digitW - 2 * thick, thick, x, y)) ||
      ((mask & 0b0000010) && rectPixel(x0 + digitW - thick, y0 + thick, thick, digitH / 2 - thick, x, y)) ||
      ((mask & 0b0000100) && rectPixel(x0 + digitW - thick, y0 + digitH / 2, thick, digitH / 2 - thick, x, y)) ||
      ((mask & 0b0001000) && rectPixel(x0 + thick, y0 + digitH - thick, digitW - 2 * thick, thick, x, y)) ||
      ((mask & 0b0010000) && rectPixel(x0, y0 + digitH / 2, thick, digitH / 2 - thick, x, y)) ||
      ((mask & 0b0100000) && rectPixel(x0, y0 + thick, thick, digitH / 2 - thick, x, y)) ||
     50a:	86 ff       	sbrs	r24, 6
     50c:	11 c0       	rjmp	.+34     	; 0x530 <(anonymous namespace)::sevenSegmentDigitPixel(char, int, int, unsigned int, unsigned int) [clone .constprop.33]+0xfe>
/Users/leyry/Documents/Electronique/Thermonuino/main/modules/sonde/SondeUi.cpp:279
      ((mask & 0b1000000) && rectPixel(x0 + thick, y0 + digitH / 2 - thick / 2, digitW - 2 * thick, thick, x, y));
     50e:	cb 01       	movw	r24, r22
     510:	04 96       	adiw	r24, 0x04	; 4
rectPixel():
/Users/leyry/Documents/Electronique/Thermonuino/main/modules/sonde/SondeUi.cpp:228
               int16_t w,
               int16_t h,
               uint16_t x,
               uint16_t y) {
  return (int16_t)x >= x0 && (int16_t)y >= y0 &&
      (int16_t)x < x0 + w && (int16_t)y < y0 + h;
     512:	48 17       	cp	r20, r24
     514:	59 07       	cpc	r21, r25
     516:	64 f0       	brlt	.+24     	; 0x530 <(anonymous namespace)::sevenSegmentDigitPixel(char, int, int, unsigned int, unsigned int) [clone .constprop.33]+0xfe>
/Users/leyry/Documents/Electronique/Thermonuino/main/modules/sonde/SondeUi.cpp:227
               int16_t y0,
               int16_t w,
               int16_t h,
               uint16_t x,
               uint16_t y) {
  return (int16_t)x >= x0 && (int16_t)y >= y0 &&
     518:	2a 32       	cpi	r18, 0x2A	; 42
     51a:	31 05       	cpc	r19, r1
     51c:	48 f0       	brcs	.+18     	; 0x530 <(anonymous namespace)::sevenSegmentDigitPixel(char, int, int, unsigned int, unsigned int) [clone .constprop.33]+0xfe>
/Users/leyry/Documents/Electronique/Thermonuino/main/modules/sonde/SondeUi.cpp:228
      (int16_t)x < x0 + w && (int16_t)y < y0 + h;
     51e:	60 5f       	subi	r22, 0xF0	; 240
     520:	7f 4f       	sbci	r23, 0xFF	; 255
/Users/leyry/Documents/Electronique/Thermonuino/main/modules/sonde/SondeUi.cpp:227
               int16_t y0,
               int16_t w,
               int16_t h,
               uint16_t x,
               uint16_t y) {
  return (int16_t)x >= x0 && (int16_t)y >= y0 &&
     522:	46 17       	cp	r20, r22
     524:	57 07       	cpc	r21, r23
     526:	24 f4       	brge	.+8      	; 0x530 <(anonymous namespace)::sevenSegmentDigitPixel(char, int, int, unsigned int, unsigned int) [clone .constprop.33]+0xfe>
/Users/leyry/Documents/Electronique/Thermonuino/main/modules/sonde/SondeUi.cpp:228
      (int16_t)x < x0 + w && (int16_t)y < y0 + h;
     528:	81 e0       	ldi	r24, 0x01	; 1
     52a:	2e 32       	cpi	r18, 0x2E	; 46
     52c:	31 05       	cpc	r19, r1
     52e:	0c f0       	brlt	.+2      	; 0x532 <(anonymous namespace)::sevenSegmentDigitPixel(char, int, int, unsigned int, unsigned int) [clone .constprop.33]+0x100>
_ZN12_GLOBAL__N_122sevenSegmentDigitPixelEciijj.constprop.33():
/Users/leyry/Documents/Electronique/Thermonuino/main/modules/sonde/SondeUi.cpp:270
  const int16_t digitW = 20;
  const int16_t digitH = 42;
  const int16_t thick = 4;
  const uint8_t mask = sevenSegmentMask(value);
  if (mask == 0 || !rectPixel(x0, y0, digitW, digitH, x, y)) {
    return false;
     530:	80 e0       	ldi	r24, 0x00	; 0
/Users/leyry/Documents/Electronique/Thermonuino/main/modules/sonde/SondeUi.cpp:280
      ((mask & 0b0000100) && rectPixel(x0 + digitW - thick, y0 + digitH / 2, thick, digitH / 2 - thick, x, y)) ||
      ((mask & 0b0001000) && rectPixel(x0 + thick, y0 + digitH - thick, digitW - 2 * thick, thick, x, y)) ||
      ((mask & 0b0010000) && rectPixel(x0, y0 + digitH / 2, thick, digitH / 2 - thick, x, y)) ||
      ((mask & 0b0100000) && rectPixel(x0, y0 + thick, thick, digitH / 2 - thick, x, y)) ||
      ((mask & 0b1000000) && rectPixel(x0 + thick, y0 + digitH / 2 - thick / 2, digitW - 2 * thick, thick, x, y));
}
     532:	08 95       	ret
/Users/leyry/Documents/Electronique/Thermonuino/main/modules/sonde/SondeUi.cpp:278
  return ((mask & 0b0000001) && rectPixel(x0 + thick, y0, digitW - 2 * thick, thick, x, y)) ||
      ((mask & 0b0000010) && rectPixel(x0 + digitW - thick, y0 + thick, thick, digitH / 2 - thick, x, y)) ||
      ((mask & 0b0000100) && rectPixel(x0 + digitW - thick, y0 + digitH / 2, thick, digitH / 2 - thick, x, y)) ||
      ((mask & 0b0001000) && rectPixel(x0 + thick, y0 + digitH - thick, digitW - 2 * thick, thick, x, y)) ||
      ((mask & 0b0010000) && rectPixel(x0, y0 + digitH / 2, thick, digitH / 2 - thick, x, y)) ||
      ((mask & 0b0100000) && rectPixel(x0, y0 + thick, thick, digitH / 2 - thick, x, y)) ||
     534:	81 e0       	ldi	r24, 0x01	; 1
     536:	08 95       	ret

00000538 <(anonymous namespace)::segmentPixel(int, int, int, int, unsigned int, unsigned int, int) [clone .constprop.30]>:
_ZN12_GLOBAL__N_112segmentPixelEiiiijji.constprop.30():
/Users/leyry/Documents/Electronique/Thermonuino/main/modules/sonde/SondeUi.cpp:339
      sevenSegmentCommaPixel(commaX, y0, x, y) ||
      sevenSegmentDigitPixel(decimal, decimalX, y0, x, y) ||
      sevenSegmentDegreePixel(degreeX, y0, x, y);
}

bool segmentPixel(int16_t x1,
     538:	4f 92       	push	r4
     53a:	5f 92       	push	r5
     53c:	6f 92       	push	r6
     53e:	7f 92       	push	r7
     540:	8f 92       	push	r8
     542:	9f 92       	push	r9
     544:	af 92       	push	r10
     546:	bf 92       	push	r11
     548:	cf 92       	push	r12
     54a:	df 92       	push	r13
     54c:	ef 92       	push	r14
     54e:	ff 92       	push	r15
     550:	0f 93       	push	r16
     552:	1f 93       	push	r17
     554:	cf 93       	push	r28
     556:	df 93       	push	r29
     558:	cd b7       	in	r28, 0x3d	; 61
     55a:	de b7       	in	r29, 0x3e	; 62
     55c:	2c 97       	sbiw	r28, 0x0c	; 12
     55e:	0f b6       	in	r0, 0x3f	; 63
     560:	f8 94       	cli
     562:	de bf       	out	0x3e, r29	; 62
     564:	0f be       	out	0x3f, r0	; 63
     566:	cd bf       	out	0x3d, r28	; 61
     568:	f7 01       	movw	r30, r14
/Users/leyry/Documents/Electronique/Thermonuino/main/modules/sonde/SondeUi.cpp:346
                  int16_t x2,
                  int16_t y2,
                  uint16_t x,
                  uint16_t y,
                  int16_t thickness) {
  const int32_t dx = (int32_t)x2 - x1;
     56a:	09 2e       	mov	r0, r25
     56c:	00 0c       	add	r0, r0
     56e:	aa 0b       	sbc	r26, r26
     570:	bb 0b       	sbc	r27, r27
     572:	6a 01       	movw	r12, r20
     574:	55 0f       	add	r21, r21
     576:	ee 08       	sbc	r14, r14
     578:	ff 08       	sbc	r15, r15
     57a:	c8 1a       	sub	r12, r24
     57c:	d9 0a       	sbc	r13, r25
     57e:	ea 0a       	sbc	r14, r26
     580:	fb 0a       	sbc	r15, r27
/Users/leyry/Documents/Electronique/Thermonuino/main/modules/sonde/SondeUi.cpp:347
  const int32_t dy = (int32_t)y2 - y1;
     582:	ab 01       	movw	r20, r22
     584:	77 0f       	add	r23, r23
     586:	66 0b       	sbc	r22, r22
     588:	77 0b       	sbc	r23, r23
     58a:	49 01       	movw	r8, r18
     58c:	33 0f       	add	r19, r19
     58e:	aa 08       	sbc	r10, r10
     590:	bb 08       	sbc	r11, r11
     592:	84 1a       	sub	r8, r20
     594:	95 0a       	sbc	r9, r21
     596:	a6 0a       	sbc	r10, r22
     598:	b7 0a       	sbc	r11, r23
/Users/leyry/Documents/Electronique/Thermonuino/main/modules/sonde/SondeUi.cpp:348
  const int32_t px = (int32_t)x - x1;
     59a:	30 e0       	ldi	r19, 0x00	; 0
     59c:	20 e0       	ldi	r18, 0x00	; 0
     59e:	28 01       	movw	r4, r16
     5a0:	39 01       	movw	r6, r18
     5a2:	48 1a       	sub	r4, r24
     5a4:	59 0a       	sbc	r5, r25
     5a6:	6a 0a       	sbc	r6, r26
     5a8:	7b 0a       	sbc	r7, r27
     5aa:	49 82       	std	Y+1, r4	; 0x01
     5ac:	5a 82       	std	Y+2, r5	; 0x02
     5ae:	6b 82       	std	Y+3, r6	; 0x03
     5b0:	7c 82       	std	Y+4, r7	; 0x04
/Users/leyry/Documents/Electronique/Thermonuino/main/modules/sonde/SondeUi.cpp:349
  const int32_t py = (int32_t)y - y1;
     5b2:	b0 e0       	ldi	r27, 0x00	; 0
     5b4:	a0 e0       	ldi	r26, 0x00	; 0
     5b6:	8f 01       	movw	r16, r30
     5b8:	9d 01       	movw	r18, r26
     5ba:	04 1b       	sub	r16, r20
     5bc:	15 0b       	sbc	r17, r21
     5be:	26 0b       	sbc	r18, r22
     5c0:	37 0b       	sbc	r19, r23
     5c2:	0d 83       	std	Y+5, r16	; 0x05
     5c4:	1e 83       	std	Y+6, r17	; 0x06
     5c6:	2f 83       	std	Y+7, r18	; 0x07
     5c8:	38 87       	std	Y+8, r19	; 0x08
/Users/leyry/Documents/Electronique/Thermonuino/main/modules/sonde/SondeUi.cpp:350
  const int32_t dot = px * dx + py * dy;
     5ca:	a7 01       	movw	r20, r14
     5cc:	96 01       	movw	r18, r12
     5ce:	c3 01       	movw	r24, r6
     5d0:	b2 01       	movw	r22, r4
     5d2:	0e 94 53 15 	call	0x2aa6	; 0x2aa6 <__mulsi3>
     5d6:	2b 01       	movw	r4, r22
     5d8:	3c 01       	movw	r6, r24
     5da:	a5 01       	movw	r20, r10
     5dc:	94 01       	movw	r18, r8
     5de:	6d 81       	ldd	r22, Y+5	; 0x05
     5e0:	7e 81       	ldd	r23, Y+6	; 0x06
     5e2:	8f 81       	ldd	r24, Y+7	; 0x07
     5e4:	98 85       	ldd	r25, Y+8	; 0x08
     5e6:	0e 94 53 15 	call	0x2aa6	; 0x2aa6 <__mulsi3>
     5ea:	93 01       	movw	r18, r6
     5ec:	82 01       	movw	r16, r4
     5ee:	06 0f       	add	r16, r22
     5f0:	17 1f       	adc	r17, r23
     5f2:	28 1f       	adc	r18, r24
     5f4:	39 1f       	adc	r19, r25
     5f6:	09 87       	std	Y+9, r16	; 0x09
     5f8:	1a 87       	std	Y+10, r17	; 0x0a
     5fa:	2b 87       	std	Y+11, r18	; 0x0b
     5fc:	3c 87       	std	Y+12, r19	; 0x0c
/Users/leyry/Documents/Electronique/Thermonuino/main/modules/sonde/SondeUi.cpp:352
  const int32_t len2 = dx * dx + dy * dy;
  if (dot < 0 || dot > len2) {
     5fe:	37 fd       	sbrc	r19, 7
     600:	43 c0       	rjmp	.+134    	; 0x688 <(anonymous namespace)::segmentPixel(int, int, int, int, unsigned int, unsigned int, int) [clone .constprop.30]+0x150>
/Users/leyry/Documents/Electronique/Thermonuino/main/modules/sonde/SondeUi.cpp:351
  const int32_t dx = (int32_t)x2 - x1;
  const int32_t dy = (int32_t)y2 - y1;
  const int32_t px = (int32_t)x - x1;
  const int32_t py = (int32_t)y - y1;
  const int32_t dot = px * dx + py * dy;
  const int32_t len2 = dx * dx + dy * dy;
     602:	a7 01       	movw	r20, r14
     604:	96 01       	movw	r18, r12
     606:	c7 01       	movw	r24, r14
     608:	b6 01       	movw	r22, r12
     60a:	0e 94 53 15 	call	0x2aa6	; 0x2aa6 <__mulsi3>
     60e:	2b 01       	movw	r4, r22
     610:	3c 01       	movw	r6, r24
     612:	a5 01       	movw	r20, r10
     614:	94 01       	movw	r18, r8
     616:	c5 01       	movw	r24, r10
     618:	b4 01       	movw	r22, r8
     61a:	0e 94 53 15 	call	0x2aa6	; 0x2aa6 <__mulsi3>
     61e:	46 0e       	add	r4, r22
     620:	57 1e       	adc	r5, r23
     622:	68 1e       	adc	r6, r24
     624:	79 1e       	adc	r7, r25
/Users/leyry/Documents/Electronique/Thermonuino/main/modules/sonde/SondeUi.cpp:352
  if (dot < 0 || dot > len2) {
     626:	09 85       	ldd	r16, Y+9	; 0x09
     628:	1a 85       	ldd	r17, Y+10	; 0x0a
     62a:	2b 85       	ldd	r18, Y+11	; 0x0b
     62c:	3c 85       	ldd	r19, Y+12	; 0x0c
     62e:	40 16       	cp	r4, r16
     630:	51 06       	cpc	r5, r17
     632:	62 06       	cpc	r6, r18
     634:	73 06       	cpc	r7, r19
     636:	44 f1       	brlt	.+80     	; 0x688 <(anonymous namespace)::segmentPixel(int, int, int, int, unsigned int, unsigned int, int) [clone .constprop.30]+0x150>
/Users/leyry/Documents/Electronique/Thermonuino/main/modules/sonde/SondeUi.cpp:356
    return false;
  }

  const int32_t cross = px * dy - py * dx;
     638:	94 01       	movw	r18, r8
     63a:	69 81       	ldd	r22, Y+1	; 0x01
     63c:	7a 81       	ldd	r23, Y+2	; 0x02
     63e:	8b 81       	ldd	r24, Y+3	; 0x03
     640:	9c 81       	ldd	r25, Y+4	; 0x04
     642:	0e 94 53 15 	call	0x2aa6	; 0x2aa6 <__mulsi3>
     646:	4b 01       	movw	r8, r22
     648:	5c 01       	movw	r10, r24
     64a:	a7 01       	movw	r20, r14
     64c:	96 01       	movw	r18, r12
     64e:	6d 81       	ldd	r22, Y+5	; 0x05
     650:	7e 81       	ldd	r23, Y+6	; 0x06
     652:	8f 81       	ldd	r24, Y+7	; 0x07
     654:	98 85       	ldd	r25, Y+8	; 0x08
     656:	0e 94 53 15 	call	0x2aa6	; 0x2aa6 <__mulsi3>
     65a:	a5 01       	movw	r20, r10
     65c:	94 01       	movw	r18, r8
     65e:	26 1b       	sub	r18, r22
     660:	37 0b       	sbc	r19, r23
     662:	48 0b       	sbc	r20, r24
     664:	59 0b       	sbc	r21, r25
     666:	ca 01       	movw	r24, r20
     668:	b9 01       	movw	r22, r18
/Users/leyry/Documents/Electronique/Thermonuino/main/modules/sonde/SondeUi.cpp:357
  return cross * cross <= (int32_t)thickness * thickness * len2;
     66a:	0e 94 53 15 	call	0x2aa6	; 0x2aa6 <__mulsi3>
     66e:	22 e0       	ldi	r18, 0x02	; 2
     670:	44 0c       	add	r4, r4
     672:	55 1c       	adc	r5, r5
     674:	66 1c       	adc	r6, r6
     676:	77 1c       	adc	r7, r7
     678:	2a 95       	dec	r18
     67a:	d1 f7       	brne	.-12     	; 0x670 <(anonymous namespace)::segmentPixel(int, int, int, int, unsigned int, unsigned int, int) [clone .constprop.30]+0x138>
     67c:	21 e0       	ldi	r18, 0x01	; 1
     67e:	46 16       	cp	r4, r22
     680:	57 06       	cpc	r5, r23
     682:	68 06       	cpc	r6, r24
     684:	79 06       	cpc	r7, r25
     686:	0c f4       	brge	.+2      	; 0x68a <(anonymous namespace)::segmentPixel(int, int, int, int, unsigned int, unsigned int, int) [clone .constprop.30]+0x152>
/Users/leyry/Documents/Electronique/Thermonuino/main/modules/sonde/SondeUi.cpp:353
  const int32_t px = (int32_t)x - x1;
  const int32_t py = (int32_t)y - y1;
  const int32_t dot = px * dx + py * dy;
  const int32_t len2 = dx * dx + dy * dy;
  if (dot < 0 || dot > len2) {
    return false;
     688:	20 e0       	ldi	r18, 0x00	; 0
/Users/leyry/Documents/Electronique/Thermonuino/main/modules/sonde/SondeUi.cpp:358
  }

  const int32_t cross = px * dy - py * dx;
  return cross * cross <= (int32_t)thickness * thickness * len2;
}
     68a:	82 2f       	mov	r24, r18
     68c:	2c 96       	adiw	r28, 0x0c	; 12
     68e:	0f b6       	in	r0, 0x3f	; 63
     690:	f8 94       	cli
     692:	de bf       	out	0x3e, r29	; 62
     694:	0f be       	out	0x3f, r0	; 63
     696:	cd bf       	out	0x3d, r28	; 61
     698:	df 91       	pop	r29
     69a:	cf 91       	pop	r28
     69c:	1f 91       	pop	r17
     69e:	0f 91       	pop	r16
     6a0:	ff 90       	pop	r15
     6a2:	ef 90       	pop	r14
     6a4:	df 90       	pop	r13
     6a6:	cf 90       	pop	r12
     6a8:	bf 90       	pop	r11
     6aa:	af 90       	pop	r10
     6ac:	9f 90       	pop	r9
     6ae:	8f 90       	pop	r8
     6b0:	7f 90       	pop	r7
     6b2:	6f 90       	pop	r6
     6b4:	5f 90       	pop	r5
     6b6:	4f 90       	pop	r4
     6b8:	08 95       	ret

000006ba <(anonymous namespace)::segmentedTempPixel(int, bool, int, int, unsigned int, unsigned int) [clone .constprop.28]>:
_ZN12_GLOBAL__N_118segmentedTempPixelEibiijj.constprop.28():
/Users/leyry/Documents/Electronique/Thermonuino/main/modules/sonde/SondeUi.cpp:294
      rectPixel(x0 + 2, y0 + 8, 5, 2, x, y) ||
      rectPixel(x0, y0 + 3, 2, 5, x, y) ||
      rectPixel(x0 + 7, y0 + 3, 2, 5, x, y);
}

bool segmentedTempPixel(int16_t tempDeciC,
     6ba:	ef 92       	push	r14
     6bc:	ff 92       	push	r15
     6be:	0f 93       	push	r16
     6c0:	1f 93       	push	r17
     6c2:	cf 93       	push	r28
     6c4:	df 93       	push	r29
     6c6:	8a 01       	movw	r16, r20
rectPixel():
/Users/leyry/Documents/Electronique/Thermonuino/main/modules/sonde/SondeUi.cpp:228
               int16_t w,
               int16_t h,
               uint16_t x,
               uint16_t y) {
  return (int16_t)x >= x0 && (int16_t)y >= y0 &&
      (int16_t)x < x0 + w && (int16_t)y < y0 + h;
     6c8:	4b 54       	subi	r20, 0x4B	; 75
     6ca:	51 09       	sbc	r21, r1
     6cc:	49 35       	cpi	r20, 0x59	; 89
     6ce:	51 05       	cpc	r21, r1
     6d0:	08 f0       	brcs	.+2      	; 0x6d4 <(anonymous namespace)::segmentedTempPixel(int, bool, int, int, unsigned int, unsigned int) [clone .constprop.28]+0x1a>
     6d2:	91 c0       	rjmp	.+290    	; 0x7f6 <(anonymous namespace)::segmentedTempPixel(int, bool, int, int, unsigned int, unsigned int) [clone .constprop.28]+0x13c>
/Users/leyry/Documents/Electronique/Thermonuino/main/modules/sonde/SondeUi.cpp:227
               int16_t y0,
               int16_t w,
               int16_t h,
               uint16_t x,
               uint16_t y) {
  return (int16_t)x >= x0 && (int16_t)y >= y0 &&
     6d4:	a9 01       	movw	r20, r18
     6d6:	47 51       	subi	r20, 0x17	; 23
     6d8:	51 09       	sbc	r21, r1
     6da:	4a 32       	cpi	r20, 0x2A	; 42
     6dc:	51 05       	cpc	r21, r1
     6de:	08 f0       	brcs	.+2      	; 0x6e2 <(anonymous namespace)::segmentedTempPixel(int, bool, int, int, unsigned int, unsigned int) [clone .constprop.28]+0x28>
     6e0:	8a c0       	rjmp	.+276    	; 0x7f6 <(anonymous namespace)::segmentedTempPixel(int, bool, int, int, unsigned int, unsigned int) [clone .constprop.28]+0x13c>
_ZN12_GLOBAL__N_118segmentedTempPixelEibiijj.constprop.28():
/Users/leyry/Documents/Electronique/Thermonuino/main/modules/sonde/SondeUi.cpp:311
  }

  char tens = '-';
  char units = '-';
  char decimal = '-';
  if (known) {
     6e2:	66 23       	and	r22, r22
     6e4:	09 f4       	brne	.+2      	; 0x6e8 <(anonymous namespace)::segmentedTempPixel(int, bool, int, int, unsigned int, unsigned int) [clone .constprop.28]+0x2e>
     6e6:	5d c0       	rjmp	.+186    	; 0x7a2 <(anonymous namespace)::segmentedTempPixel(int, bool, int, int, unsigned int, unsigned int) [clone .constprop.28]+0xe8>
roundToHalfDegree():
/Users/leyry/Documents/Electronique/Thermonuino/main/modules/sonde/SondeUi.cpp:59
  buffer[pos] = '\0';
  return pos;
}

int16_t roundToHalfDegree(int16_t tempDeciC) {
  if (tempDeciC >= 0) {
     6e8:	97 fd       	sbrc	r25, 7
     6ea:	51 c0       	rjmp	.+162    	; 0x78e <(anonymous namespace)::segmentedTempPixel(int, bool, int, int, unsigned int, unsigned int) [clone .constprop.28]+0xd4>
/Users/leyry/Documents/Electronique/Thermonuino/main/modules/sonde/SondeUi.cpp:60
    return ((tempDeciC + 2) / 5) * 5;
     6ec:	02 96       	adiw	r24, 0x02	; 2
/Users/leyry/Documents/Electronique/Thermonuino/main/modules/sonde/SondeUi.cpp:62
  }
  return ((tempDeciC - 2) / 5) * 5;
     6ee:	65 e0       	ldi	r22, 0x05	; 5
     6f0:	70 e0       	ldi	r23, 0x00	; 0
     6f2:	0e 94 83 15 	call	0x2b06	; 0x2b06 <__divmodhi4>
     6f6:	85 e0       	ldi	r24, 0x05	; 5
     6f8:	86 9f       	mul	r24, r22
     6fa:	f0 01       	movw	r30, r0
     6fc:	87 9f       	mul	r24, r23
     6fe:	f0 0d       	add	r31, r0
     700:	11 24       	eor	r1, r1
_ZN12_GLOBAL__N_118segmentedTempPixelEibiijj.constprop.28():
/Users/leyry/Documents/Electronique/Thermonuino/main/modules/sonde/SondeUi.cpp:313
  char tens = '-';
  char units = '-';
  char decimal = '-';
  if (known) {
    tempDeciC = roundToHalfDegree(tempDeciC);
    const int16_t tempAbs = tempDeciC < 0 ? -tempDeciC : tempDeciC;
     702:	ef 01       	movw	r28, r30
     704:	f7 ff       	sbrs	r31, 7
     706:	04 c0       	rjmp	.+8      	; 0x710 <(anonymous namespace)::segmentedTempPixel(int, bool, int, int, unsigned int, unsigned int) [clone .constprop.28]+0x56>
     708:	cc 27       	eor	r28, r28
     70a:	dd 27       	eor	r29, r29
     70c:	ce 1b       	sub	r28, r30
     70e:	df 0b       	sbc	r29, r31
/Users/leyry/Documents/Electronique/Thermonuino/main/modules/sonde/SondeUi.cpp:314
    uint8_t whole = tempAbs / 10;
     710:	ce 01       	movw	r24, r28
     712:	6a e0       	ldi	r22, 0x0A	; 10
     714:	70 e0       	ldi	r23, 0x00	; 0
     716:	0e 94 83 15 	call	0x2b06	; 0x2b06 <__divmodhi4>
     71a:	46 2f       	mov	r20, r22
/Users/leyry/Documents/Electronique/Thermonuino/main/modules/sonde/SondeUi.cpp:315
    if (whole > 99) {
     71c:	64 36       	cpi	r22, 0x64	; 100
     71e:	c8 f5       	brcc	.+114    	; 0x792 <(anonymous namespace)::segmentedTempPixel(int, bool, int, int, unsigned int, unsigned int) [clone .constprop.28]+0xd8>
/Users/leyry/Documents/Electronique/Thermonuino/main/modules/sonde/SondeUi.cpp:318
      whole = 99;
    }
    tens = whole >= 10 ? (char)('0' + whole / 10) : ' ';
     720:	6a 30       	cpi	r22, 0x0A	; 10
     722:	c8 f1       	brcs	.+114    	; 0x796 <(anonymous namespace)::segmentedTempPixel(int, bool, int, int, unsigned int, unsigned int) [clone .constprop.28]+0xdc>
     724:	84 2f       	mov	r24, r20
     726:	6a e0       	ldi	r22, 0x0A	; 10
     728:	0e 94 63 15 	call	0x2ac6	; 0x2ac6 <__udivmodqi4>
     72c:	e0 e3       	ldi	r30, 0x30	; 48
     72e:	e8 0f       	add	r30, r24
/Users/leyry/Documents/Electronique/Thermonuino/main/modules/sonde/SondeUi.cpp:322
    if (tempDeciC < 0 && whole < 10) {
      tens = '-';
    }
    units = (char)('0' + whole % 10);
     730:	84 2f       	mov	r24, r20
     732:	6a e0       	ldi	r22, 0x0A	; 10
     734:	0e 94 63 15 	call	0x2ac6	; 0x2ac6 <__udivmodqi4>
     738:	40 e3       	ldi	r20, 0x30	; 48
     73a:	e4 2e       	mov	r14, r20
     73c:	e9 0e       	add	r14, r25
/Users/leyry/Documents/Electronique/Thermonuino/main/modules/sonde/SondeUi.cpp:323
    decimal = (char)('0' + tempAbs % 10);
     73e:	ce 01       	movw	r24, r28
     740:	6a e0       	ldi	r22, 0x0A	; 10
     742:	70 e0       	ldi	r23, 0x00	; 0
     744:	0e 94 83 15 	call	0x2b06	; 0x2b06 <__divmodhi4>
     748:	50 e3       	ldi	r21, 0x30	; 48
     74a:	f5 2e       	mov	r15, r21
     74c:	f8 0e       	add	r15, r24
     74e:	e9 01       	movw	r28, r18
/Users/leyry/Documents/Electronique/Thermonuino/main/modules/sonde/SondeUi.cpp:332
  const int16_t unitsX = tensX + digitW + gap;
  const int16_t commaX = unitsX + digitW + gap - 1;
  const int16_t decimalX = commaX + commaW + gap;
  const int16_t degreeX = decimalX + digitW + gap;

  return sevenSegmentDigitPixel(tens, tensX, y0, x, y) ||
     750:	a8 01       	movw	r20, r16
     752:	6b e4       	ldi	r22, 0x4B	; 75
     754:	70 e0       	ldi	r23, 0x00	; 0
     756:	8e 2f       	mov	r24, r30
     758:	0e 94 19 02 	call	0x432	; 0x432 <(anonymous namespace)::sevenSegmentDigitPixel(char, int, int, unsigned int, unsigned int) [clone .constprop.33]>
/Users/leyry/Documents/Electronique/Thermonuino/main/modules/sonde/SondeUi.cpp:335
      sevenSegmentDigitPixel(units, unitsX, y0, x, y) ||
      sevenSegmentCommaPixel(commaX, y0, x, y) ||
      sevenSegmentDigitPixel(decimal, decimalX, y0, x, y) ||
     75c:	81 11       	cpse	r24, r1
     75e:	60 c0       	rjmp	.+192    	; 0x820 <(anonymous namespace)::segmentedTempPixel(int, bool, int, int, unsigned int, unsigned int) [clone .constprop.28]+0x166>
/Users/leyry/Documents/Electronique/Thermonuino/main/modules/sonde/SondeUi.cpp:333
  const int16_t commaX = unitsX + digitW + gap - 1;
  const int16_t decimalX = commaX + commaW + gap;
  const int16_t degreeX = decimalX + digitW + gap;

  return sevenSegmentDigitPixel(tens, tensX, y0, x, y) ||
      sevenSegmentDigitPixel(units, unitsX, y0, x, y) ||
     760:	9e 01       	movw	r18, r28
     762:	a8 01       	movw	r20, r16
     764:	63 e6       	ldi	r22, 0x63	; 99
     766:	70 e0       	ldi	r23, 0x00	; 0
     768:	8e 2d       	mov	r24, r14
     76a:	0e 94 19 02 	call	0x432	; 0x432 <(anonymous namespace)::sevenSegmentDigitPixel(char, int, int, unsigned int, unsigned int) [clone .constprop.33]>
/Users/leyry/Documents/Electronique/Thermonuino/main/modules/sonde/SondeUi.cpp:332
  const int16_t unitsX = tensX + digitW + gap;
  const int16_t commaX = unitsX + digitW + gap - 1;
  const int16_t decimalX = commaX + commaW + gap;
  const int16_t degreeX = decimalX + digitW + gap;

  return sevenSegmentDigitPixel(tens, tensX, y0, x, y) ||
     76e:	81 11       	cpse	r24, r1
     770:	57 c0       	rjmp	.+174    	; 0x820 <(anonymous namespace)::segmentedTempPixel(int, bool, int, int, unsigned int, unsigned int) [clone .constprop.28]+0x166>
rectPixel():
/Users/leyry/Documents/Electronique/Thermonuino/main/modules/sonde/SondeUi.cpp:228
               int16_t w,
               int16_t h,
               uint16_t x,
               uint16_t y) {
  return (int16_t)x >= x0 && (int16_t)y >= y0 &&
      (int16_t)x < x0 + w && (int16_t)y < y0 + h;
     772:	0a 37       	cpi	r16, 0x7A	; 122
     774:	11 05       	cpc	r17, r1
     776:	dc f0       	brlt	.+54     	; 0x7ae <(anonymous namespace)::segmentedTempPixel(int, bool, int, int, unsigned int, unsigned int) [clone .constprop.28]+0xf4>
/Users/leyry/Documents/Electronique/Thermonuino/main/modules/sonde/SondeUi.cpp:227
               int16_t y0,
               int16_t w,
               int16_t h,
               uint16_t x,
               uint16_t y) {
  return (int16_t)x >= x0 && (int16_t)y >= y0 &&
     778:	ca 33       	cpi	r28, 0x3A	; 58
     77a:	d1 05       	cpc	r29, r1
     77c:	08 f1       	brcs	.+66     	; 0x7c0 <(anonymous namespace)::segmentedTempPixel(int, bool, int, int, unsigned int, unsigned int) [clone .constprop.28]+0x106>
     77e:	0e 37       	cpi	r16, 0x7E	; 126
     780:	11 05       	cpc	r17, r1
     782:	c4 f4       	brge	.+48     	; 0x7b4 <(anonymous namespace)::segmentedTempPixel(int, bool, int, int, unsigned int, unsigned int) [clone .constprop.28]+0xfa>
/Users/leyry/Documents/Electronique/Thermonuino/main/modules/sonde/SondeUi.cpp:228
      (int16_t)x < x0 + w && (int16_t)y < y0 + h;
     784:	ce 33       	cpi	r28, 0x3E	; 62
     786:	d1 05       	cpc	r29, r1
     788:	a8 f4       	brcc	.+42     	; 0x7b4 <(anonymous namespace)::segmentedTempPixel(int, bool, int, int, unsigned int, unsigned int) [clone .constprop.28]+0xfa>
_ZN12_GLOBAL__N_118segmentedTempPixelEibiijj.constprop.28():
/Users/leyry/Documents/Electronique/Thermonuino/main/modules/sonde/SondeUi.cpp:335
  const int16_t degreeX = decimalX + digitW + gap;

  return sevenSegmentDigitPixel(tens, tensX, y0, x, y) ||
      sevenSegmentDigitPixel(units, unitsX, y0, x, y) ||
      sevenSegmentCommaPixel(commaX, y0, x, y) ||
      sevenSegmentDigitPixel(decimal, decimalX, y0, x, y) ||
     78a:	81 e0       	ldi	r24, 0x01	; 1
     78c:	49 c0       	rjmp	.+146    	; 0x820 <(anonymous namespace)::segmentedTempPixel(int, bool, int, int, unsigned int, unsigned int) [clone .constprop.28]+0x166>
roundToHalfDegree():
/Users/leyry/Documents/Electronique/Thermonuino/main/modules/sonde/SondeUi.cpp:62

int16_t roundToHalfDegree(int16_t tempDeciC) {
  if (tempDeciC >= 0) {
    return ((tempDeciC + 2) / 5) * 5;
  }
  return ((tempDeciC - 2) / 5) * 5;
     78e:	02 97       	sbiw	r24, 0x02	; 2
     790:	ae cf       	rjmp	.-164    	; 0x6ee <(anonymous namespace)::segmentedTempPixel(int, bool, int, int, unsigned int, unsigned int) [clone .constprop.28]+0x34>
_ZN12_GLOBAL__N_118segmentedTempPixelEibiijj.constprop.28():
/Users/leyry/Documents/Electronique/Thermonuino/main/modules/sonde/SondeUi.cpp:316
  if (known) {
    tempDeciC = roundToHalfDegree(tempDeciC);
    const int16_t tempAbs = tempDeciC < 0 ? -tempDeciC : tempDeciC;
    uint8_t whole = tempAbs / 10;
    if (whole > 99) {
      whole = 99;
     792:	43 e6       	ldi	r20, 0x63	; 99
     794:	c7 cf       	rjmp	.-114    	; 0x724 <(anonymous namespace)::segmentedTempPixel(int, bool, int, int, unsigned int, unsigned int) [clone .constprop.28]+0x6a>
/Users/leyry/Documents/Electronique/Thermonuino/main/modules/sonde/SondeUi.cpp:319
    }
    tens = whole >= 10 ? (char)('0' + whole / 10) : ' ';
    if (tempDeciC < 0 && whole < 10) {
     796:	f7 ff       	sbrs	r31, 7
     798:	02 c0       	rjmp	.+4      	; 0x79e <(anonymous namespace)::segmentedTempPixel(int, bool, int, int, unsigned int, unsigned int) [clone .constprop.28]+0xe4>
/Users/leyry/Documents/Electronique/Thermonuino/main/modules/sonde/SondeUi.cpp:320
      tens = '-';
     79a:	ed e2       	ldi	r30, 0x2D	; 45
     79c:	c9 cf       	rjmp	.-110    	; 0x730 <(anonymous namespace)::segmentedTempPixel(int, bool, int, int, unsigned int, unsigned int) [clone .constprop.28]+0x76>
/Users/leyry/Documents/Electronique/Thermonuino/main/modules/sonde/SondeUi.cpp:318
    const int16_t tempAbs = tempDeciC < 0 ? -tempDeciC : tempDeciC;
    uint8_t whole = tempAbs / 10;
    if (whole > 99) {
      whole = 99;
    }
    tens = whole >= 10 ? (char)('0' + whole / 10) : ' ';
     79e:	e0 e2       	ldi	r30, 0x20	; 32
     7a0:	c7 cf       	rjmp	.-114    	; 0x730 <(anonymous namespace)::segmentedTempPixel(int, bool, int, int, unsigned int, unsigned int) [clone .constprop.28]+0x76>
/Users/leyry/Documents/Electronique/Thermonuino/main/modules/sonde/SondeUi.cpp:310
    return false;
  }

  char tens = '-';
  char units = '-';
  char decimal = '-';
     7a2:	8d e2       	ldi	r24, 0x2D	; 45
     7a4:	f8 2e       	mov	r15, r24
/Users/leyry/Documents/Electronique/Thermonuino/main/modules/sonde/SondeUi.cpp:309
  if (!rectPixel(x0, y0, totalW, 42, x, y)) {
    return false;
  }

  char tens = '-';
  char units = '-';
     7a6:	9d e2       	ldi	r25, 0x2D	; 45
     7a8:	e9 2e       	mov	r14, r25
/Users/leyry/Documents/Electronique/Thermonuino/main/modules/sonde/SondeUi.cpp:308
  const int16_t totalW = digitW * 3 + gap * 4 + commaW + 9;
  if (!rectPixel(x0, y0, totalW, 42, x, y)) {
    return false;
  }

  char tens = '-';
     7aa:	ed e2       	ldi	r30, 0x2D	; 45
     7ac:	d0 cf       	rjmp	.-96     	; 0x74e <(anonymous namespace)::segmentedTempPixel(int, bool, int, int, unsigned int, unsigned int) [clone .constprop.28]+0x94>
rectPixel():
/Users/leyry/Documents/Electronique/Thermonuino/main/modules/sonde/SondeUi.cpp:228
               int16_t w,
               int16_t h,
               uint16_t x,
               uint16_t y) {
  return (int16_t)x >= x0 && (int16_t)y >= y0 &&
      (int16_t)x < x0 + w && (int16_t)y < y0 + h;
     7ae:	09 37       	cpi	r16, 0x79	; 121
     7b0:	11 05       	cpc	r17, r1
     7b2:	31 f4       	brne	.+12     	; 0x7c0 <(anonymous namespace)::segmentedTempPixel(int, bool, int, int, unsigned int, unsigned int) [clone .constprop.28]+0x106>
/Users/leyry/Documents/Electronique/Thermonuino/main/modules/sonde/SondeUi.cpp:227
               int16_t y0,
               int16_t w,
               int16_t h,
               uint16_t x,
               uint16_t y) {
  return (int16_t)x >= x0 && (int16_t)y >= y0 &&
     7b4:	ce 33       	cpi	r28, 0x3E	; 62
     7b6:	d1 05       	cpc	r29, r1
     7b8:	18 f0       	brcs	.+6      	; 0x7c0 <(anonymous namespace)::segmentedTempPixel(int, bool, int, int, unsigned int, unsigned int) [clone .constprop.28]+0x106>
     7ba:	0c 37       	cpi	r16, 0x7C	; 124
     7bc:	11 05       	cpc	r17, r1
     7be:	2c f3       	brlt	.-54     	; 0x78a <(anonymous namespace)::segmentedTempPixel(int, bool, int, int, unsigned int, unsigned int) [clone .constprop.28]+0xd0>
_ZN12_GLOBAL__N_118segmentedTempPixelEibiijj.constprop.28():
/Users/leyry/Documents/Electronique/Thermonuino/main/modules/sonde/SondeUi.cpp:335
  const int16_t degreeX = decimalX + digitW + gap;

  return sevenSegmentDigitPixel(tens, tensX, y0, x, y) ||
      sevenSegmentDigitPixel(units, unitsX, y0, x, y) ||
      sevenSegmentCommaPixel(commaX, y0, x, y) ||
      sevenSegmentDigitPixel(decimal, decimalX, y0, x, y) ||
     7c0:	9e 01       	movw	r18, r28
     7c2:	a8 01       	movw	r20, r16
     7c4:	62 e8       	ldi	r22, 0x82	; 130
     7c6:	70 e0       	ldi	r23, 0x00	; 0
     7c8:	8f 2d       	mov	r24, r15
     7ca:	0e 94 19 02 	call	0x432	; 0x432 <(anonymous namespace)::sevenSegmentDigitPixel(char, int, int, unsigned int, unsigned int) [clone .constprop.33]>
/Users/leyry/Documents/Electronique/Thermonuino/main/modules/sonde/SondeUi.cpp:334
  const int16_t decimalX = commaX + commaW + gap;
  const int16_t degreeX = decimalX + digitW + gap;

  return sevenSegmentDigitPixel(tens, tensX, y0, x, y) ||
      sevenSegmentDigitPixel(units, unitsX, y0, x, y) ||
      sevenSegmentCommaPixel(commaX, y0, x, y) ||
     7ce:	81 11       	cpse	r24, r1
     7d0:	27 c0       	rjmp	.+78     	; 0x820 <(anonymous namespace)::segmentedTempPixel(int, bool, int, int, unsigned int, unsigned int) [clone .constprop.28]+0x166>
rectPixel():
/Users/leyry/Documents/Electronique/Thermonuino/main/modules/sonde/SondeUi.cpp:228
               int16_t w,
               int16_t h,
               uint16_t x,
               uint16_t y) {
  return (int16_t)x >= x0 && (int16_t)y >= y0 &&
      (int16_t)x < x0 + w && (int16_t)y < y0 + h;
     7d2:	0c 39       	cpi	r16, 0x9C	; 156
     7d4:	11 05       	cpc	r17, r1
     7d6:	8c f0       	brlt	.+34     	; 0x7fa <(anonymous namespace)::segmentedTempPixel(int, bool, int, int, unsigned int, unsigned int) [clone .constprop.28]+0x140>
/Users/leyry/Documents/Electronique/Thermonuino/main/modules/sonde/SondeUi.cpp:227
               int16_t y0,
               int16_t w,
               int16_t h,
               uint16_t x,
               uint16_t y) {
  return (int16_t)x >= x0 && (int16_t)y >= y0 &&
     7d8:	c7 31       	cpi	r28, 0x17	; 23
     7da:	d1 05       	cpc	r29, r1
     7dc:	59 f1       	breq	.+86     	; 0x834 <(anonymous namespace)::segmentedTempPixel(int, bool, int, int, unsigned int, unsigned int) [clone .constprop.28]+0x17a>
     7de:	01 3a       	cpi	r16, 0xA1	; 161
     7e0:	11 05       	cpc	r17, r1
     7e2:	2c f5       	brge	.+74     	; 0x82e <(anonymous namespace)::segmentedTempPixel(int, bool, int, int, unsigned int, unsigned int) [clone .constprop.28]+0x174>
/Users/leyry/Documents/Electronique/Thermonuino/main/modules/sonde/SondeUi.cpp:228
      (int16_t)x < x0 + w && (int16_t)y < y0 + h;
     7e4:	ca 31       	cpi	r28, 0x1A	; 26
     7e6:	d1 05       	cpc	r29, r1
     7e8:	84 f2       	brlt	.-96     	; 0x78a <(anonymous namespace)::segmentedTempPixel(int, bool, int, int, unsigned int, unsigned int) [clone .constprop.28]+0xd0>
/Users/leyry/Documents/Electronique/Thermonuino/main/modules/sonde/SondeUi.cpp:227
               int16_t y0,
               int16_t w,
               int16_t h,
               uint16_t x,
               uint16_t y) {
  return (int16_t)x >= x0 && (int16_t)y >= y0 &&
     7ea:	cf 31       	cpi	r28, 0x1F	; 31
     7ec:	d1 05       	cpc	r29, r1
     7ee:	78 f0       	brcs	.+30     	; 0x80e <(anonymous namespace)::segmentedTempPixel(int, bool, int, int, unsigned int, unsigned int) [clone .constprop.28]+0x154>
/Users/leyry/Documents/Electronique/Thermonuino/main/modules/sonde/SondeUi.cpp:228
      (int16_t)x < x0 + w && (int16_t)y < y0 + h;
     7f0:	81 e0       	ldi	r24, 0x01	; 1
     7f2:	a1 97       	sbiw	r28, 0x21	; 33
     7f4:	a8 f0       	brcs	.+42     	; 0x820 <(anonymous namespace)::segmentedTempPixel(int, bool, int, int, unsigned int, unsigned int) [clone .constprop.28]+0x166>
_ZN12_GLOBAL__N_118segmentedTempPixelEibiijj.constprop.28():
/Users/leyry/Documents/Electronique/Thermonuino/main/modules/sonde/SondeUi.cpp:335
  const int16_t degreeX = decimalX + digitW + gap;

  return sevenSegmentDigitPixel(tens, tensX, y0, x, y) ||
      sevenSegmentDigitPixel(units, unitsX, y0, x, y) ||
      sevenSegmentCommaPixel(commaX, y0, x, y) ||
      sevenSegmentDigitPixel(decimal, decimalX, y0, x, y) ||
     7f6:	80 e0       	ldi	r24, 0x00	; 0
     7f8:	13 c0       	rjmp	.+38     	; 0x820 <(anonymous namespace)::segmentedTempPixel(int, bool, int, int, unsigned int, unsigned int) [clone .constprop.28]+0x166>
rectPixel():
/Users/leyry/Documents/Electronique/Thermonuino/main/modules/sonde/SondeUi.cpp:228
               int16_t w,
               int16_t h,
               uint16_t x,
               uint16_t y) {
  return (int16_t)x >= x0 && (int16_t)y >= y0 &&
      (int16_t)x < x0 + w && (int16_t)y < y0 + h;
     7fa:	0a 39       	cpi	r16, 0x9A	; 154
     7fc:	11 05       	cpc	r17, r1
     7fe:	84 f0       	brlt	.+32     	; 0x820 <(anonymous namespace)::segmentedTempPixel(int, bool, int, int, unsigned int, unsigned int) [clone .constprop.28]+0x166>
/Users/leyry/Documents/Electronique/Thermonuino/main/modules/sonde/SondeUi.cpp:227
               int16_t y0,
               int16_t w,
               int16_t h,
               uint16_t x,
               uint16_t y) {
  return (int16_t)x >= x0 && (int16_t)y >= y0 &&
     800:	ca 31       	cpi	r28, 0x1A	; 26
     802:	d1 05       	cpc	r29, r1
     804:	68 f0       	brcs	.+26     	; 0x820 <(anonymous namespace)::segmentedTempPixel(int, bool, int, int, unsigned int, unsigned int) [clone .constprop.28]+0x166>
/Users/leyry/Documents/Electronique/Thermonuino/main/modules/sonde/SondeUi.cpp:228
      (int16_t)x < x0 + w && (int16_t)y < y0 + h;
     806:	cf 31       	cpi	r28, 0x1F	; 31
     808:	d1 05       	cpc	r29, r1
     80a:	08 f4       	brcc	.+2      	; 0x80e <(anonymous namespace)::segmentedTempPixel(int, bool, int, int, unsigned int, unsigned int) [clone .constprop.28]+0x154>
     80c:	be cf       	rjmp	.-132    	; 0x78a <(anonymous namespace)::segmentedTempPixel(int, bool, int, int, unsigned int, unsigned int) [clone .constprop.28]+0xd0>
     80e:	01 3a       	cpi	r16, 0xA1	; 161
     810:	11 05       	cpc	r17, r1
     812:	34 f0       	brlt	.+12     	; 0x820 <(anonymous namespace)::segmentedTempPixel(int, bool, int, int, unsigned int, unsigned int) [clone .constprop.28]+0x166>
/Users/leyry/Documents/Electronique/Thermonuino/main/modules/sonde/SondeUi.cpp:227
               int16_t y0,
               int16_t w,
               int16_t h,
               uint16_t x,
               uint16_t y) {
  return (int16_t)x >= x0 && (int16_t)y >= y0 &&
     814:	03 3a       	cpi	r16, 0xA3	; 163
     816:	11 05       	cpc	r17, r1
     818:	19 f0       	breq	.+6      	; 0x820 <(anonymous namespace)::segmentedTempPixel(int, bool, int, int, unsigned int, unsigned int) [clone .constprop.28]+0x166>
/Users/leyry/Documents/Electronique/Thermonuino/main/modules/sonde/SondeUi.cpp:228
      (int16_t)x < x0 + w && (int16_t)y < y0 + h;
     81a:	81 e0       	ldi	r24, 0x01	; 1
     81c:	6f 97       	sbiw	r28, 0x1f	; 31
     81e:	58 f7       	brcc	.-42     	; 0x7f6 <(anonymous namespace)::segmentedTempPixel(int, bool, int, int, unsigned int, unsigned int) [clone .constprop.28]+0x13c>
_ZN12_GLOBAL__N_118segmentedTempPixelEibiijj.constprop.28():
/Users/leyry/Documents/Electronique/Thermonuino/main/modules/sonde/SondeUi.cpp:337
  return sevenSegmentDigitPixel(tens, tensX, y0, x, y) ||
      sevenSegmentDigitPixel(units, unitsX, y0, x, y) ||
      sevenSegmentCommaPixel(commaX, y0, x, y) ||
      sevenSegmentDigitPixel(decimal, decimalX, y0, x, y) ||
      sevenSegmentDegreePixel(degreeX, y0, x, y);
}
     820:	df 91       	pop	r29
     822:	cf 91       	pop	r28
     824:	1f 91       	pop	r17
     826:	0f 91       	pop	r16
     828:	ff 90       	pop	r15
     82a:	ef 90       	pop	r14
     82c:	08 95       	ret
rectPixel():
/Users/leyry/Documents/Electronique/Thermonuino/main/modules/sonde/SondeUi.cpp:227
               int16_t y0,
               int16_t w,
               int16_t h,
               uint16_t x,
               uint16_t y) {
  return (int16_t)x >= x0 && (int16_t)y >= y0 &&
     82e:	cf 31       	cpi	r28, 0x1F	; 31
     830:	d1 05       	cpc	r29, r1
     832:	b0 f7       	brcc	.-20     	; 0x820 <(anonymous namespace)::segmentedTempPixel(int, bool, int, int, unsigned int, unsigned int) [clone .constprop.28]+0x166>
     834:	ca 31       	cpi	r28, 0x1A	; 26
     836:	d1 05       	cpc	r29, r1
     838:	98 f3       	brcs	.-26     	; 0x820 <(anonymous namespace)::segmentedTempPixel(int, bool, int, int, unsigned int, unsigned int) [clone .constprop.28]+0x166>
     83a:	e9 cf       	rjmp	.-46     	; 0x80e <(anonymous namespace)::segmentedTempPixel(int, bool, int, int, unsigned int, unsigned int) [clone .constprop.28]+0x154>

0000083c <turnOffPWM>:
turnOffPWM():
/Users/leyry/Library/Arduino15/packages/MiniCore/hardware/avr/3.1.1/cores/MCUdude_corefiles/wiring_digital.c:77
//
//static inline void turnOffPWM(uint8_t timer) __attribute__ ((always_inline));
//static inline void turnOffPWM(uint8_t timer)
static void turnOffPWM(uint8_t timer)
{
  switch (timer)
     83c:	84 30       	cpi	r24, 0x04	; 4
     83e:	81 f0       	breq	.+32     	; 0x860 <turnOffPWM+0x24>
     840:	28 f4       	brcc	.+10     	; 0x84c <turnOffPWM+0x10>
     842:	82 30       	cpi	r24, 0x02	; 2
     844:	e9 f0       	breq	.+58     	; 0x880 <turnOffPWM+0x44>
     846:	83 30       	cpi	r24, 0x03	; 3
     848:	f9 f0       	breq	.+62     	; 0x888 <turnOffPWM+0x4c>
     84a:	08 95       	ret
     84c:	88 30       	cpi	r24, 0x08	; 8
     84e:	71 f0       	breq	.+28     	; 0x86c <turnOffPWM+0x30>
     850:	89 30       	cpi	r24, 0x09	; 9
     852:	91 f0       	breq	.+36     	; 0x878 <turnOffPWM+0x3c>
     854:	85 30       	cpi	r24, 0x05	; 5
     856:	b9 f4       	brne	.+46     	; 0x886 <turnOffPWM+0x4a>
/Users/leyry/Library/Arduino15/packages/MiniCore/hardware/avr/3.1.1/cores/MCUdude_corefiles/wiring_digital.c:87
        TCCR1A &= ~_BV(COM1A1);
        break;
    #endif
    #if defined(TCCR1A) && defined(COM1B1)
      case TIMER1B:
        TCCR1A &= ~_BV(COM1B1);
     858:	80 91 80 00 	lds	r24, 0x0080	; 0x800080 <__DATA_REGION_ORIGIN__+0x20>
     85c:	8f 7d       	andi	r24, 0xDF	; 223
     85e:	03 c0       	rjmp	.+6      	; 0x866 <turnOffPWM+0x2a>
/Users/leyry/Library/Arduino15/packages/MiniCore/hardware/avr/3.1.1/cores/MCUdude_corefiles/wiring_digital.c:82
  switch (timer)
  {
    // Timer1
    #if defined(TCCR1A) && defined(COM1A1)
      case TIMER1A:
        TCCR1A &= ~_BV(COM1A1);
     860:	80 91 80 00 	lds	r24, 0x0080	; 0x800080 <__DATA_REGION_ORIGIN__+0x20>
     864:	8f 77       	andi	r24, 0x7F	; 127
/Users/leyry/Library/Arduino15/packages/MiniCore/hardware/avr/3.1.1/cores/MCUdude_corefiles/wiring_digital.c:87
        break;
    #endif
    #if defined(TCCR1A) && defined(COM1B1)
      case TIMER1B:
        TCCR1A &= ~_BV(COM1B1);
     866:	80 93 80 00 	sts	0x0080, r24	; 0x800080 <__DATA_REGION_ORIGIN__+0x20>
     86a:	08 95       	ret
/Users/leyry/Library/Arduino15/packages/MiniCore/hardware/avr/3.1.1/cores/MCUdude_corefiles/wiring_digital.c:104
        TCCR2 &= ~_BV(COM21);
        break;
    #endif
    #if defined(TCCR2A) && defined(COM2A1)
      case TIMER2A:
        TCCR2A &= ~_BV(COM2A1);
     86c:	80 91 b0 00 	lds	r24, 0x00B0	; 0x8000b0 <__DATA_REGION_ORIGIN__+0x50>
     870:	8f 77       	andi	r24, 0x7F	; 127
/Users/leyry/Library/Arduino15/packages/MiniCore/hardware/avr/3.1.1/cores/MCUdude_corefiles/wiring_digital.c:109
        break;
    #endif
    #if defined(TCCR2A) && defined(COM2B1)
      case TIMER2B:
        TCCR2A &= ~_BV(COM2B1);
     872:	80 93 b0 00 	sts	0x00B0, r24	; 0x8000b0 <__DATA_REGION_ORIGIN__+0x50>
     876:	08 95       	ret
     878:	80 91 b0 00 	lds	r24, 0x00B0	; 0x8000b0 <__DATA_REGION_ORIGIN__+0x50>
     87c:	8f 7d       	andi	r24, 0xDF	; 223
     87e:	f9 cf       	rjmp	.-14     	; 0x872 <turnOffPWM+0x36>
/Users/leyry/Library/Arduino15/packages/MiniCore/hardware/avr/3.1.1/cores/MCUdude_corefiles/wiring_digital.c:176
        TCCR0 &= ~_BV(COM01);
        break;
    #endif
    #if defined(TCCR0A) && defined(COM0A1)
      case TIMER0A:
        TCCR0A &= ~_BV(COM0A1);
     880:	84 b5       	in	r24, 0x24	; 36
     882:	8f 77       	andi	r24, 0x7F	; 127
/Users/leyry/Library/Arduino15/packages/MiniCore/hardware/avr/3.1.1/cores/MCUdude_corefiles/wiring_digital.c:181
        break;
    #endif
    #if defined(TCCR0A) && defined(COM0B1)
      case TIMER0B:
        TCCR0A &= ~_BV(COM0B1);
     884:	84 bd       	out	0x24, r24	; 36
/Users/leyry/Library/Arduino15/packages/MiniCore/hardware/avr/3.1.1/cores/MCUdude_corefiles/wiring_digital.c:185
        break;
    #endif
  }
}
     886:	08 95       	ret
/Users/leyry/Library/Arduino15/packages/MiniCore/hardware/avr/3.1.1/cores/MCUdude_corefiles/wiring_digital.c:181
        TCCR0A &= ~_BV(COM0A1);
        break;
    #endif
    #if defined(TCCR0A) && defined(COM0B1)
      case TIMER0B:
        TCCR0A &= ~_BV(COM0B1);
     888:	84 b5       	in	r24, 0x24	; 36
     88a:	8f 7d       	andi	r24, 0xDF	; 223
     88c:	fb cf       	rjmp	.-10     	; 0x884 <turnOffPWM+0x48>

0000088e <digitalRead>:
digitalRead():
/Users/leyry/Library/Arduino15/packages/MiniCore/hardware/avr/3.1.1/cores/MCUdude_corefiles/wiring_digital.c:215

  SREG = oldSREG;
}

int digitalRead(uint8_t pin)
{
     88e:	cf 93       	push	r28
     890:	df 93       	push	r29
/Users/leyry/Library/Arduino15/packages/MiniCore/hardware/avr/3.1.1/cores/MCUdude_corefiles/wiring_digital.c:216
  uint8_t timer = digitalPinToTimer(pin);
     892:	28 2f       	mov	r18, r24
     894:	30 e0       	ldi	r19, 0x00	; 0
     896:	f9 01       	movw	r30, r18
     898:	ec 54       	subi	r30, 0x4C	; 76
     89a:	ff 4f       	sbci	r31, 0xFF	; 255
     89c:	84 91       	lpm	r24, Z
/Users/leyry/Library/Arduino15/packages/MiniCore/hardware/avr/3.1.1/cores/MCUdude_corefiles/wiring_digital.c:217
  uint8_t bit = digitalPinToBitMask(pin);
     89e:	f9 01       	movw	r30, r18
     8a0:	e3 56       	subi	r30, 0x63	; 99
     8a2:	ff 4f       	sbci	r31, 0xFF	; 255
     8a4:	d4 91       	lpm	r29, Z
/Users/leyry/Library/Arduino15/packages/MiniCore/hardware/avr/3.1.1/cores/MCUdude_corefiles/wiring_digital.c:218
  uint8_t port = digitalPinToPort(pin);
     8a6:	f9 01       	movw	r30, r18
     8a8:	ea 57       	subi	r30, 0x7A	; 122
     8aa:	ff 4f       	sbci	r31, 0xFF	; 255
     8ac:	c4 91       	lpm	r28, Z
/Users/leyry/Library/Arduino15/packages/MiniCore/hardware/avr/3.1.1/cores/MCUdude_corefiles/wiring_digital.c:220

  if (port == NOT_A_PIN) return LOW;
     8ae:	cc 23       	and	r28, r28
     8b0:	a1 f0       	breq	.+40     	; 0x8da <digitalRead+0x4c>
/Users/leyry/Library/Arduino15/packages/MiniCore/hardware/avr/3.1.1/cores/MCUdude_corefiles/wiring_digital.c:224

  // If the pin that support PWM output, we need to turn it off
  // before getting a digital reading.
  if (timer != NOT_ON_TIMER) turnOffPWM(timer);
     8b2:	81 11       	cpse	r24, r1
     8b4:	0e 94 1e 04 	call	0x83c	; 0x83c <turnOffPWM>
/Users/leyry/Library/Arduino15/packages/MiniCore/hardware/avr/3.1.1/cores/MCUdude_corefiles/wiring_digital.c:226

  if (*portInputRegister(port) & bit) return HIGH;
     8b8:	ec 2f       	mov	r30, r28
     8ba:	f0 e0       	ldi	r31, 0x00	; 0
     8bc:	ee 0f       	add	r30, r30
     8be:	ff 1f       	adc	r31, r31
     8c0:	e4 58       	subi	r30, 0x84	; 132
     8c2:	ff 4f       	sbci	r31, 0xFF	; 255
     8c4:	a5 91       	lpm	r26, Z+
     8c6:	b4 91       	lpm	r27, Z
     8c8:	ec 91       	ld	r30, X
     8ca:	ed 23       	and	r30, r29
     8cc:	81 e0       	ldi	r24, 0x01	; 1
     8ce:	90 e0       	ldi	r25, 0x00	; 0
     8d0:	09 f4       	brne	.+2      	; 0x8d4 <digitalRead+0x46>
     8d2:	80 e0       	ldi	r24, 0x00	; 0
/Users/leyry/Library/Arduino15/packages/MiniCore/hardware/avr/3.1.1/cores/MCUdude_corefiles/wiring_digital.c:228
  return LOW;
}
     8d4:	df 91       	pop	r29
     8d6:	cf 91       	pop	r28
     8d8:	08 95       	ret
/Users/leyry/Library/Arduino15/packages/MiniCore/hardware/avr/3.1.1/cores/MCUdude_corefiles/wiring_digital.c:220
{
  uint8_t timer = digitalPinToTimer(pin);
  uint8_t bit = digitalPinToBitMask(pin);
  uint8_t port = digitalPinToPort(pin);

  if (port == NOT_A_PIN) return LOW;
     8da:	80 e0       	ldi	r24, 0x00	; 0
     8dc:	90 e0       	ldi	r25, 0x00	; 0
     8de:	fa cf       	rjmp	.-12     	; 0x8d4 <digitalRead+0x46>

000008e0 <SondeInputService::readRawSwitch() [clone .constprop.47]>:
_ZN17SondeInputService13readRawSwitchEv.constprop.47():
/Users/leyry/Documents/Electronique/Thermonuino/main/modules/sonde/SondeInputService.cpp:87

bool SondeInputService::motionDetected() const {
  return motionDetected_;
}

SondeInputService::SwitchState SondeInputService::readRawSwitch() {
     8e0:	0f 93       	push	r16
     8e2:	1f 93       	push	r17
     8e4:	cf 93       	push	r28
     8e6:	df 93       	push	r29
/Users/leyry/Documents/Electronique/Thermonuino/main/modules/sonde/SondeInputService.cpp:88
  const bool sens1 = digitalRead(pins_.cmdSens1) == LOW;
     8e8:	80 91 19 03 	lds	r24, 0x0319	; 0x800319 <inputService+0x1>
     8ec:	0e 94 47 04 	call	0x88e	; 0x88e <digitalRead>
     8f0:	8c 01       	movw	r16, r24
/Users/leyry/Documents/Electronique/Thermonuino/main/modules/sonde/SondeInputService.cpp:89
  const bool sens2 = digitalRead(pins_.cmdSens2) == LOW;
     8f2:	80 91 1a 03 	lds	r24, 0x031A	; 0x80031a <inputService+0x2>
     8f6:	0e 94 47 04 	call	0x88e	; 0x88e <digitalRead>
     8fa:	ec 01       	movw	r28, r24
/Users/leyry/Documents/Electronique/Thermonuino/main/modules/sonde/SondeInputService.cpp:90
  const bool button = digitalRead(pins_.cmdButton) == LOW;
     8fc:	80 91 1b 03 	lds	r24, 0x031B	; 0x80031b <inputService+0x3>
     900:	0e 94 47 04 	call	0x88e	; 0x88e <digitalRead>
     904:	ac 01       	movw	r20, r24
/Users/leyry/Documents/Electronique/Thermonuino/main/modules/sonde/SondeInputService.cpp:91
  const uint8_t activeCount = (sens1 ? 1 : 0) + (sens2 ? 1 : 0) + (button ? 1 : 0);
     906:	91 e0       	ldi	r25, 0x01	; 1
     908:	20 97       	sbiw	r28, 0x00	; 0
     90a:	09 f0       	breq	.+2      	; 0x90e <__stack+0xf>
     90c:	90 e0       	ldi	r25, 0x00	; 0
     90e:	21 e0       	ldi	r18, 0x01	; 1
     910:	01 15       	cp	r16, r1
     912:	11 05       	cpc	r17, r1
     914:	09 f0       	breq	.+2      	; 0x918 <__stack+0x19>
     916:	20 e0       	ldi	r18, 0x00	; 0
     918:	92 0f       	add	r25, r18
     91a:	21 e0       	ldi	r18, 0x01	; 1
     91c:	45 2b       	or	r20, r21
     91e:	09 f0       	breq	.+2      	; 0x922 <__stack+0x23>
     920:	20 e0       	ldi	r18, 0x00	; 0
     922:	92 0f       	add	r25, r18
/Users/leyry/Documents/Electronique/Thermonuino/main/modules/sonde/SondeInputService.cpp:94

  if (activeCount == 0) {
    return SWITCH_NONE;
     924:	80 e0       	ldi	r24, 0x00	; 0
/Users/leyry/Documents/Electronique/Thermonuino/main/modules/sonde/SondeInputService.cpp:93
  const bool sens1 = digitalRead(pins_.cmdSens1) == LOW;
  const bool sens2 = digitalRead(pins_.cmdSens2) == LOW;
  const bool button = digitalRead(pins_.cmdButton) == LOW;
  const uint8_t activeCount = (sens1 ? 1 : 0) + (sens2 ? 1 : 0) + (button ? 1 : 0);

  if (activeCount == 0) {
     926:	51 f0       	breq	.+20     	; 0x93c <__stack+0x3d>
/Users/leyry/Documents/Electronique/Thermonuino/main/modules/sonde/SondeInputService.cpp:97
    return SWITCH_NONE;
  }
  if (activeCount > 1) {
    return SWITCH_INVALID;
     928:	84 e0       	ldi	r24, 0x04	; 4
/Users/leyry/Documents/Electronique/Thermonuino/main/modules/sonde/SondeInputService.cpp:96
  const uint8_t activeCount = (sens1 ? 1 : 0) + (sens2 ? 1 : 0) + (button ? 1 : 0);

  if (activeCount == 0) {
    return SWITCH_NONE;
  }
  if (activeCount > 1) {
     92a:	91 30       	cpi	r25, 0x01	; 1
     92c:	39 f4       	brne	.+14     	; 0x93c <__stack+0x3d>
/Users/leyry/Documents/Electronique/Thermonuino/main/modules/sonde/SondeInputService.cpp:100
    return SWITCH_INVALID;
  }
  if (sens1) {
    return SWITCH_SENS1;
     92e:	81 e0       	ldi	r24, 0x01	; 1
/Users/leyry/Documents/Electronique/Thermonuino/main/modules/sonde/SondeInputService.cpp:99
    return SWITCH_NONE;
  }
  if (activeCount > 1) {
    return SWITCH_INVALID;
  }
  if (sens1) {
     930:	01 2b       	or	r16, r17
     932:	21 f0       	breq	.+8      	; 0x93c <__stack+0x3d>
/Users/leyry/Documents/Electronique/Thermonuino/main/modules/sonde/SondeInputService.cpp:105
    return SWITCH_SENS1;
  }
  if (sens2) {
    return SWITCH_SENS2;
  }
  return SWITCH_BUTTON;
     934:	83 e0       	ldi	r24, 0x03	; 3
/Users/leyry/Documents/Electronique/Thermonuino/main/modules/sonde/SondeInputService.cpp:102
    return SWITCH_INVALID;
  }
  if (sens1) {
    return SWITCH_SENS1;
  }
  if (sens2) {
     936:	cd 2b       	or	r28, r29
     938:	09 f4       	brne	.+2      	; 0x93c <__stack+0x3d>
/Users/leyry/Documents/Electronique/Thermonuino/main/modules/sonde/SondeInputService.cpp:103
    return SWITCH_SENS2;
     93a:	82 e0       	ldi	r24, 0x02	; 2
/Users/leyry/Documents/Electronique/Thermonuino/main/modules/sonde/SondeInputService.cpp:106
  }
  return SWITCH_BUTTON;
}
     93c:	df 91       	pop	r29
     93e:	cf 91       	pop	r28
     940:	1f 91       	pop	r17
     942:	0f 91       	pop	r16
     944:	08 95       	ret

00000946 <digitalWrite>:
digitalWrite():
/Users/leyry/Library/Arduino15/packages/MiniCore/hardware/avr/3.1.1/cores/MCUdude_corefiles/wiring_digital.c:188
    #endif
  }
}

void digitalWrite(uint8_t pin, uint8_t val)
{
     946:	1f 93       	push	r17
     948:	cf 93       	push	r28
     94a:	df 93       	push	r29
/Users/leyry/Library/Arduino15/packages/MiniCore/hardware/avr/3.1.1/cores/MCUdude_corefiles/wiring_digital.c:189
  uint8_t timer = digitalPinToTimer(pin);
     94c:	28 2f       	mov	r18, r24
     94e:	30 e0       	ldi	r19, 0x00	; 0
     950:	f9 01       	movw	r30, r18
     952:	ec 54       	subi	r30, 0x4C	; 76
     954:	ff 4f       	sbci	r31, 0xFF	; 255
     956:	84 91       	lpm	r24, Z
/Users/leyry/Library/Arduino15/packages/MiniCore/hardware/avr/3.1.1/cores/MCUdude_corefiles/wiring_digital.c:190
  uint8_t bit = digitalPinToBitMask(pin);
     958:	f9 01       	movw	r30, r18
     95a:	e3 56       	subi	r30, 0x63	; 99
     95c:	ff 4f       	sbci	r31, 0xFF	; 255
     95e:	d4 91       	lpm	r29, Z
/Users/leyry/Library/Arduino15/packages/MiniCore/hardware/avr/3.1.1/cores/MCUdude_corefiles/wiring_digital.c:191
  uint8_t port = digitalPinToPort(pin);
     960:	f9 01       	movw	r30, r18
     962:	ea 57       	subi	r30, 0x7A	; 122
     964:	ff 4f       	sbci	r31, 0xFF	; 255
     966:	c4 91       	lpm	r28, Z
/Users/leyry/Library/Arduino15/packages/MiniCore/hardware/avr/3.1.1/cores/MCUdude_corefiles/wiring_digital.c:194
  volatile uint8_t *out;

  if (port == NOT_A_PIN) return;
     968:	cc 23       	and	r28, r28
     96a:	a9 f0       	breq	.+42     	; 0x996 <digitalWrite+0x50>
     96c:	16 2f       	mov	r17, r22
/Users/leyry/Library/Arduino15/packages/MiniCore/hardware/avr/3.1.1/cores/MCUdude_corefiles/wiring_digital.c:198

  // If the pin that support PWM output, we need to turn it off
  // before doing a digital write.
  if (timer != NOT_ON_TIMER) turnOffPWM(timer);
     96e:	81 11       	cpse	r24, r1
     970:	0e 94 1e 04 	call	0x83c	; 0x83c <turnOffPWM>
/Users/leyry/Library/Arduino15/packages/MiniCore/hardware/avr/3.1.1/cores/MCUdude_corefiles/wiring_digital.c:200

  out = portOutputRegister(port);
     974:	ec 2f       	mov	r30, r28
     976:	f0 e0       	ldi	r31, 0x00	; 0
     978:	ee 0f       	add	r30, r30
     97a:	ff 1f       	adc	r31, r31
     97c:	ee 58       	subi	r30, 0x8E	; 142
     97e:	ff 4f       	sbci	r31, 0xFF	; 255
     980:	a5 91       	lpm	r26, Z+
     982:	b4 91       	lpm	r27, Z
/Users/leyry/Library/Arduino15/packages/MiniCore/hardware/avr/3.1.1/cores/MCUdude_corefiles/wiring_digital.c:202

  uint8_t oldSREG = SREG;
     984:	8f b7       	in	r24, 0x3f	; 63
/Users/leyry/Library/Arduino15/packages/MiniCore/hardware/avr/3.1.1/cores/MCUdude_corefiles/wiring_digital.c:203
  cli();
     986:	f8 94       	cli
/Users/leyry/Library/Arduino15/packages/MiniCore/hardware/avr/3.1.1/cores/MCUdude_corefiles/wiring_digital.c:206

  if (val == LOW) {
    *out &= ~bit;
     988:	ec 91       	ld	r30, X
/Users/leyry/Library/Arduino15/packages/MiniCore/hardware/avr/3.1.1/cores/MCUdude_corefiles/wiring_digital.c:205
  out = portOutputRegister(port);

  uint8_t oldSREG = SREG;
  cli();

  if (val == LOW) {
     98a:	11 11       	cpse	r17, r1
     98c:	08 c0       	rjmp	.+16     	; 0x99e <digitalWrite+0x58>
/Users/leyry/Library/Arduino15/packages/MiniCore/hardware/avr/3.1.1/cores/MCUdude_corefiles/wiring_digital.c:206
    *out &= ~bit;
     98e:	d0 95       	com	r29
     990:	de 23       	and	r29, r30
/Users/leyry/Library/Arduino15/packages/MiniCore/hardware/avr/3.1.1/cores/MCUdude_corefiles/wiring_digital.c:208
  } else {
    *out |= bit;
     992:	dc 93       	st	X, r29
/Users/leyry/Library/Arduino15/packages/MiniCore/hardware/avr/3.1.1/cores/MCUdude_corefiles/wiring_digital.c:211
  }

  SREG = oldSREG;
     994:	8f bf       	out	0x3f, r24	; 63
/Users/leyry/Library/Arduino15/packages/MiniCore/hardware/avr/3.1.1/cores/MCUdude_corefiles/wiring_digital.c:212
}
     996:	df 91       	pop	r29
     998:	cf 91       	pop	r28
     99a:	1f 91       	pop	r17
     99c:	08 95       	ret
/Users/leyry/Library/Arduino15/packages/MiniCore/hardware/avr/3.1.1/cores/MCUdude_corefiles/wiring_digital.c:208
  cli();

  if (val == LOW) {
    *out &= ~bit;
  } else {
    *out |= bit;
     99e:	de 2b       	or	r29, r30
     9a0:	f8 cf       	rjmp	.-16     	; 0x992 <digitalWrite+0x4c>

000009a2 <pinMode>:
pinMode():
/Users/leyry/Library/Arduino15/packages/MiniCore/hardware/avr/3.1.1/cores/MCUdude_corefiles/wiring_digital.c:30
#define ARDUINO_MAIN
#include "wiring_private.h"
#include "pins_arduino.h"

void pinMode(uint8_t pin, uint8_t mode)
{
     9a2:	cf 93       	push	r28
     9a4:	df 93       	push	r29
/Users/leyry/Library/Arduino15/packages/MiniCore/hardware/avr/3.1.1/cores/MCUdude_corefiles/wiring_digital.c:31
  uint8_t bit = digitalPinToBitMask(pin);
     9a6:	90 e0       	ldi	r25, 0x00	; 0
     9a8:	fc 01       	movw	r30, r24
     9aa:	e3 56       	subi	r30, 0x63	; 99
     9ac:	ff 4f       	sbci	r31, 0xFF	; 255
     9ae:	24 91       	lpm	r18, Z
/Users/leyry/Library/Arduino15/packages/MiniCore/hardware/avr/3.1.1/cores/MCUdude_corefiles/wiring_digital.c:32
  uint8_t port = digitalPinToPort(pin);
     9b0:	8a 57       	subi	r24, 0x7A	; 122
     9b2:	9f 4f       	sbci	r25, 0xFF	; 255
     9b4:	fc 01       	movw	r30, r24
     9b6:	84 91       	lpm	r24, Z
/Users/leyry/Library/Arduino15/packages/MiniCore/hardware/avr/3.1.1/cores/MCUdude_corefiles/wiring_digital.c:35
  volatile uint8_t *reg, *out;

  if (port == NOT_A_PIN) return;
     9b8:	88 23       	and	r24, r24
     9ba:	c9 f0       	breq	.+50     	; 0x9ee <pinMode+0x4c>
/Users/leyry/Library/Arduino15/packages/MiniCore/hardware/avr/3.1.1/cores/MCUdude_corefiles/wiring_digital.c:38

  // JWS: can I let the optimizer do this?
  reg = portModeRegister(port);
     9bc:	90 e0       	ldi	r25, 0x00	; 0
     9be:	88 0f       	add	r24, r24
     9c0:	99 1f       	adc	r25, r25
     9c2:	fc 01       	movw	r30, r24
     9c4:	e8 59       	subi	r30, 0x98	; 152
     9c6:	ff 4f       	sbci	r31, 0xFF	; 255
     9c8:	a5 91       	lpm	r26, Z+
     9ca:	b4 91       	lpm	r27, Z
/Users/leyry/Library/Arduino15/packages/MiniCore/hardware/avr/3.1.1/cores/MCUdude_corefiles/wiring_digital.c:39
  out = portOutputRegister(port);
     9cc:	fc 01       	movw	r30, r24
     9ce:	ee 58       	subi	r30, 0x8E	; 142
     9d0:	ff 4f       	sbci	r31, 0xFF	; 255
     9d2:	c5 91       	lpm	r28, Z+
     9d4:	d4 91       	lpm	r29, Z
/Users/leyry/Library/Arduino15/packages/MiniCore/hardware/avr/3.1.1/cores/MCUdude_corefiles/wiring_digital.c:41

  if (mode == INPUT) { 
     9d6:	61 11       	cpse	r22, r1
     9d8:	0d c0       	rjmp	.+26     	; 0x9f4 <pinMode+0x52>
/Users/leyry/Library/Arduino15/packages/MiniCore/hardware/avr/3.1.1/cores/MCUdude_corefiles/wiring_digital.c:42
    uint8_t oldSREG = SREG;
     9da:	9f b7       	in	r25, 0x3f	; 63
/Users/leyry/Library/Arduino15/packages/MiniCore/hardware/avr/3.1.1/cores/MCUdude_corefiles/wiring_digital.c:43
    cli();
     9dc:	f8 94       	cli
/Users/leyry/Library/Arduino15/packages/MiniCore/hardware/avr/3.1.1/cores/MCUdude_corefiles/wiring_digital.c:44
    *reg &= ~bit;
     9de:	8c 91       	ld	r24, X
     9e0:	20 95       	com	r18
     9e2:	82 23       	and	r24, r18
     9e4:	8c 93       	st	X, r24
/Users/leyry/Library/Arduino15/packages/MiniCore/hardware/avr/3.1.1/cores/MCUdude_corefiles/wiring_digital.c:45
    *out &= ~bit;
     9e6:	88 81       	ld	r24, Y
     9e8:	28 23       	and	r18, r24
/Users/leyry/Library/Arduino15/packages/MiniCore/hardware/avr/3.1.1/cores/MCUdude_corefiles/wiring_digital.c:51
    SREG = oldSREG;
  } else if (mode == INPUT_PULLUP) {
    uint8_t oldSREG = SREG;
    cli();
    *reg &= ~bit;
    *out |= bit;
     9ea:	28 83       	st	Y, r18
/Users/leyry/Library/Arduino15/packages/MiniCore/hardware/avr/3.1.1/cores/MCUdude_corefiles/wiring_digital.c:52
    SREG = oldSREG;
     9ec:	9f bf       	out	0x3f, r25	; 63
/Users/leyry/Library/Arduino15/packages/MiniCore/hardware/avr/3.1.1/cores/MCUdude_corefiles/wiring_digital.c:59
    uint8_t oldSREG = SREG;
    cli();
    *reg |= bit;
    SREG = oldSREG;
  }
}
     9ee:	df 91       	pop	r29
     9f0:	cf 91       	pop	r28
     9f2:	08 95       	ret
/Users/leyry/Library/Arduino15/packages/MiniCore/hardware/avr/3.1.1/cores/MCUdude_corefiles/wiring_digital.c:47
    uint8_t oldSREG = SREG;
    cli();
    *reg &= ~bit;
    *out &= ~bit;
    SREG = oldSREG;
  } else if (mode == INPUT_PULLUP) {
     9f4:	62 30       	cpi	r22, 0x02	; 2
     9f6:	51 f4       	brne	.+20     	; 0xa0c <pinMode+0x6a>
/Users/leyry/Library/Arduino15/packages/MiniCore/hardware/avr/3.1.1/cores/MCUdude_corefiles/wiring_digital.c:48
    uint8_t oldSREG = SREG;
     9f8:	9f b7       	in	r25, 0x3f	; 63
/Users/leyry/Library/Arduino15/packages/MiniCore/hardware/avr/3.1.1/cores/MCUdude_corefiles/wiring_digital.c:49
    cli();
     9fa:	f8 94       	cli
/Users/leyry/Library/Arduino15/packages/MiniCore/hardware/avr/3.1.1/cores/MCUdude_corefiles/wiring_digital.c:50
    *reg &= ~bit;
     9fc:	3c 91       	ld	r19, X
     9fe:	82 2f       	mov	r24, r18
     a00:	80 95       	com	r24
     a02:	83 23       	and	r24, r19
     a04:	8c 93       	st	X, r24
/Users/leyry/Library/Arduino15/packages/MiniCore/hardware/avr/3.1.1/cores/MCUdude_corefiles/wiring_digital.c:51
    *out |= bit;
     a06:	e8 81       	ld	r30, Y
     a08:	2e 2b       	or	r18, r30
     a0a:	ef cf       	rjmp	.-34     	; 0x9ea <pinMode+0x48>
/Users/leyry/Library/Arduino15/packages/MiniCore/hardware/avr/3.1.1/cores/MCUdude_corefiles/wiring_digital.c:54
    SREG = oldSREG;
  } else {
    uint8_t oldSREG = SREG;
     a0c:	8f b7       	in	r24, 0x3f	; 63
/Users/leyry/Library/Arduino15/packages/MiniCore/hardware/avr/3.1.1/cores/MCUdude_corefiles/wiring_digital.c:55
    cli();
     a0e:	f8 94       	cli
/Users/leyry/Library/Arduino15/packages/MiniCore/hardware/avr/3.1.1/cores/MCUdude_corefiles/wiring_digital.c:56
    *reg |= bit;
     a10:	ec 91       	ld	r30, X
     a12:	2e 2b       	or	r18, r30
     a14:	2c 93       	st	X, r18
/Users/leyry/Library/Arduino15/packages/MiniCore/hardware/avr/3.1.1/cores/MCUdude_corefiles/wiring_digital.c:57
    SREG = oldSREG;
     a16:	8f bf       	out	0x3f, r24	; 63
     a18:	ea cf       	rjmp	.-44     	; 0x9ee <pinMode+0x4c>

00000a1a <micros>:
micros():
/Users/leyry/Library/Arduino15/packages/MiniCore/hardware/avr/3.1.1/cores/MCUdude_corefiles/wiring.c:237
  unsigned char f; // temporary storage for millis fraction counter
  unsigned char q = 0; // record whether an overflow is flagged
#endif
  // t will be the number where the timer0 counter stopped
  uint8_t t;
  uint8_t oldSREG = SREG;
     a1a:	3f b7       	in	r19, 0x3f	; 63
/Users/leyry/Library/Arduino15/packages/MiniCore/hardware/avr/3.1.1/cores/MCUdude_corefiles/wiring.c:240

  // Stop all interrupts
  cli();
     a1c:	f8 94       	cli
/Users/leyry/Library/Arduino15/packages/MiniCore/hardware/avr/3.1.1/cores/MCUdude_corefiles/wiring.c:247
#ifdef CORRECT_EXACT_MICROS
  // combine exact millisec and 8usec counters
  m = timer0_millis;
  f = timer0_fract;
#else
  m = timer0_overflow_count;
     a1e:	80 91 8c 02 	lds	r24, 0x028C	; 0x80028c <timer0_overflow_count>
     a22:	90 91 8d 02 	lds	r25, 0x028D	; 0x80028d <timer0_overflow_count+0x1>
     a26:	a0 91 8e 02 	lds	r26, 0x028E	; 0x80028e <timer0_overflow_count+0x2>
     a2a:	b0 91 8f 02 	lds	r27, 0x028F	; 0x80028f <timer0_overflow_count+0x3>
/Users/leyry/Library/Arduino15/packages/MiniCore/hardware/avr/3.1.1/cores/MCUdude_corefiles/wiring.c:252
#endif

  // TCNT0 : The Timer Counter Register
#if defined(TCNT0)
  t = TCNT0;
     a2e:	26 b5       	in	r18, 0x26	; 38
/Users/leyry/Library/Arduino15/packages/MiniCore/hardware/avr/3.1.1/cores/MCUdude_corefiles/wiring.c:261
  #error TIMER 0 not defined
#endif

  // Timer0 Interrupt Flag Register
#ifdef TIFR0
  if ((TIFR0 & _BV(TOV0)) && (t < 255))
     a30:	a8 9b       	sbis	0x15, 0	; 21
     a32:	05 c0       	rjmp	.+10     	; 0xa3e <micros+0x24>
     a34:	2f 3f       	cpi	r18, 0xFF	; 255
     a36:	19 f0       	breq	.+6      	; 0xa3e <micros+0x24>
/Users/leyry/Library/Arduino15/packages/MiniCore/hardware/avr/3.1.1/cores/MCUdude_corefiles/wiring.c:263
#ifndef CORRECT_EXACT_MICROS
    m++;
     a38:	01 96       	adiw	r24, 0x01	; 1
     a3a:	a1 1d       	adc	r26, r1
     a3c:	b1 1d       	adc	r27, r1
/Users/leyry/Library/Arduino15/packages/MiniCore/hardware/avr/3.1.1/cores/MCUdude_corefiles/wiring.c:276
#else
    q = 1;
#endif
#endif
  // Restore SREG
  SREG = oldSREG;
     a3e:	3f bf       	out	0x3f, r19	; 63
/Users/leyry/Library/Arduino15/packages/MiniCore/hardware/avr/3.1.1/cores/MCUdude_corefiles/wiring.c:292
      ((t * MICROSECONDS_PER_TIMER0_OVERFLOW) >> 8);
  return q ? m + MICROSECONDS_PER_TIMER0_OVERFLOW : m;
#elif 1
  /* All power-of-two Megahertz frequencies enter here, as well as 12.8 MHz.
     We only end up here if right shift before multiplication is exact. */
  return ((m << 8) + t) * (MICROSECONDS_PER_TIMER0_OVERFLOW >> 8);
     a40:	ba 2f       	mov	r27, r26
     a42:	a9 2f       	mov	r26, r25
     a44:	98 2f       	mov	r25, r24
     a46:	88 27       	eor	r24, r24
     a48:	bc 01       	movw	r22, r24
     a4a:	cd 01       	movw	r24, r26
     a4c:	62 0f       	add	r22, r18
     a4e:	71 1d       	adc	r23, r1
     a50:	81 1d       	adc	r24, r1
     a52:	91 1d       	adc	r25, r1
     a54:	43 e0       	ldi	r20, 0x03	; 3
     a56:	66 0f       	add	r22, r22
     a58:	77 1f       	adc	r23, r23
     a5a:	88 1f       	adc	r24, r24
     a5c:	99 1f       	adc	r25, r25
     a5e:	4a 95       	dec	r20
     a60:	d1 f7       	brne	.-12     	; 0xa56 <micros+0x3c>
/Users/leyry/Library/Arduino15/packages/MiniCore/hardware/avr/3.1.1/cores/MCUdude_corefiles/wiring.c:393
  // m & t are multiplied by 4 (since it was already multiplied by 256)
  // t is multiplied by 4
  return ((m << 8) + t) * (64 / clockCyclesPerMicrosecond());
#endif
#endif // 0
}
     a62:	08 95       	ret

00000a64 <delay>:
delay():
/Users/leyry/Library/Arduino15/packages/MiniCore/hardware/avr/3.1.1/cores/MCUdude_corefiles/wiring.c:396

void delay(unsigned long ms)
{
     a64:	8f 92       	push	r8
     a66:	9f 92       	push	r9
     a68:	af 92       	push	r10
     a6a:	bf 92       	push	r11
     a6c:	cf 92       	push	r12
     a6e:	df 92       	push	r13
     a70:	ef 92       	push	r14
     a72:	ff 92       	push	r15
     a74:	4b 01       	movw	r8, r22
     a76:	5c 01       	movw	r10, r24
/Users/leyry/Library/Arduino15/packages/MiniCore/hardware/avr/3.1.1/cores/MCUdude_corefiles/wiring.c:397
  unsigned long start = micros();
     a78:	0e 94 0d 05 	call	0xa1a	; 0xa1a <micros>
     a7c:	6b 01       	movw	r12, r22
     a7e:	7c 01       	movw	r14, r24
/Users/leyry/Library/Arduino15/packages/MiniCore/hardware/avr/3.1.1/cores/MCUdude_corefiles/wiring.c:401

  while (ms > 0UL) {
    yield();
    while (ms > 0UL && (micros() - start) >= 1000UL) {
     a80:	0e 94 0d 05 	call	0xa1a	; 0xa1a <micros>
     a84:	6c 19       	sub	r22, r12
     a86:	7d 09       	sbc	r23, r13
     a88:	8e 09       	sbc	r24, r14
     a8a:	9f 09       	sbc	r25, r15
     a8c:	68 3e       	cpi	r22, 0xE8	; 232
     a8e:	73 40       	sbci	r23, 0x03	; 3
     a90:	81 05       	cpc	r24, r1
     a92:	91 05       	cpc	r25, r1
     a94:	a8 f3       	brcs	.-22     	; 0xa80 <delay+0x1c>
/Users/leyry/Library/Arduino15/packages/MiniCore/hardware/avr/3.1.1/cores/MCUdude_corefiles/wiring.c:402
      ms--;
     a96:	21 e0       	ldi	r18, 0x01	; 1
     a98:	82 1a       	sub	r8, r18
     a9a:	91 08       	sbc	r9, r1
     a9c:	a1 08       	sbc	r10, r1
     a9e:	b1 08       	sbc	r11, r1
/Users/leyry/Library/Arduino15/packages/MiniCore/hardware/avr/3.1.1/cores/MCUdude_corefiles/wiring.c:403
      start += 1000UL;
     aa0:	88 ee       	ldi	r24, 0xE8	; 232
     aa2:	c8 0e       	add	r12, r24
     aa4:	83 e0       	ldi	r24, 0x03	; 3
     aa6:	d8 1e       	adc	r13, r24
     aa8:	e1 1c       	adc	r14, r1
     aaa:	f1 1c       	adc	r15, r1
/Users/leyry/Library/Arduino15/packages/MiniCore/hardware/avr/3.1.1/cores/MCUdude_corefiles/wiring.c:401
{
  unsigned long start = micros();

  while (ms > 0UL) {
    yield();
    while (ms > 0UL && (micros() - start) >= 1000UL) {
     aac:	81 14       	cp	r8, r1
     aae:	91 04       	cpc	r9, r1
     ab0:	a1 04       	cpc	r10, r1
     ab2:	b1 04       	cpc	r11, r1
     ab4:	29 f7       	brne	.-54     	; 0xa80 <delay+0x1c>
/Users/leyry/Library/Arduino15/packages/MiniCore/hardware/avr/3.1.1/cores/MCUdude_corefiles/wiring.c:406
      ms--;
      start += 1000UL;
    }
  }
}
     ab6:	ff 90       	pop	r15
     ab8:	ef 90       	pop	r14
     aba:	df 90       	pop	r13
     abc:	cf 90       	pop	r12
     abe:	bf 90       	pop	r11
     ac0:	af 90       	pop	r10
     ac2:	9f 90       	pop	r9
     ac4:	8f 90       	pop	r8
     ac6:	08 95       	ret

00000ac8 <millis>:
millis():
/Users/leyry/Library/Arduino15/packages/MiniCore/hardware/avr/3.1.1/cores/MCUdude_corefiles/wiring.c:218
}

unsigned long millis()
{
  unsigned long m;
  uint8_t oldSREG = SREG;
     ac8:	2f b7       	in	r18, 0x3f	; 63
/Users/leyry/Library/Arduino15/packages/MiniCore/hardware/avr/3.1.1/cores/MCUdude_corefiles/wiring.c:222

  // disable interrupts while we read timer0_millis or we might get an
  // inconsistent value (e.g. in the middle of a write to timer0_millis)
  cli();
     aca:	f8 94       	cli
/Users/leyry/Library/Arduino15/packages/MiniCore/hardware/avr/3.1.1/cores/MCUdude_corefiles/wiring.c:223
  m = timer0_millis;
     acc:	60 91 88 02 	lds	r22, 0x0288	; 0x800288 <timer0_millis>
     ad0:	70 91 89 02 	lds	r23, 0x0289	; 0x800289 <timer0_millis+0x1>
     ad4:	80 91 8a 02 	lds	r24, 0x028A	; 0x80028a <timer0_millis+0x2>
     ad8:	90 91 8b 02 	lds	r25, 0x028B	; 0x80028b <timer0_millis+0x3>
/Users/leyry/Library/Arduino15/packages/MiniCore/hardware/avr/3.1.1/cores/MCUdude_corefiles/wiring.c:224
  SREG = oldSREG;
     adc:	2f bf       	out	0x3f, r18	; 63
/Users/leyry/Library/Arduino15/packages/MiniCore/hardware/avr/3.1.1/cores/MCUdude_corefiles/wiring.c:227

  return m;
}
     ade:	08 95       	ret

00000ae0 <ThermioRfCc1101::waitReady(unsigned int) [clone .constprop.40]>:
_ZN15ThermioRfCc11019waitReadyEj.constprop.40():
/Users/leyry/Documents/Electronique/Thermonuino/main/lib/Thermonuino-commons/src/ThermioRfCc1101.cpp:34
  digitalWrite(pins_.csn, HIGH);
  digitalWrite(pins_.mosi, LOW);
  digitalWrite(pins_.sck, LOW);
}

bool ThermioRfCc1101::waitReady(uint16_t timeoutMs) {
     ae0:	cf 92       	push	r12
     ae2:	df 92       	push	r13
     ae4:	ef 92       	push	r14
     ae6:	ff 92       	push	r15
     ae8:	cf 93       	push	r28
     aea:	df 93       	push	r29
     aec:	ec 01       	movw	r28, r24
/Users/leyry/Documents/Electronique/Thermonuino/main/lib/Thermonuino-commons/src/ThermioRfCc1101.cpp:35
  const uint32_t startedAt = millis();
     aee:	0e 94 64 05 	call	0xac8	; 0xac8 <millis>
     af2:	6b 01       	movw	r12, r22
     af4:	7c 01       	movw	r14, r24
/Users/leyry/Documents/Electronique/Thermonuino/main/lib/Thermonuino-commons/src/ThermioRfCc1101.cpp:36
  while (digitalRead(pins_.miso) == HIGH) {
     af6:	8b 81       	ldd	r24, Y+3	; 0x03
     af8:	0e 94 47 04 	call	0x88e	; 0x88e <digitalRead>
     afc:	01 97       	sbiw	r24, 0x01	; 1
     afe:	99 f4       	brne	.+38     	; 0xb26 <ThermioRfCc1101::waitReady(unsigned int) [clone .constprop.40]+0x46>
/Users/leyry/Documents/Electronique/Thermonuino/main/lib/Thermonuino-commons/src/ThermioRfCc1101.cpp:37
    if ((uint32_t)(millis() - startedAt) >= timeoutMs) {
     b00:	0e 94 64 05 	call	0xac8	; 0xac8 <millis>
     b04:	6c 19       	sub	r22, r12
     b06:	7d 09       	sbc	r23, r13
     b08:	8e 09       	sbc	r24, r14
     b0a:	9f 09       	sbc	r25, r15
     b0c:	6f 30       	cpi	r22, 0x0F	; 15
     b0e:	71 05       	cpc	r23, r1
     b10:	81 05       	cpc	r24, r1
     b12:	91 05       	cpc	r25, r1
     b14:	80 f3       	brcs	.-32     	; 0xaf6 <ThermioRfCc1101::waitReady(unsigned int) [clone .constprop.40]+0x16>
/Users/leyry/Documents/Electronique/Thermonuino/main/lib/Thermonuino-commons/src/ThermioRfCc1101.cpp:38
      return false;
     b16:	80 e0       	ldi	r24, 0x00	; 0
/Users/leyry/Documents/Electronique/Thermonuino/main/lib/Thermonuino-commons/src/ThermioRfCc1101.cpp:42
    }
  }
  return true;
}
     b18:	df 91       	pop	r29
     b1a:	cf 91       	pop	r28
     b1c:	ff 90       	pop	r15
     b1e:	ef 90       	pop	r14
     b20:	df 90       	pop	r13
     b22:	cf 90       	pop	r12
     b24:	08 95       	ret
/Users/leyry/Documents/Electronique/Thermonuino/main/lib/Thermonuino-commons/src/ThermioRfCc1101.cpp:41
  while (digitalRead(pins_.miso) == HIGH) {
    if ((uint32_t)(millis() - startedAt) >= timeoutMs) {
      return false;
    }
  }
  return true;
     b26:	81 e0       	ldi	r24, 0x01	; 1
     b28:	f7 cf       	rjmp	.-18     	; 0xb18 <ThermioRfCc1101::waitReady(unsigned int) [clone .constprop.40]+0x38>

00000b2a <ThermioEink097::waitBusyLow(unsigned long) [clone .isra.2] [clone .constprop.27]>:
_ZN14ThermioEink09711waitBusyLowEm.isra.2.constprop.27():
/Users/leyry/Documents/Electronique/Thermonuino/main/modules/sonde/graphics/ThermioEink097.h:195
    delay(20);
    digitalWrite(pins_.rst, HIGH);
    delay(200);
  }

  bool waitBusyLow(uint32_t timeoutMs) {
     b2a:	cf 92       	push	r12
     b2c:	df 92       	push	r13
     b2e:	ef 92       	push	r14
     b30:	ff 92       	push	r15
     b32:	cf 93       	push	r28
     b34:	df 93       	push	r29
     b36:	ec 01       	movw	r28, r24
/Users/leyry/Documents/Electronique/Thermonuino/main/modules/sonde/graphics/ThermioEink097.h:196
    const uint32_t startedAt = millis();
     b38:	0e 94 64 05 	call	0xac8	; 0xac8 <millis>
     b3c:	6b 01       	movw	r12, r22
     b3e:	7c 01       	movw	r14, r24
/Users/leyry/Documents/Electronique/Thermonuino/main/modules/sonde/graphics/ThermioEink097.h:197
    while (digitalRead(pins_.busy) == HIGH) {
     b40:	88 81       	ld	r24, Y
     b42:	0e 94 47 04 	call	0x88e	; 0x88e <digitalRead>
     b46:	01 97       	sbiw	r24, 0x01	; 1
     b48:	91 f4       	brne	.+36     	; 0xb6e <ThermioEink097::waitBusyLow(unsigned long) [clone .isra.2] [clone .constprop.27]+0x44>
/Users/leyry/Documents/Electronique/Thermonuino/main/modules/sonde/graphics/ThermioEink097.h:198
      if ((uint32_t)(millis() - startedAt) >= timeoutMs) {
     b4a:	0e 94 64 05 	call	0xac8	; 0xac8 <millis>
     b4e:	6c 19       	sub	r22, r12
     b50:	7d 09       	sbc	r23, r13
     b52:	8e 09       	sbc	r24, r14
     b54:	9f 09       	sbc	r25, r15
     b56:	60 3e       	cpi	r22, 0xE0	; 224
     b58:	7e 42       	sbci	r23, 0x2E	; 46
     b5a:	81 05       	cpc	r24, r1
     b5c:	91 05       	cpc	r25, r1
     b5e:	78 f4       	brcc	.+30     	; 0xb7e <ThermioEink097::waitBusyLow(unsigned long) [clone .isra.2] [clone .constprop.27]+0x54>
/Users/leyry/Documents/Electronique/Thermonuino/main/modules/sonde/graphics/ThermioEink097.h:201
        return false;
      }
      delay(10);
     b60:	6a e0       	ldi	r22, 0x0A	; 10
     b62:	70 e0       	ldi	r23, 0x00	; 0
     b64:	80 e0       	ldi	r24, 0x00	; 0
     b66:	90 e0       	ldi	r25, 0x00	; 0
     b68:	0e 94 32 05 	call	0xa64	; 0xa64 <delay>
     b6c:	e9 cf       	rjmp	.-46     	; 0xb40 <ThermioEink097::waitBusyLow(unsigned long) [clone .isra.2] [clone .constprop.27]+0x16>
/Users/leyry/Documents/Electronique/Thermonuino/main/modules/sonde/graphics/ThermioEink097.h:203
    }
    return true;
     b6e:	81 e0       	ldi	r24, 0x01	; 1
/Users/leyry/Documents/Electronique/Thermonuino/main/modules/sonde/graphics/ThermioEink097.h:204
  }
     b70:	df 91       	pop	r29
     b72:	cf 91       	pop	r28
     b74:	ff 90       	pop	r15
     b76:	ef 90       	pop	r14
     b78:	df 90       	pop	r13
     b7a:	cf 90       	pop	r12
     b7c:	08 95       	ret
/Users/leyry/Documents/Electronique/Thermonuino/main/modules/sonde/graphics/ThermioEink097.h:199

  bool waitBusyLow(uint32_t timeoutMs) {
    const uint32_t startedAt = millis();
    while (digitalRead(pins_.busy) == HIGH) {
      if ((uint32_t)(millis() - startedAt) >= timeoutMs) {
        return false;
     b7e:	80 e0       	ldi	r24, 0x00	; 0
     b80:	f7 cf       	rjmp	.-18     	; 0xb70 <ThermioEink097::waitBusyLow(unsigned long) [clone .isra.2] [clone .constprop.27]+0x46>

00000b82 <TwoWire::onRequestService()>:
_ZN7TwoWire16onRequestServiceEv():
/Users/leyry/Library/Arduino15/packages/MiniCore/hardware/avr/3.1.1/libraries/Wire/src/Wire.cpp:366
  // !!! this will kill any pending pre-master sendTo() activity
  txBufferIndex = 0;
  txBufferLength = 0;
  // alert user program
  user_onRequest();
}
     b82:	08 95       	ret

00000b84 <TwoWire::onReceiveService(unsigned char*, int)>:
_ZN7TwoWire16onReceiveServiceEPhi():
/Users/leyry/Library/Arduino15/packages/MiniCore/hardware/avr/3.1.1/libraries/Wire/src/Wire.cpp:351
  // set rx iterator vars
  rxBufferIndex = 0;
  rxBufferLength = numBytes;
  // alert user program
  user_onReceive(numBytes);
}
     b84:	08 95       	ret

00000b86 <twi_stop>:
twi_stop():
/Users/leyry/Library/Arduino15/packages/MiniCore/hardware/avr/3.1.1/libraries/Wire/src/utility/twi.c:436
 * Output   none
 */
void twi_stop(void)
{
  // send stop condition
  TWCR = _BV(TWEN) | _BV(TWIE) | _BV(TWEA) | _BV(TWINT) | _BV(TWSTO);
     b86:	85 ed       	ldi	r24, 0xD5	; 213
     b88:	80 93 bc 00 	sts	0x00BC, r24	; 0x8000bc <__DATA_REGION_ORIGIN__+0x5c>
/Users/leyry/Library/Arduino15/packages/MiniCore/hardware/avr/3.1.1/libraries/Wire/src/utility/twi.c:456
          return;
        }
      }
    }
  #else
    while(TWCR & _BV(TWSTO)){
     b8c:	80 91 bc 00 	lds	r24, 0x00BC	; 0x8000bc <__DATA_REGION_ORIGIN__+0x5c>
     b90:	84 fd       	sbrc	r24, 4
     b92:	fc cf       	rjmp	.-8      	; 0xb8c <twi_stop+0x6>
/Users/leyry/Library/Arduino15/packages/MiniCore/hardware/avr/3.1.1/libraries/Wire/src/utility/twi.c:462
      continue;
    }
  #endif

  // update twi state
  twi_state = TWI_READY;
     b94:	10 92 eb 02 	sts	0x02EB, r1	; 0x8002eb <twi_state>
/Users/leyry/Library/Arduino15/packages/MiniCore/hardware/avr/3.1.1/libraries/Wire/src/utility/twi.c:463
}
     b98:	08 95       	ret

00000b9a <twi_transmit>:
twi_transmit():
/Users/leyry/Library/Arduino15/packages/MiniCore/hardware/avr/3.1.1/libraries/Wire/src/utility/twi.c:371
uint8_t twi_transmit(const uint8_t* data, uint8_t length)
{
  uint8_t i;

  // ensure data will fit into buffer
  if(TWI_BUFFER_SIZE < (twi_txBufferLength+length)){
     b9a:	20 91 52 02 	lds	r18, 0x0252	; 0x800252 <twi_txBufferLength>
     b9e:	26 0f       	add	r18, r22
     ba0:	33 27       	eor	r19, r19
     ba2:	33 1f       	adc	r19, r19
     ba4:	21 32       	cpi	r18, 0x21	; 33
     ba6:	31 05       	cpc	r19, r1
     ba8:	ec f4       	brge	.+58     	; 0xbe4 <twi_transmit+0x4a>
/Users/leyry/Library/Arduino15/packages/MiniCore/hardware/avr/3.1.1/libraries/Wire/src/utility/twi.c:376
    return 1;
  }

  // ensure we are currently a slave transmitter
  if(TWI_STX != twi_state){
     baa:	20 91 eb 02 	lds	r18, 0x02EB	; 0x8002eb <twi_state>
     bae:	fc 01       	movw	r30, r24
     bb0:	90 e0       	ldi	r25, 0x00	; 0
     bb2:	80 e0       	ldi	r24, 0x00	; 0
     bb4:	24 30       	cpi	r18, 0x04	; 4
     bb6:	69 f0       	breq	.+26     	; 0xbd2 <twi_transmit+0x38>
/Users/leyry/Library/Arduino15/packages/MiniCore/hardware/avr/3.1.1/libraries/Wire/src/utility/twi.c:377
    return 2;
     bb8:	82 e0       	ldi	r24, 0x02	; 2
/Users/leyry/Library/Arduino15/packages/MiniCore/hardware/avr/3.1.1/libraries/Wire/src/utility/twi.c:387
    twi_txBuffer[twi_txBufferLength+i] = data[i];
  }
  twi_txBufferLength += length;

  return 0;
}
     bba:	08 95       	ret
/Users/leyry/Library/Arduino15/packages/MiniCore/hardware/avr/3.1.1/libraries/Wire/src/utility/twi.c:382
    return 2;
  }

  // set length and copy data into tx buffer
  for(i = 0; i < length; ++i){
    twi_txBuffer[twi_txBufferLength+i] = data[i];
     bbc:	a0 91 52 02 	lds	r26, 0x0252	; 0x800252 <twi_txBufferLength>
     bc0:	21 91       	ld	r18, Z+
     bc2:	ac 01       	movw	r20, r24
     bc4:	4e 5c       	subi	r20, 0xCE	; 206
     bc6:	5d 4f       	sbci	r21, 0xFD	; 253
     bc8:	a4 0f       	add	r26, r20
     bca:	b5 2f       	mov	r27, r21
     bcc:	b1 1d       	adc	r27, r1
     bce:	2c 93       	st	X, r18
     bd0:	01 96       	adiw	r24, 0x01	; 1
/Users/leyry/Library/Arduino15/packages/MiniCore/hardware/avr/3.1.1/libraries/Wire/src/utility/twi.c:381
  if(TWI_STX != twi_state){
    return 2;
  }

  // set length and copy data into tx buffer
  for(i = 0; i < length; ++i){
     bd2:	86 17       	cp	r24, r22
     bd4:	98 f3       	brcs	.-26     	; 0xbbc <twi_transmit+0x22>
/Users/leyry/Library/Arduino15/packages/MiniCore/hardware/avr/3.1.1/libraries/Wire/src/utility/twi.c:384
    twi_txBuffer[twi_txBufferLength+i] = data[i];
  }
  twi_txBufferLength += length;
     bd6:	80 91 52 02 	lds	r24, 0x0252	; 0x800252 <twi_txBufferLength>
     bda:	68 0f       	add	r22, r24
     bdc:	60 93 52 02 	sts	0x0252, r22	; 0x800252 <twi_txBufferLength>
     be0:	80 e0       	ldi	r24, 0x00	; 0
     be2:	08 95       	ret
/Users/leyry/Library/Arduino15/packages/MiniCore/hardware/avr/3.1.1/libraries/Wire/src/utility/twi.c:372
{
  uint8_t i;

  // ensure data will fit into buffer
  if(TWI_BUFFER_SIZE < (twi_txBufferLength+length)){
    return 1;
     be4:	81 e0       	ldi	r24, 0x01	; 1
     be6:	08 95       	ret

00000be8 <TwoWire::flush()>:
_ZN7TwoWire5flushEv():
/Users/leyry/Library/Arduino15/packages/MiniCore/hardware/avr/3.1.1/libraries/Wire/src/Wire.cpp:326
}

void TwoWire::flush(void)
{
  // XXX: to be implemented.
}
     be8:	08 95       	ret

00000bea <TwoWire::peek()>:
_ZN7TwoWire4peekEv():
/Users/leyry/Library/Arduino15/packages/MiniCore/hardware/avr/3.1.1/libraries/Wire/src/Wire.cpp:316
// or after requestFrom(address, numBytes)
int TwoWire::peek(void)
{
  int value = -1;

  if(rxBufferIndex < rxBufferLength){
     bea:	e0 91 97 02 	lds	r30, 0x0297	; 0x800297 <TwoWire::rxBufferIndex>
     bee:	80 91 96 02 	lds	r24, 0x0296	; 0x800296 <TwoWire::rxBufferLength>
     bf2:	e8 17       	cp	r30, r24
     bf4:	30 f4       	brcc	.+12     	; 0xc02 <TwoWire::peek()+0x18>
/Users/leyry/Library/Arduino15/packages/MiniCore/hardware/avr/3.1.1/libraries/Wire/src/Wire.cpp:317
    value = rxBuffer[rxBufferIndex];
     bf6:	f0 e0       	ldi	r31, 0x00	; 0
     bf8:	ed 53       	subi	r30, 0x3D	; 61
     bfa:	fd 4f       	sbci	r31, 0xFD	; 253
     bfc:	80 81       	ld	r24, Z
     bfe:	90 e0       	ldi	r25, 0x00	; 0
     c00:	08 95       	ret
/Users/leyry/Library/Arduino15/packages/MiniCore/hardware/avr/3.1.1/libraries/Wire/src/Wire.cpp:314
// must be called in:
// slave rx event callback
// or after requestFrom(address, numBytes)
int TwoWire::peek(void)
{
  int value = -1;
     c02:	8f ef       	ldi	r24, 0xFF	; 255
     c04:	9f ef       	ldi	r25, 0xFF	; 255
/Users/leyry/Library/Arduino15/packages/MiniCore/hardware/avr/3.1.1/libraries/Wire/src/Wire.cpp:321
  if(rxBufferIndex < rxBufferLength){
    value = rxBuffer[rxBufferIndex];
  }

  return value;
}
     c06:	08 95       	ret

00000c08 <TwoWire::read()>:
_ZN7TwoWire4readEv():
/Users/leyry/Library/Arduino15/packages/MiniCore/hardware/avr/3.1.1/libraries/Wire/src/Wire.cpp:301
int TwoWire::read(void)
{
  int value = -1;

  // get each successive byte on each call
  if(rxBufferIndex < rxBufferLength){
     c08:	90 91 97 02 	lds	r25, 0x0297	; 0x800297 <TwoWire::rxBufferIndex>
     c0c:	80 91 96 02 	lds	r24, 0x0296	; 0x800296 <TwoWire::rxBufferLength>
/Users/leyry/Library/Arduino15/packages/MiniCore/hardware/avr/3.1.1/libraries/Wire/src/Wire.cpp:298
// must be called in:
// slave rx event callback
// or after requestFrom(address, numBytes)
int TwoWire::read(void)
{
  int value = -1;
     c10:	2f ef       	ldi	r18, 0xFF	; 255
     c12:	3f ef       	ldi	r19, 0xFF	; 255
/Users/leyry/Library/Arduino15/packages/MiniCore/hardware/avr/3.1.1/libraries/Wire/src/Wire.cpp:301

  // get each successive byte on each call
  if(rxBufferIndex < rxBufferLength){
     c14:	98 17       	cp	r25, r24
     c16:	48 f4       	brcc	.+18     	; 0xc2a <TwoWire::read()+0x22>
/Users/leyry/Library/Arduino15/packages/MiniCore/hardware/avr/3.1.1/libraries/Wire/src/Wire.cpp:302
    value = rxBuffer[rxBufferIndex];
     c18:	e9 2f       	mov	r30, r25
     c1a:	f0 e0       	ldi	r31, 0x00	; 0
     c1c:	ed 53       	subi	r30, 0x3D	; 61
     c1e:	fd 4f       	sbci	r31, 0xFD	; 253
     c20:	20 81       	ld	r18, Z
     c22:	30 e0       	ldi	r19, 0x00	; 0
/Users/leyry/Library/Arduino15/packages/MiniCore/hardware/avr/3.1.1/libraries/Wire/src/Wire.cpp:303
    ++rxBufferIndex;
     c24:	9f 5f       	subi	r25, 0xFF	; 255
     c26:	90 93 97 02 	sts	0x0297, r25	; 0x800297 <TwoWire::rxBufferIndex>
/Users/leyry/Library/Arduino15/packages/MiniCore/hardware/avr/3.1.1/libraries/Wire/src/Wire.cpp:307
  }

  return value;
}
     c2a:	c9 01       	movw	r24, r18
     c2c:	08 95       	ret

00000c2e <TwoWire::write(unsigned char const*, unsigned int)>:
_ZN7TwoWire5writeEPKhj():
/Users/leyry/Library/Arduino15/packages/MiniCore/hardware/avr/3.1.1/libraries/Wire/src/Wire.cpp:271

// must be called in:
// slave tx event callback
// or after beginTransmission(address)
size_t TwoWire::write(const uint8_t *data, size_t quantity)
{
     c2e:	cf 92       	push	r12
     c30:	df 92       	push	r13
     c32:	ef 92       	push	r14
     c34:	ff 92       	push	r15
     c36:	0f 93       	push	r16
     c38:	1f 93       	push	r17
     c3a:	cf 93       	push	r28
     c3c:	df 93       	push	r29
     c3e:	7c 01       	movw	r14, r24
     c40:	cb 01       	movw	r24, r22
     c42:	8a 01       	movw	r16, r20
/Users/leyry/Library/Arduino15/packages/MiniCore/hardware/avr/3.1.1/libraries/Wire/src/Wire.cpp:272
  if(transmitting){
     c44:	20 91 9f 02 	lds	r18, 0x029F	; 0x80029f <TwoWire::transmitting>
     c48:	22 23       	and	r18, r18
     c4a:	89 f0       	breq	.+34     	; 0xc6e <TwoWire::write(unsigned char const*, unsigned int)+0x40>
     c4c:	eb 01       	movw	r28, r22
     c4e:	6b 01       	movw	r12, r22
     c50:	c4 0e       	add	r12, r20
     c52:	d5 1e       	adc	r13, r21
/Users/leyry/Library/Arduino15/packages/MiniCore/hardware/avr/3.1.1/libraries/Wire/src/Wire.cpp:274
  // in master transmitter mode
    for(size_t i = 0; i < quantity; ++i){
     c54:	cc 15       	cp	r28, r12
     c56:	dd 05       	cpc	r29, r13
     c58:	69 f0       	breq	.+26     	; 0xc74 <TwoWire::write(unsigned char const*, unsigned int)+0x46>
/Users/leyry/Library/Arduino15/packages/MiniCore/hardware/avr/3.1.1/libraries/Wire/src/Wire.cpp:275
      write(data[i]);
     c5a:	69 91       	ld	r22, Y+
     c5c:	d7 01       	movw	r26, r14
     c5e:	ed 91       	ld	r30, X+
     c60:	fc 91       	ld	r31, X
     c62:	01 90       	ld	r0, Z+
     c64:	f0 81       	ld	r31, Z
     c66:	e0 2d       	mov	r30, r0
     c68:	c7 01       	movw	r24, r14
     c6a:	09 95       	icall
     c6c:	f3 cf       	rjmp	.-26     	; 0xc54 <TwoWire::write(unsigned char const*, unsigned int)+0x26>
/Users/leyry/Library/Arduino15/packages/MiniCore/hardware/avr/3.1.1/libraries/Wire/src/Wire.cpp:280
    }
  }else{
  // in slave send mode
    // reply to master
    twi_transmit(data, quantity);
     c6e:	64 2f       	mov	r22, r20
     c70:	0e 94 cd 05 	call	0xb9a	; 0xb9a <twi_transmit>
/Users/leyry/Library/Arduino15/packages/MiniCore/hardware/avr/3.1.1/libraries/Wire/src/Wire.cpp:283
  }
  return quantity;
}
     c74:	c8 01       	movw	r24, r16
     c76:	df 91       	pop	r29
     c78:	cf 91       	pop	r28
     c7a:	1f 91       	pop	r17
     c7c:	0f 91       	pop	r16
     c7e:	ff 90       	pop	r15
     c80:	ef 90       	pop	r14
     c82:	df 90       	pop	r13
     c84:	cf 90       	pop	r12
     c86:	08 95       	ret

00000c88 <TwoWire::write(unsigned char)>:
_ZN7TwoWire5writeEh():
/Users/leyry/Library/Arduino15/packages/MiniCore/hardware/avr/3.1.1/libraries/Wire/src/Wire.cpp:246

// must be called in:
// slave tx event callback
// or after beginTransmission(address)
size_t TwoWire::write(uint8_t data)
{
     c88:	cf 93       	push	r28
     c8a:	df 93       	push	r29
     c8c:	1f 92       	push	r1
     c8e:	cd b7       	in	r28, 0x3d	; 61
     c90:	de b7       	in	r29, 0x3e	; 62
     c92:	69 83       	std	Y+1, r22	; 0x01
/Users/leyry/Library/Arduino15/packages/MiniCore/hardware/avr/3.1.1/libraries/Wire/src/Wire.cpp:247
  if(transmitting){
     c94:	20 91 9f 02 	lds	r18, 0x029F	; 0x80029f <TwoWire::transmitting>
     c98:	22 23       	and	r18, r18
     c9a:	f9 f0       	breq	.+62     	; 0xcda <TwoWire::write(unsigned char)+0x52>
/Users/leyry/Library/Arduino15/packages/MiniCore/hardware/avr/3.1.1/libraries/Wire/src/Wire.cpp:250
  // in master transmitter mode
    // don't bother if buffer is full
    if(txBufferLength >= TWI_BUFFER_SIZE){
     c9c:	20 91 c2 02 	lds	r18, 0x02C2	; 0x8002c2 <TwoWire::txBufferLength>
     ca0:	20 32       	cpi	r18, 0x20	; 32
     ca2:	58 f0       	brcs	.+22     	; 0xcba <TwoWire::write(unsigned char)+0x32>
_ZN5Print13setWriteErrorEi():
/Users/leyry/Library/Arduino15/packages/MiniCore/hardware/avr/3.1.1/cores/MCUdude_corefiles/Print.h:44
  private:
    int write_error;
    size_t printNumber(unsigned long, uint8_t);
    size_t printFloat(double, uint8_t);
  protected:
    void setWriteError(int err = 1) { write_error = err; }
     ca4:	21 e0       	ldi	r18, 0x01	; 1
     ca6:	30 e0       	ldi	r19, 0x00	; 0
     ca8:	fc 01       	movw	r30, r24
     caa:	33 83       	std	Z+3, r19	; 0x03
     cac:	22 83       	std	Z+2, r18	; 0x02
_ZN7TwoWire5writeEh():
/Users/leyry/Library/Arduino15/packages/MiniCore/hardware/avr/3.1.1/libraries/Wire/src/Wire.cpp:252
      setWriteError();
      return 0;
     cae:	90 e0       	ldi	r25, 0x00	; 0
     cb0:	80 e0       	ldi	r24, 0x00	; 0
/Users/leyry/Library/Arduino15/packages/MiniCore/hardware/avr/3.1.1/libraries/Wire/src/Wire.cpp:265
  // in slave send mode
    // reply to master
    twi_transmit(&data, 1);
  }
  return 1;
}
     cb2:	0f 90       	pop	r0
     cb4:	df 91       	pop	r29
     cb6:	cf 91       	pop	r28
     cb8:	08 95       	ret
/Users/leyry/Library/Arduino15/packages/MiniCore/hardware/avr/3.1.1/libraries/Wire/src/Wire.cpp:255
    if(txBufferLength >= TWI_BUFFER_SIZE){
      setWriteError();
      return 0;
    }
    // put byte in tx buffer
    txBuffer[txBufferIndex] = data;
     cba:	80 91 a0 02 	lds	r24, 0x02A0	; 0x8002a0 <TwoWire::txBufferIndex>
     cbe:	e8 2f       	mov	r30, r24
     cc0:	f0 e0       	ldi	r31, 0x00	; 0
     cc2:	ef 55       	subi	r30, 0x5F	; 95
     cc4:	fd 4f       	sbci	r31, 0xFD	; 253
     cc6:	99 81       	ldd	r25, Y+1	; 0x01
     cc8:	90 83       	st	Z, r25
/Users/leyry/Library/Arduino15/packages/MiniCore/hardware/avr/3.1.1/libraries/Wire/src/Wire.cpp:256
    ++txBufferIndex;
     cca:	8f 5f       	subi	r24, 0xFF	; 255
     ccc:	80 93 a0 02 	sts	0x02A0, r24	; 0x8002a0 <TwoWire::txBufferIndex>
/Users/leyry/Library/Arduino15/packages/MiniCore/hardware/avr/3.1.1/libraries/Wire/src/Wire.cpp:258
    // update amount in buffer
    txBufferLength = txBufferIndex;
     cd0:	80 93 c2 02 	sts	0x02C2, r24	; 0x8002c2 <TwoWire::txBufferLength>
/Users/leyry/Library/Arduino15/packages/MiniCore/hardware/avr/3.1.1/libraries/Wire/src/Wire.cpp:264
  }else{
  // in slave send mode
    // reply to master
    twi_transmit(&data, 1);
  }
  return 1;
     cd4:	81 e0       	ldi	r24, 0x01	; 1
     cd6:	90 e0       	ldi	r25, 0x00	; 0
     cd8:	ec cf       	rjmp	.-40     	; 0xcb2 <TwoWire::write(unsigned char)+0x2a>
/Users/leyry/Library/Arduino15/packages/MiniCore/hardware/avr/3.1.1/libraries/Wire/src/Wire.cpp:262
    // update amount in buffer
    txBufferLength = txBufferIndex;
  }else{
  // in slave send mode
    // reply to master
    twi_transmit(&data, 1);
     cda:	61 e0       	ldi	r22, 0x01	; 1
     cdc:	ce 01       	movw	r24, r28
     cde:	01 96       	adiw	r24, 0x01	; 1
     ce0:	0e 94 cd 05 	call	0xb9a	; 0xb9a <twi_transmit>
     ce4:	f7 cf       	rjmp	.-18     	; 0xcd4 <TwoWire::write(unsigned char)+0x4c>

00000ce6 <TwoWire::write(int) [clone .constprop.69]>:
_ZN7TwoWire5writeEi.constprop.69():
/Users/leyry/Library/Arduino15/packages/MiniCore/hardware/avr/3.1.1/libraries/Wire/src/Wire.h:87
    void onRequest( void (*)(void) );

    inline size_t write(unsigned long n) { return write((uint8_t)n); }
    inline size_t write(long n) { return write((uint8_t)n); }
    inline size_t write(unsigned int n) { return write((uint8_t)n); }
    inline size_t write(int n) { return write((uint8_t)n); }
     ce6:	68 2f       	mov	r22, r24
     ce8:	8c ee       	ldi	r24, 0xEC	; 236
     cea:	92 e0       	ldi	r25, 0x02	; 2
     cec:	0c 94 44 06 	jmp	0xc88	; 0xc88 <TwoWire::write(unsigned char)>

00000cf0 <Print::availableForWrite()>:
_ZN5Print17availableForWriteEv():
/Users/leyry/Library/Arduino15/packages/MiniCore/hardware/avr/3.1.1/cores/MCUdude_corefiles/Print.h:63
      return write((const uint8_t *)buffer, size);
    }

    // default to zero, meaning "a single write may block"
    // should be overriden by subclasses with buffering
    virtual int availableForWrite() { return 0; }
     cf0:	90 e0       	ldi	r25, 0x00	; 0
     cf2:	80 e0       	ldi	r24, 0x00	; 0
     cf4:	08 95       	ret

00000cf6 <ThermioEink097::reset() [clone .isra.1]>:
_ZN14ThermioEink0975resetEv.isra.1():
/Users/leyry/Documents/Electronique/Thermonuino/main/modules/sonde/graphics/ThermioEink097.h:186

private:
  Pins pins_;
  SPISettings settings_;

  void reset() {
     cf6:	cf 93       	push	r28
     cf8:	df 93       	push	r29
     cfa:	ec 01       	movw	r28, r24
/Users/leyry/Documents/Electronique/Thermonuino/main/modules/sonde/graphics/ThermioEink097.h:187
    digitalWrite(pins_.rst, HIGH);
     cfc:	61 e0       	ldi	r22, 0x01	; 1
     cfe:	88 81       	ld	r24, Y
     d00:	0e 94 a3 04 	call	0x946	; 0x946 <digitalWrite>
/Users/leyry/Documents/Electronique/Thermonuino/main/modules/sonde/graphics/ThermioEink097.h:188
    delay(20);
     d04:	64 e1       	ldi	r22, 0x14	; 20
     d06:	70 e0       	ldi	r23, 0x00	; 0
     d08:	80 e0       	ldi	r24, 0x00	; 0
     d0a:	90 e0       	ldi	r25, 0x00	; 0
     d0c:	0e 94 32 05 	call	0xa64	; 0xa64 <delay>
/Users/leyry/Documents/Electronique/Thermonuino/main/modules/sonde/graphics/ThermioEink097.h:189
    digitalWrite(pins_.rst, LOW);
     d10:	60 e0       	ldi	r22, 0x00	; 0
     d12:	88 81       	ld	r24, Y
     d14:	0e 94 a3 04 	call	0x946	; 0x946 <digitalWrite>
/Users/leyry/Documents/Electronique/Thermonuino/main/modules/sonde/graphics/ThermioEink097.h:190
    delay(20);
     d18:	64 e1       	ldi	r22, 0x14	; 20
     d1a:	70 e0       	ldi	r23, 0x00	; 0
     d1c:	80 e0       	ldi	r24, 0x00	; 0
     d1e:	90 e0       	ldi	r25, 0x00	; 0
     d20:	0e 94 32 05 	call	0xa64	; 0xa64 <delay>
/Users/leyry/Documents/Electronique/Thermonuino/main/modules/sonde/graphics/ThermioEink097.h:191
    digitalWrite(pins_.rst, HIGH);
     d24:	61 e0       	ldi	r22, 0x01	; 1
     d26:	88 81       	ld	r24, Y
     d28:	0e 94 a3 04 	call	0x946	; 0x946 <digitalWrite>
/Users/leyry/Documents/Electronique/Thermonuino/main/modules/sonde/graphics/ThermioEink097.h:192
    delay(200);
     d2c:	68 ec       	ldi	r22, 0xC8	; 200
     d2e:	70 e0       	ldi	r23, 0x00	; 0
     d30:	80 e0       	ldi	r24, 0x00	; 0
     d32:	90 e0       	ldi	r25, 0x00	; 0
/Users/leyry/Documents/Electronique/Thermonuino/main/modules/sonde/graphics/ThermioEink097.h:193
  }
     d34:	df 91       	pop	r29
     d36:	cf 91       	pop	r28
/Users/leyry/Documents/Electronique/Thermonuino/main/modules/sonde/graphics/ThermioEink097.h:192
    digitalWrite(pins_.rst, HIGH);
    delay(20);
    digitalWrite(pins_.rst, LOW);
    delay(20);
    digitalWrite(pins_.rst, HIGH);
    delay(200);
     d38:	0c 94 32 05 	jmp	0xa64	; 0xa64 <delay>

00000d3c <syncUiFromDataService()>:
_Z21syncUiFromDataServicev():
/Users/leyry/Documents/Electronique/Thermonuino/main/modules/sonde/sonde.ino:111
  ledOff();
  delay(DISPLAY_SEND_MARKER_MS);
  ledOn();
}

void syncUiFromDataService() {
     d3c:	0f 93       	push	r16
     d3e:	1f 93       	push	r17
currentTempKnown():
/Users/leyry/Documents/Electronique/Thermonuino/main/modules/sonde/SondeDataService.cpp:37
    nextSensorRefreshAt_ = until;
  }
}

bool SondeDataService::currentTempKnown() const {
  return currentTempKnown_;
     d40:	80 91 9e 02 	lds	r24, 0x029E	; 0x80029e <dataService+0x6>
_Z21syncUiFromDataServicev():
/Users/leyry/Documents/Electronique/Thermonuino/main/modules/sonde/sonde.ino:112
  ui.currentTempKnown = dataService.currentTempKnown();
     d44:	80 93 0b 01 	sts	0x010B, r24	; 0x80010b <__data_start+0xb>
/Users/leyry/Documents/Electronique/Thermonuino/main/modules/sonde/sonde.ino:113
  if (ui.currentTempKnown) {
     d48:	88 23       	and	r24, r24
     d4a:	41 f0       	breq	.+16     	; 0xd5c <syncUiFromDataService()+0x20>
/Users/leyry/Documents/Electronique/Thermonuino/main/modules/sonde/sonde.ino:114
    ui.currentTempDeciC = dataService.currentTempDeciC();
     d4c:	80 91 9c 02 	lds	r24, 0x029C	; 0x80029c <dataService+0x4>
     d50:	90 91 9d 02 	lds	r25, 0x029D	; 0x80029d <dataService+0x5>
     d54:	90 93 02 01 	sts	0x0102, r25	; 0x800102 <__data_start+0x2>
     d58:	80 93 01 01 	sts	0x0101, r24	; 0x800101 <__data_start+0x1>
/Users/leyry/Documents/Electronique/Thermonuino/main/modules/sonde/sonde.ino:116
  }
  ui.batteryMv = batteryService.batteryMv();
     d5c:	80 91 45 03 	lds	r24, 0x0345	; 0x800345 <batteryService+0x5>
     d60:	90 91 46 03 	lds	r25, 0x0346	; 0x800346 <batteryService+0x6>
     d64:	90 93 08 01 	sts	0x0108, r25	; 0x800108 <__data_start+0x8>
     d68:	80 93 07 01 	sts	0x0107, r24	; 0x800107 <__data_start+0x7>
/Users/leyry/Documents/Electronique/Thermonuino/main/modules/sonde/sonde.ino:117
  ui.batteryLow = batteryService.batteryLow();
     d6c:	80 91 48 03 	lds	r24, 0x0348	; 0x800348 <batteryService+0x8>
     d70:	80 93 0e 01 	sts	0x010E, r24	; 0x80010e <__data_start+0xe>
/Users/leyry/Documents/Electronique/Thermonuino/main/modules/sonde/sonde.ino:118
  ui.batteryCritical = batteryService.batteryCritical();
     d74:	80 91 49 03 	lds	r24, 0x0349	; 0x800349 <batteryService+0x9>
     d78:	80 93 0f 01 	sts	0x010F, r24	; 0x80010f <__data_start+0xf>
/Users/leyry/Documents/Electronique/Thermonuino/main/modules/sonde/sonde.ino:119
  ui.consoleOk = rfStatusService.consoleOk(millis());
     d7c:	0e 94 64 05 	call	0xac8	; 0xac8 <millis>
consoleOk():
/Users/leyry/Documents/Electronique/Thermonuino/main/modules/sonde/SondeRfStatusService.cpp:36
bool SondeRfStatusService::spiOk() const {
  return spiOk_;
}

bool SondeRfStatusService::consoleOk(uint32_t now) const {
  return consoleResponseSeen_ &&
     d80:	20 91 17 03 	lds	r18, 0x0317	; 0x800317 <rfStatusService+0xb>
     d84:	22 23       	and	r18, r18
     d86:	a9 f0       	breq	.+42     	; 0xdb2 <syncUiFromDataService()+0x76>
/Users/leyry/Documents/Electronique/Thermonuino/main/modules/sonde/SondeRfStatusService.cpp:37
      (uint32_t)(now - lastConsoleResponseAt_) <= ConsoleOkHoldMs;
     d88:	00 91 12 03 	lds	r16, 0x0312	; 0x800312 <rfStatusService+0x6>
     d8c:	10 91 13 03 	lds	r17, 0x0313	; 0x800313 <rfStatusService+0x7>
     d90:	20 91 14 03 	lds	r18, 0x0314	; 0x800314 <rfStatusService+0x8>
     d94:	30 91 15 03 	lds	r19, 0x0315	; 0x800315 <rfStatusService+0x9>
     d98:	ab 01       	movw	r20, r22
     d9a:	bc 01       	movw	r22, r24
     d9c:	40 1b       	sub	r20, r16
     d9e:	51 0b       	sbc	r21, r17
     da0:	62 0b       	sbc	r22, r18
     da2:	73 0b       	sbc	r23, r19
/Users/leyry/Documents/Electronique/Thermonuino/main/modules/sonde/SondeRfStatusService.cpp:36
bool SondeRfStatusService::spiOk() const {
  return spiOk_;
}

bool SondeRfStatusService::consoleOk(uint32_t now) const {
  return consoleResponseSeen_ &&
     da4:	21 e0       	ldi	r18, 0x01	; 1
     da6:	41 3a       	cpi	r20, 0xA1	; 161
     da8:	5b 4b       	sbci	r21, 0xBB	; 187
     daa:	6d 40       	sbci	r22, 0x0D	; 13
     dac:	71 05       	cpc	r23, r1
     dae:	08 f0       	brcs	.+2      	; 0xdb2 <syncUiFromDataService()+0x76>
     db0:	20 e0       	ldi	r18, 0x00	; 0
_Z21syncUiFromDataServicev():
/Users/leyry/Documents/Electronique/Thermonuino/main/modules/sonde/sonde.ino:119
     db2:	20 93 10 01 	sts	0x0110, r18	; 0x800110 <__data_start+0x10>
/Users/leyry/Documents/Electronique/Thermonuino/main/modules/sonde/sonde.ino:120
  ui.bootMinutes = millis() / 60000UL;
     db6:	0e 94 64 05 	call	0xac8	; 0xac8 <millis>
     dba:	20 e6       	ldi	r18, 0x60	; 96
     dbc:	3a ee       	ldi	r19, 0xEA	; 234
     dbe:	40 e0       	ldi	r20, 0x00	; 0
     dc0:	50 e0       	ldi	r21, 0x00	; 0
     dc2:	0e 94 97 15 	call	0x2b2e	; 0x2b2e <__udivmodsi4>
     dc6:	30 93 0a 01 	sts	0x010A, r19	; 0x80010a <__data_start+0xa>
     dca:	20 93 09 01 	sts	0x0109, r18	; 0x800109 <__data_start+0x9>
/Users/leyry/Documents/Electronique/Thermonuino/main/modules/sonde/sonde.ino:121
}
     dce:	1f 91       	pop	r17
     dd0:	0f 91       	pop	r16
     dd2:	08 95       	ret

00000dd4 <isolateRfSpi()>:
_Z12isolateRfSpiv():
/Users/leyry/Documents/Electronique/Thermonuino/main/modules/sonde/sonde.ino:102
void ledOff() {
  digitalWrite(PIN_LED, LOW);
}

void isolateRfSpi() {
  digitalWrite(PIN_RF_CSN, HIGH);
     dd4:	61 e0       	ldi	r22, 0x01	; 1
     dd6:	8a e0       	ldi	r24, 0x0A	; 10
     dd8:	0c 94 a3 04 	jmp	0x946	; 0x946 <digitalWrite>

00000ddc <ledOff()>:
_Z6ledOffv():
/Users/leyry/Documents/Electronique/Thermonuino/main/modules/sonde/sonde.ino:98
void ledOn() {
  digitalWrite(PIN_LED, HIGH);
}

void ledOff() {
  digitalWrite(PIN_LED, LOW);
     ddc:	60 e0       	ldi	r22, 0x00	; 0
     dde:	85 e0       	ldi	r24, 0x05	; 5
     de0:	0c 94 a3 04 	jmp	0x946	; 0x946 <digitalWrite>

00000de4 <markDisplaySendStart()>:
_Z20markDisplaySendStartv():
/Users/leyry/Documents/Electronique/Thermonuino/main/modules/sonde/sonde.ino:106
void isolateRfSpi() {
  digitalWrite(PIN_RF_CSN, HIGH);
}

void markDisplaySendStart() {
  ledOff();
     de4:	0e 94 ee 06 	call	0xddc	; 0xddc <ledOff()>
/Users/leyry/Documents/Electronique/Thermonuino/main/modules/sonde/sonde.ino:107
  delay(DISPLAY_SEND_MARKER_MS);
     de8:	6a ef       	ldi	r22, 0xFA	; 250
     dea:	70 e0       	ldi	r23, 0x00	; 0
     dec:	80 e0       	ldi	r24, 0x00	; 0
     dee:	90 e0       	ldi	r25, 0x00	; 0
     df0:	0e 94 32 05 	call	0xa64	; 0xa64 <delay>
ledOn():
/Users/leyry/Documents/Electronique/Thermonuino/main/modules/sonde/sonde.ino:94
bool armSetpointEditTimeoutAfterRefresh = false;
bool batteryTerminalMode = false;
bool startupTerminalMode = false;

void ledOn() {
  digitalWrite(PIN_LED, HIGH);
     df4:	61 e0       	ldi	r22, 0x01	; 1
     df6:	85 e0       	ldi	r24, 0x05	; 5
     df8:	0c 94 a3 04 	jmp	0x946	; 0x946 <digitalWrite>

00000dfc <SPIClass::endTransaction()>:
_ZN8SPIClass14endTransactionEv():
/Users/leyry/Library/Arduino15/packages/MiniCore/hardware/avr/3.1.1/libraries/SPI/src/SPI.h:287
      #endif
      {
        SREG = interruptSave;
      }
    }
  }
     dfc:	08 95       	ret

00000dfe <SPIClass::transfer(unsigned char)>:
_ZN8SPIClass8transferEh():
/Users/leyry/Library/Arduino15/packages/MiniCore/hardware/avr/3.1.1/libraries/SPI/src/SPI.h:212
    SPSR = settings.spsr;
  }

  // Write to the SPI bus (MOSI pin) and also receive (MISO pin)
  inline static uint8_t transfer(uint8_t data) {
    SPDR = data;
     dfe:	8e bd       	out	0x2e, r24	; 46
/Users/leyry/Library/Arduino15/packages/MiniCore/hardware/avr/3.1.1/libraries/SPI/src/SPI.h:219
     * The following NOP introduces a small delay that can prevent the wait
     * loop form iterating when running at the maximum speed. This gives
     * about 10% more speed, even if it seems counter-intuitive. At lower
     * speeds it is unnoticed.
     */
    asm volatile("nop");
     e00:	00 00       	nop
/Users/leyry/Library/Arduino15/packages/MiniCore/hardware/avr/3.1.1/libraries/SPI/src/SPI.h:220
    while (!(SPSR & _BV(SPIF))) ; // wait
     e02:	0d b4       	in	r0, 0x2d	; 45
     e04:	07 fe       	sbrs	r0, 7
     e06:	fd cf       	rjmp	.-6      	; 0xe02 <SPIClass::transfer(unsigned char)+0x4>
/Users/leyry/Library/Arduino15/packages/MiniCore/hardware/avr/3.1.1/libraries/SPI/src/SPI.h:221
    return SPDR;
     e08:	8e b5       	in	r24, 0x2e	; 46
/Users/leyry/Library/Arduino15/packages/MiniCore/hardware/avr/3.1.1/libraries/SPI/src/SPI.h:222
  }
     e0a:	08 95       	ret

00000e0c <ThermioEink097::command(unsigned char) [clone .constprop.19]>:
_ZN14ThermioEink0977commandEh.constprop.19():
/Users/leyry/Documents/Electronique/Thermonuino/main/modules/sonde/graphics/ThermioEink097.h:206
      delay(10);
    }
    return true;
  }

  void command(uint8_t value) {
     e0c:	1f 93       	push	r17
     e0e:	cf 93       	push	r28
     e10:	df 93       	push	r29
     e12:	18 2f       	mov	r17, r24
/Users/leyry/Documents/Electronique/Thermonuino/main/modules/sonde/graphics/ThermioEink097.h:207
    digitalWrite(pins_.rfCsn, HIGH);
     e14:	c1 e5       	ldi	r28, 0x51	; 81
     e16:	d3 e0       	ldi	r29, 0x03	; 3
     e18:	61 e0       	ldi	r22, 0x01	; 1
     e1a:	8c 81       	ldd	r24, Y+4	; 0x04
     e1c:	0e 94 a3 04 	call	0x946	; 0x946 <digitalWrite>
/Users/leyry/Documents/Electronique/Thermonuino/main/modules/sonde/graphics/ThermioEink097.h:208
    digitalWrite(pins_.dc, LOW);
     e20:	60 e0       	ldi	r22, 0x00	; 0
     e22:	89 81       	ldd	r24, Y+1	; 0x01
     e24:	0e 94 a3 04 	call	0x946	; 0x946 <digitalWrite>
/Users/leyry/Documents/Electronique/Thermonuino/main/modules/sonde/graphics/ThermioEink097.h:209
    digitalWrite(pins_.cs, LOW);
     e28:	60 e0       	ldi	r22, 0x00	; 0
     e2a:	88 81       	ld	r24, Y
     e2c:	0e 94 a3 04 	call	0x946	; 0x946 <digitalWrite>
/Users/leyry/Documents/Electronique/Thermonuino/main/modules/sonde/graphics/ThermioEink097.h:210
    SPI.transfer(value);
     e30:	81 2f       	mov	r24, r17
     e32:	0e 94 ff 06 	call	0xdfe	; 0xdfe <SPIClass::transfer(unsigned char)>
/Users/leyry/Documents/Electronique/Thermonuino/main/modules/sonde/graphics/ThermioEink097.h:211
    digitalWrite(pins_.cs, HIGH);
     e36:	61 e0       	ldi	r22, 0x01	; 1
     e38:	88 81       	ld	r24, Y
/Users/leyry/Documents/Electronique/Thermonuino/main/modules/sonde/graphics/ThermioEink097.h:212
  }
     e3a:	df 91       	pop	r29
     e3c:	cf 91       	pop	r28
     e3e:	1f 91       	pop	r17
/Users/leyry/Documents/Electronique/Thermonuino/main/modules/sonde/graphics/ThermioEink097.h:211
  void command(uint8_t value) {
    digitalWrite(pins_.rfCsn, HIGH);
    digitalWrite(pins_.dc, LOW);
    digitalWrite(pins_.cs, LOW);
    SPI.transfer(value);
    digitalWrite(pins_.cs, HIGH);
     e40:	0c 94 a3 04 	jmp	0x946	; 0x946 <digitalWrite>

00000e44 <ThermioEink097::data(unsigned char) [clone .constprop.18]>:
_ZN14ThermioEink0974dataEh.constprop.18():
/Users/leyry/Documents/Electronique/Thermonuino/main/modules/sonde/graphics/ThermioEink097.h:214
  }

  void data(uint8_t value) {
     e44:	1f 93       	push	r17
     e46:	cf 93       	push	r28
     e48:	df 93       	push	r29
     e4a:	18 2f       	mov	r17, r24
/Users/leyry/Documents/Electronique/Thermonuino/main/modules/sonde/graphics/ThermioEink097.h:215
    digitalWrite(pins_.rfCsn, HIGH);
     e4c:	c1 e5       	ldi	r28, 0x51	; 81
     e4e:	d3 e0       	ldi	r29, 0x03	; 3
     e50:	61 e0       	ldi	r22, 0x01	; 1
     e52:	8c 81       	ldd	r24, Y+4	; 0x04
     e54:	0e 94 a3 04 	call	0x946	; 0x946 <digitalWrite>
/Users/leyry/Documents/Electronique/Thermonuino/main/modules/sonde/graphics/ThermioEink097.h:216
    digitalWrite(pins_.dc, HIGH);
     e58:	61 e0       	ldi	r22, 0x01	; 1
     e5a:	89 81       	ldd	r24, Y+1	; 0x01
     e5c:	0e 94 a3 04 	call	0x946	; 0x946 <digitalWrite>
/Users/leyry/Documents/Electronique/Thermonuino/main/modules/sonde/graphics/ThermioEink097.h:217
    digitalWrite(pins_.cs, LOW);
     e60:	60 e0       	ldi	r22, 0x00	; 0
     e62:	88 81       	ld	r24, Y
     e64:	0e 94 a3 04 	call	0x946	; 0x946 <digitalWrite>
/Users/leyry/Documents/Electronique/Thermonuino/main/modules/sonde/graphics/ThermioEink097.h:218
    SPI.transfer(value);
     e68:	81 2f       	mov	r24, r17
     e6a:	0e 94 ff 06 	call	0xdfe	; 0xdfe <SPIClass::transfer(unsigned char)>
/Users/leyry/Documents/Electronique/Thermonuino/main/modules/sonde/graphics/ThermioEink097.h:219
    digitalWrite(pins_.cs, HIGH);
     e6e:	61 e0       	ldi	r22, 0x01	; 1
     e70:	88 81       	ld	r24, Y
/Users/leyry/Documents/Electronique/Thermonuino/main/modules/sonde/graphics/ThermioEink097.h:220
  }
     e72:	df 91       	pop	r29
     e74:	cf 91       	pop	r28
     e76:	1f 91       	pop	r17
/Users/leyry/Documents/Electronique/Thermonuino/main/modules/sonde/graphics/ThermioEink097.h:219
  void data(uint8_t value) {
    digitalWrite(pins_.rfCsn, HIGH);
    digitalWrite(pins_.dc, HIGH);
    digitalWrite(pins_.cs, LOW);
    SPI.transfer(value);
    digitalWrite(pins_.cs, HIGH);
     e78:	0c 94 a3 04 	jmp	0x946	; 0x946 <digitalWrite>

00000e7c <ThermioEink097::setRamArea() [clone .constprop.16]>:
_ZN14ThermioEink09710setRamAreaEv.constprop.16():
/Users/leyry/Documents/Electronique/Thermonuino/main/modules/sonde/graphics/ThermioEink097.h:223
  }

  void setRamArea() {
    command(0x44);
     e7c:	84 e4       	ldi	r24, 0x44	; 68
     e7e:	0e 94 06 07 	call	0xe0c	; 0xe0c <ThermioEink097::command(unsigned char) [clone .constprop.19]>
/Users/leyry/Documents/Electronique/Thermonuino/main/modules/sonde/graphics/ThermioEink097.h:224
    data(0x00);
     e82:	80 e0       	ldi	r24, 0x00	; 0
     e84:	0e 94 22 07 	call	0xe44	; 0xe44 <ThermioEink097::data(unsigned char) [clone .constprop.18]>
/Users/leyry/Documents/Electronique/Thermonuino/main/modules/sonde/graphics/ThermioEink097.h:225
    data(RamWidthBytes - 1);
     e88:	8a e0       	ldi	r24, 0x0A	; 10
     e8a:	0e 94 22 07 	call	0xe44	; 0xe44 <ThermioEink097::data(unsigned char) [clone .constprop.18]>
/Users/leyry/Documents/Electronique/Thermonuino/main/modules/sonde/graphics/ThermioEink097.h:227

    command(0x45);
     e8e:	85 e4       	ldi	r24, 0x45	; 69
     e90:	0e 94 06 07 	call	0xe0c	; 0xe0c <ThermioEink097::command(unsigned char) [clone .constprop.19]>
/Users/leyry/Documents/Electronique/Thermonuino/main/modules/sonde/graphics/ThermioEink097.h:228
    data((RamHeight - 1) & 0xFF);
     e94:	87 eb       	ldi	r24, 0xB7	; 183
     e96:	0e 94 22 07 	call	0xe44	; 0xe44 <ThermioEink097::data(unsigned char) [clone .constprop.18]>
/Users/leyry/Documents/Electronique/Thermonuino/main/modules/sonde/graphics/ThermioEink097.h:229
    data((RamHeight - 1) >> 8);
     e9a:	80 e0       	ldi	r24, 0x00	; 0
     e9c:	0e 94 22 07 	call	0xe44	; 0xe44 <ThermioEink097::data(unsigned char) [clone .constprop.18]>
/Users/leyry/Documents/Electronique/Thermonuino/main/modules/sonde/graphics/ThermioEink097.h:230
    data(0x00);
     ea0:	80 e0       	ldi	r24, 0x00	; 0
     ea2:	0e 94 22 07 	call	0xe44	; 0xe44 <ThermioEink097::data(unsigned char) [clone .constprop.18]>
/Users/leyry/Documents/Electronique/Thermonuino/main/modules/sonde/graphics/ThermioEink097.h:231
    data(0x00);
     ea6:	80 e0       	ldi	r24, 0x00	; 0
     ea8:	0c 94 22 07 	jmp	0xe44	; 0xe44 <ThermioEink097::data(unsigned char) [clone .constprop.18]>

00000eac <ThermioEink097::setRamPointer(unsigned char, unsigned int) [clone .constprop.15]>:
_ZN14ThermioEink09713setRamPointerEhj.constprop.15():
/Users/leyry/Documents/Electronique/Thermonuino/main/modules/sonde/graphics/ThermioEink097.h:234
  }

  void setRamPointer(uint8_t xByte, uint16_t y) {
     eac:	1f 93       	push	r17
     eae:	cf 93       	push	r28
     eb0:	df 93       	push	r29
     eb2:	18 2f       	mov	r17, r24
     eb4:	d6 2f       	mov	r29, r22
     eb6:	c7 2f       	mov	r28, r23
/Users/leyry/Documents/Electronique/Thermonuino/main/modules/sonde/graphics/ThermioEink097.h:235
    command(0x4E);
     eb8:	8e e4       	ldi	r24, 0x4E	; 78
     eba:	0e 94 06 07 	call	0xe0c	; 0xe0c <ThermioEink097::command(unsigned char) [clone .constprop.19]>
/Users/leyry/Documents/Electronique/Thermonuino/main/modules/sonde/graphics/ThermioEink097.h:236
    data(xByte);
     ebe:	81 2f       	mov	r24, r17
     ec0:	0e 94 22 07 	call	0xe44	; 0xe44 <ThermioEink097::data(unsigned char) [clone .constprop.18]>
/Users/leyry/Documents/Electronique/Thermonuino/main/modules/sonde/graphics/ThermioEink097.h:237
    command(0x4F);
     ec4:	8f e4       	ldi	r24, 0x4F	; 79
     ec6:	0e 94 06 07 	call	0xe0c	; 0xe0c <ThermioEink097::command(unsigned char) [clone .constprop.19]>
/Users/leyry/Documents/Electronique/Thermonuino/main/modules/sonde/graphics/ThermioEink097.h:238
    data(y & 0xFF);
     eca:	8d 2f       	mov	r24, r29
     ecc:	0e 94 22 07 	call	0xe44	; 0xe44 <ThermioEink097::data(unsigned char) [clone .constprop.18]>
/Users/leyry/Documents/Electronique/Thermonuino/main/modules/sonde/graphics/ThermioEink097.h:239
    data(y >> 8);
     ed0:	8c 2f       	mov	r24, r28
/Users/leyry/Documents/Electronique/Thermonuino/main/modules/sonde/graphics/ThermioEink097.h:240
  }
     ed2:	df 91       	pop	r29
     ed4:	cf 91       	pop	r28
     ed6:	1f 91       	pop	r17
/Users/leyry/Documents/Electronique/Thermonuino/main/modules/sonde/graphics/ThermioEink097.h:239
  void setRamPointer(uint8_t xByte, uint16_t y) {
    command(0x4E);
    data(xByte);
    command(0x4F);
    data(y & 0xFF);
    data(y >> 8);
     ed8:	0c 94 22 07 	jmp	0xe44	; 0xe44 <ThermioEink097::data(unsigned char) [clone .constprop.18]>

00000edc <ThermioRfCc1101::readStatus(unsigned char, unsigned char&)>:
_ZN15ThermioRfCc110110readStatusEhRh():
/Users/leyry/Documents/Electronique/Thermonuino/main/lib/Thermonuino-commons/src/ThermioRfCc1101.cpp:52
  const uint8_t status = SPI.transfer(value);
  digitalWrite(pins_.csn, HIGH);
  return status;
}

bool ThermioRfCc1101::readStatus(uint8_t address, uint8_t &value) {
     edc:	ef 92       	push	r14
     ede:	ff 92       	push	r15
     ee0:	0f 93       	push	r16
     ee2:	1f 93       	push	r17
     ee4:	cf 93       	push	r28
     ee6:	df 93       	push	r29
     ee8:	ec 01       	movw	r28, r24
     eea:	06 2f       	mov	r16, r22
     eec:	7a 01       	movw	r14, r20
/Users/leyry/Documents/Electronique/Thermonuino/main/lib/Thermonuino-commons/src/ThermioRfCc1101.cpp:53
  digitalWrite(pins_.csn, LOW);
     eee:	60 e0       	ldi	r22, 0x00	; 0
     ef0:	88 81       	ld	r24, Y
     ef2:	0e 94 a3 04 	call	0x946	; 0x946 <digitalWrite>
/Users/leyry/Documents/Electronique/Thermonuino/main/lib/Thermonuino-commons/src/ThermioRfCc1101.cpp:54
  if (!waitReady(15)) {
     ef6:	ce 01       	movw	r24, r28
     ef8:	0e 94 70 05 	call	0xae0	; 0xae0 <ThermioRfCc1101::waitReady(unsigned int) [clone .constprop.40]>
     efc:	18 2f       	mov	r17, r24
     efe:	81 11       	cpse	r24, r1
     f00:	0c c0       	rjmp	.+24     	; 0xf1a <ThermioRfCc1101::readStatus(unsigned char, unsigned char&)+0x3e>
/Users/leyry/Documents/Electronique/Thermonuino/main/lib/Thermonuino-commons/src/ThermioRfCc1101.cpp:60
    digitalWrite(pins_.csn, HIGH);
    return false;
  }
  SPI.transfer(ReadBurst | address);
  value = SPI.transfer(0x00);
  digitalWrite(pins_.csn, HIGH);
     f02:	61 e0       	ldi	r22, 0x01	; 1
     f04:	88 81       	ld	r24, Y
     f06:	0e 94 a3 04 	call	0x946	; 0x946 <digitalWrite>
/Users/leyry/Documents/Electronique/Thermonuino/main/lib/Thermonuino-commons/src/ThermioRfCc1101.cpp:62
  return true;
}
     f0a:	81 2f       	mov	r24, r17
     f0c:	df 91       	pop	r29
     f0e:	cf 91       	pop	r28
     f10:	1f 91       	pop	r17
     f12:	0f 91       	pop	r16
     f14:	ff 90       	pop	r15
     f16:	ef 90       	pop	r14
     f18:	08 95       	ret
/Users/leyry/Documents/Electronique/Thermonuino/main/lib/Thermonuino-commons/src/ThermioRfCc1101.cpp:58
  digitalWrite(pins_.csn, LOW);
  if (!waitReady(15)) {
    digitalWrite(pins_.csn, HIGH);
    return false;
  }
  SPI.transfer(ReadBurst | address);
     f1a:	80 2f       	mov	r24, r16
     f1c:	80 6c       	ori	r24, 0xC0	; 192
     f1e:	0e 94 ff 06 	call	0xdfe	; 0xdfe <SPIClass::transfer(unsigned char)>
/Users/leyry/Documents/Electronique/Thermonuino/main/lib/Thermonuino-commons/src/ThermioRfCc1101.cpp:59
  value = SPI.transfer(0x00);
     f22:	80 e0       	ldi	r24, 0x00	; 0
     f24:	0e 94 ff 06 	call	0xdfe	; 0xdfe <SPIClass::transfer(unsigned char)>
     f28:	f7 01       	movw	r30, r14
     f2a:	80 83       	st	Z, r24
     f2c:	ea cf       	rjmp	.-44     	; 0xf02 <ThermioRfCc1101::readStatus(unsigned char, unsigned char&)+0x26>

00000f2e <ThermioRfCc1101::strobe(unsigned char)>:
_ZN15ThermioRfCc11016strobeEh():
/Users/leyry/Documents/Electronique/Thermonuino/main/lib/Thermonuino-commons/src/ThermioRfCc1101.cpp:44
    }
  }
  return true;
}

uint8_t ThermioRfCc1101::strobe(uint8_t value) {
     f2e:	1f 93       	push	r17
     f30:	cf 93       	push	r28
     f32:	df 93       	push	r29
     f34:	ec 01       	movw	r28, r24
     f36:	16 2f       	mov	r17, r22
/Users/leyry/Documents/Electronique/Thermonuino/main/lib/Thermonuino-commons/src/ThermioRfCc1101.cpp:45
  digitalWrite(pins_.csn, LOW);
     f38:	60 e0       	ldi	r22, 0x00	; 0
     f3a:	88 81       	ld	r24, Y
     f3c:	0e 94 a3 04 	call	0x946	; 0x946 <digitalWrite>
/Users/leyry/Documents/Electronique/Thermonuino/main/lib/Thermonuino-commons/src/ThermioRfCc1101.cpp:46
  waitReady(15);
     f40:	ce 01       	movw	r24, r28
     f42:	0e 94 70 05 	call	0xae0	; 0xae0 <ThermioRfCc1101::waitReady(unsigned int) [clone .constprop.40]>
/Users/leyry/Documents/Electronique/Thermonuino/main/lib/Thermonuino-commons/src/ThermioRfCc1101.cpp:47
  const uint8_t status = SPI.transfer(value);
     f46:	81 2f       	mov	r24, r17
     f48:	0e 94 ff 06 	call	0xdfe	; 0xdfe <SPIClass::transfer(unsigned char)>
     f4c:	18 2f       	mov	r17, r24
/Users/leyry/Documents/Electronique/Thermonuino/main/lib/Thermonuino-commons/src/ThermioRfCc1101.cpp:48
  digitalWrite(pins_.csn, HIGH);
     f4e:	61 e0       	ldi	r22, 0x01	; 1
     f50:	88 81       	ld	r24, Y
     f52:	0e 94 a3 04 	call	0x946	; 0x946 <digitalWrite>
/Users/leyry/Documents/Electronique/Thermonuino/main/lib/Thermonuino-commons/src/ThermioRfCc1101.cpp:50
  return status;
}
     f56:	81 2f       	mov	r24, r17
     f58:	df 91       	pop	r29
     f5a:	cf 91       	pop	r28
     f5c:	1f 91       	pop	r17
     f5e:	08 95       	ret

00000f60 <SPIClass::beginTransaction(SPISettings)>:
_ZN8SPIClass16beginTransactionE11SPISettings():
/Users/leyry/Library/Arduino15/packages/MiniCore/hardware/avr/3.1.1/libraries/SPI/src/SPI.h:206
      digitalWrite(SPI_TRANSACTION_MISMATCH_LED, HIGH);
    }
    inTransactionFlag = 1;
    #endif

    SPCR = settings.spcr;
     f60:	8c bd       	out	0x2c, r24	; 44
/Users/leyry/Library/Arduino15/packages/MiniCore/hardware/avr/3.1.1/libraries/SPI/src/SPI.h:207
    SPSR = settings.spsr;
     f62:	9d bd       	out	0x2d, r25	; 45
/Users/leyry/Library/Arduino15/packages/MiniCore/hardware/avr/3.1.1/libraries/SPI/src/SPI.h:208
  }
     f64:	08 95       	ret

00000f66 <ThermioEink097::sleep() [clone .constprop.17]>:
_ZN14ThermioEink0975sleepEv.constprop.17():
/Users/leyry/Documents/Electronique/Thermonuino/main/modules/sonde/graphics/ThermioEink097.h:164
    SPI.endTransaction();
    return refreshOk;
  }

  void sleep() {
    SPI.beginTransaction(settings_);
     f66:	80 91 56 03 	lds	r24, 0x0356	; 0x800356 <eink+0x5>
     f6a:	90 91 57 03 	lds	r25, 0x0357	; 0x800357 <eink+0x6>
     f6e:	0e 94 b0 07 	call	0xf60	; 0xf60 <SPIClass::beginTransaction(SPISettings)>
/Users/leyry/Documents/Electronique/Thermonuino/main/modules/sonde/graphics/ThermioEink097.h:165
    command(0x10);
     f72:	80 e1       	ldi	r24, 0x10	; 16
     f74:	0e 94 06 07 	call	0xe0c	; 0xe0c <ThermioEink097::command(unsigned char) [clone .constprop.19]>
/Users/leyry/Documents/Electronique/Thermonuino/main/modules/sonde/graphics/ThermioEink097.h:166
    data(0x01);
     f78:	81 e0       	ldi	r24, 0x01	; 1
     f7a:	0e 94 22 07 	call	0xe44	; 0xe44 <ThermioEink097::data(unsigned char) [clone .constprop.18]>
/Users/leyry/Documents/Electronique/Thermonuino/main/modules/sonde/graphics/ThermioEink097.h:168
    SPI.endTransaction();
    delay(100);
     f7e:	64 e6       	ldi	r22, 0x64	; 100
     f80:	70 e0       	ldi	r23, 0x00	; 0
     f82:	80 e0       	ldi	r24, 0x00	; 0
     f84:	90 e0       	ldi	r25, 0x00	; 0
     f86:	0c 94 32 05 	jmp	0xa64	; 0xa64 <delay>

00000f8a <ThermioRfCc1101::sleep()>:
_ZN15ThermioRfCc11015sleepEv():
/Users/leyry/Documents/Electronique/Thermonuino/main/lib/Thermonuino-commons/src/ThermioRfCc1101.cpp:24
  delayMicroseconds(10);
  digitalWrite(pins_.csn, HIGH);
  delay(20);
}

void ThermioRfCc1101::sleep() {
     f8a:	cf 93       	push	r28
     f8c:	df 93       	push	r29
     f8e:	ec 01       	movw	r28, r24
/Users/leyry/Documents/Electronique/Thermonuino/main/lib/Thermonuino-commons/src/ThermioRfCc1101.cpp:25
  SPI.beginTransaction(settings_);
     f90:	8d 81       	ldd	r24, Y+5	; 0x05
     f92:	9e 81       	ldd	r25, Y+6	; 0x06
     f94:	0e 94 b0 07 	call	0xf60	; 0xf60 <SPIClass::beginTransaction(SPISettings)>
/Users/leyry/Documents/Electronique/Thermonuino/main/lib/Thermonuino-commons/src/ThermioRfCc1101.cpp:26
  strobe(Sidle);
     f98:	66 e3       	ldi	r22, 0x36	; 54
     f9a:	ce 01       	movw	r24, r28
     f9c:	0e 94 97 07 	call	0xf2e	; 0xf2e <ThermioRfCc1101::strobe(unsigned char)>
/Users/leyry/Documents/Electronique/Thermonuino/main/lib/Thermonuino-commons/src/ThermioRfCc1101.cpp:27
  strobe(Spwd);
     fa0:	69 e3       	ldi	r22, 0x39	; 57
     fa2:	ce 01       	movw	r24, r28
     fa4:	0e 94 97 07 	call	0xf2e	; 0xf2e <ThermioRfCc1101::strobe(unsigned char)>
/Users/leyry/Documents/Electronique/Thermonuino/main/lib/Thermonuino-commons/src/ThermioRfCc1101.cpp:29
  SPI.endTransaction();
  digitalWrite(pins_.csn, HIGH);
     fa8:	61 e0       	ldi	r22, 0x01	; 1
     faa:	88 81       	ld	r24, Y
     fac:	0e 94 a3 04 	call	0x946	; 0x946 <digitalWrite>
/Users/leyry/Documents/Electronique/Thermonuino/main/lib/Thermonuino-commons/src/ThermioRfCc1101.cpp:30
  digitalWrite(pins_.mosi, LOW);
     fb0:	60 e0       	ldi	r22, 0x00	; 0
     fb2:	8a 81       	ldd	r24, Y+2	; 0x02
     fb4:	0e 94 a3 04 	call	0x946	; 0x946 <digitalWrite>
/Users/leyry/Documents/Electronique/Thermonuino/main/lib/Thermonuino-commons/src/ThermioRfCc1101.cpp:31
  digitalWrite(pins_.sck, LOW);
     fb8:	60 e0       	ldi	r22, 0x00	; 0
     fba:	8c 81       	ldd	r24, Y+4	; 0x04
/Users/leyry/Documents/Electronique/Thermonuino/main/lib/Thermonuino-commons/src/ThermioRfCc1101.cpp:32
}
     fbc:	df 91       	pop	r29
     fbe:	cf 91       	pop	r28
/Users/leyry/Documents/Electronique/Thermonuino/main/lib/Thermonuino-commons/src/ThermioRfCc1101.cpp:31
  strobe(Sidle);
  strobe(Spwd);
  SPI.endTransaction();
  digitalWrite(pins_.csn, HIGH);
  digitalWrite(pins_.mosi, LOW);
  digitalWrite(pins_.sck, LOW);
     fc0:	0c 94 a3 04 	jmp	0x946	; 0x946 <digitalWrite>

00000fc4 <SondeRfStatusService::update(unsigned long, bool) [clone .constprop.36]>:
_ZN20SondeRfStatusService6updateEmb.constprop.36():
/Users/leyry/Documents/Electronique/Thermonuino/main/modules/sonde/SondeRfStatusService.cpp:9
  radio_.beginPins();
  radio_.sleep();
  nextSpiRefreshAt_ = 0;
}

bool SondeRfStatusService::update(uint32_t now, bool force) {
     fc4:	cf 92       	push	r12
     fc6:	df 92       	push	r13
     fc8:	ef 92       	push	r14
     fca:	ff 92       	push	r15
     fcc:	0f 93       	push	r16
     fce:	1f 93       	push	r17
     fd0:	cf 93       	push	r28
     fd2:	df 93       	push	r29
     fd4:	00 d0       	rcall	.+0      	; 0xfd6 <SondeRfStatusService::update(unsigned long, bool) [clone .constprop.36]+0x12>
     fd6:	1f 92       	push	r1
     fd8:	cd b7       	in	r28, 0x3d	; 61
     fda:	de b7       	in	r29, 0x3e	; 62
/Users/leyry/Documents/Electronique/Thermonuino/main/modules/sonde/SondeRfStatusService.cpp:10
  if (!force && (int32_t)(now - nextSpiRefreshAt_) < 0) {
     fdc:	41 11       	cpse	r20, r1
     fde:	12 c0       	rjmp	.+36     	; 0x1004 <SondeRfStatusService::update(unsigned long, bool) [clone .constprop.36]+0x40>
     fe0:	00 91 0e 03 	lds	r16, 0x030E	; 0x80030e <rfStatusService+0x2>
     fe4:	10 91 0f 03 	lds	r17, 0x030F	; 0x80030f <rfStatusService+0x3>
     fe8:	20 91 10 03 	lds	r18, 0x0310	; 0x800310 <rfStatusService+0x4>
     fec:	30 91 11 03 	lds	r19, 0x0311	; 0x800311 <rfStatusService+0x5>
     ff0:	6b 01       	movw	r12, r22
     ff2:	7c 01       	movw	r14, r24
     ff4:	c0 1a       	sub	r12, r16
     ff6:	d1 0a       	sbc	r13, r17
     ff8:	e2 0a       	sbc	r14, r18
     ffa:	f3 0a       	sbc	r15, r19
     ffc:	97 01       	movw	r18, r14
     ffe:	86 01       	movw	r16, r12
    1000:	37 fd       	sbrc	r19, 7
    1002:	64 c0       	rjmp	.+200    	; 0x10cc <SondeRfStatusService::update(unsigned long, bool) [clone .constprop.36]+0x108>
/Users/leyry/Documents/Electronique/Thermonuino/main/modules/sonde/SondeRfStatusService.cpp:13
    return false;
  }
  nextSpiRefreshAt_ = now + SpiRefreshMs;
    1004:	8b 01       	movw	r16, r22
    1006:	9c 01       	movw	r18, r24
    1008:	00 52       	subi	r16, 0x20	; 32
    100a:	1c 46       	sbci	r17, 0x6C	; 108
    100c:	2b 4f       	sbci	r18, 0xFB	; 251
    100e:	3f 4f       	sbci	r19, 0xFF	; 255
    1010:	00 93 0e 03 	sts	0x030E, r16	; 0x80030e <rfStatusService+0x2>
    1014:	10 93 0f 03 	sts	0x030F, r17	; 0x80030f <rfStatusService+0x3>
    1018:	20 93 10 03 	sts	0x0310, r18	; 0x800310 <rfStatusService+0x4>
    101c:	30 93 11 03 	sts	0x0311, r19	; 0x800311 <rfStatusService+0x5>
/Users/leyry/Documents/Electronique/Thermonuino/main/modules/sonde/SondeRfStatusService.cpp:15

  radio_.wake();
    1020:	00 91 0c 03 	lds	r16, 0x030C	; 0x80030c <rfStatusService>
    1024:	10 91 0d 03 	lds	r17, 0x030D	; 0x80030d <rfStatusService+0x1>
wake():
/Users/leyry/Documents/Electronique/Thermonuino/main/lib/Thermonuino-commons/src/ThermioRfCc1101.cpp:18
  digitalWrite(pins_.mosi, LOW);
  digitalWrite(pins_.sck, LOW);
}

void ThermioRfCc1101::wake() {
  digitalWrite(pins_.csn, LOW);
    1028:	60 e0       	ldi	r22, 0x00	; 0
    102a:	f8 01       	movw	r30, r16
    102c:	80 81       	ld	r24, Z
    102e:	0e 94 a3 04 	call	0x946	; 0x946 <digitalWrite>
/Users/leyry/Documents/Electronique/Thermonuino/main/lib/Thermonuino-commons/src/ThermioRfCc1101.cpp:19
  delayMicroseconds(10);
    1032:	0e 94 12 02 	call	0x424	; 0x424 <delayMicroseconds.constprop.37>
/Users/leyry/Documents/Electronique/Thermonuino/main/lib/Thermonuino-commons/src/ThermioRfCc1101.cpp:20
  digitalWrite(pins_.csn, HIGH);
    1036:	61 e0       	ldi	r22, 0x01	; 1
    1038:	f8 01       	movw	r30, r16
    103a:	80 81       	ld	r24, Z
    103c:	0e 94 a3 04 	call	0x946	; 0x946 <digitalWrite>
/Users/leyry/Documents/Electronique/Thermonuino/main/lib/Thermonuino-commons/src/ThermioRfCc1101.cpp:21
  delay(20);
    1040:	64 e1       	ldi	r22, 0x14	; 20
    1042:	70 e0       	ldi	r23, 0x00	; 0
    1044:	80 e0       	ldi	r24, 0x00	; 0
    1046:	90 e0       	ldi	r25, 0x00	; 0
    1048:	0e 94 32 05 	call	0xa64	; 0xa64 <delay>
_ZN20SondeRfStatusService6updateEmb.constprop.36():
/Users/leyry/Documents/Electronique/Thermonuino/main/modules/sonde/SondeRfStatusService.cpp:16
  const bool newSpiOk = radio_.testSpi();
    104c:	00 91 0c 03 	lds	r16, 0x030C	; 0x80030c <rfStatusService>
    1050:	10 91 0d 03 	lds	r17, 0x030D	; 0x80030d <rfStatusService+0x1>
testSpi():
/Users/leyry/Documents/Electronique/Thermonuino/main/lib/Thermonuino-commons/src/ThermioRfCc1101.cpp:89
  digitalWrite(pins_.csn, HIGH);
  delay(2);
}

bool ThermioRfCc1101::testSpi(uint16_t totalTimeoutMs) {
  const uint32_t startedAt = millis();
    1054:	0e 94 64 05 	call	0xac8	; 0xac8 <millis>
    1058:	6b 01       	movw	r12, r22
    105a:	7c 01       	movw	r14, r24
/Users/leyry/Documents/Electronique/Thermonuino/main/lib/Thermonuino-commons/src/ThermioRfCc1101.cpp:90
  SPI.beginTransaction(settings_);
    105c:	f8 01       	movw	r30, r16
    105e:	85 81       	ldd	r24, Z+5	; 0x05
    1060:	96 81       	ldd	r25, Z+6	; 0x06
    1062:	0e 94 b0 07 	call	0xf60	; 0xf60 <SPIClass::beginTransaction(SPISettings)>
/Users/leyry/Documents/Electronique/Thermonuino/main/lib/Thermonuino-commons/src/ThermioRfCc1101.cpp:91
  uint8_t partnum = 0xFF;
    1066:	8f ef       	ldi	r24, 0xFF	; 255
    1068:	8b 83       	std	Y+3, r24	; 0x03
/Users/leyry/Documents/Electronique/Thermonuino/main/lib/Thermonuino-commons/src/ThermioRfCc1101.cpp:92
  uint8_t version1 = 0xFF;
    106a:	8a 83       	std	Y+2, r24	; 0x02
/Users/leyry/Documents/Electronique/Thermonuino/main/lib/Thermonuino-commons/src/ThermioRfCc1101.cpp:93
  uint8_t version2 = 0xFF;
    106c:	89 83       	std	Y+1, r24	; 0x01
/Users/leyry/Documents/Electronique/Thermonuino/main/lib/Thermonuino-commons/src/ThermioRfCc1101.cpp:95
  const bool readOk =
      readStatus(Partnum, partnum) &&
    106e:	ae 01       	movw	r20, r28
    1070:	4d 5f       	subi	r20, 0xFD	; 253
    1072:	5f 4f       	sbci	r21, 0xFF	; 255
    1074:	60 e3       	ldi	r22, 0x30	; 48
    1076:	c8 01       	movw	r24, r16
    1078:	0e 94 6e 07 	call	0xedc	; 0xedc <ThermioRfCc1101::readStatus(unsigned char, unsigned char&)>
/Users/leyry/Documents/Electronique/Thermonuino/main/lib/Thermonuino-commons/src/ThermioRfCc1101.cpp:96
      readStatus(Version, version1) &&
    107c:	81 11       	cpse	r24, r1
    107e:	33 c0       	rjmp	.+102    	; 0x10e6 <SondeRfStatusService::update(unsigned long, bool) [clone .constprop.36]+0x122>
_ZN20SondeRfStatusService6updateEmb.constprop.36():
    1080:	10 e0       	ldi	r17, 0x00	; 0
testSpi():
/Users/leyry/Documents/Electronique/Thermonuino/main/lib/Thermonuino-commons/src/ThermioRfCc1101.cpp:100
      readStatus(Version, version2);
  SPI.endTransaction();

  if ((uint32_t)(millis() - startedAt) >= totalTimeoutMs) {
    1082:	0e 94 64 05 	call	0xac8	; 0xac8 <millis>
    1086:	6c 19       	sub	r22, r12
    1088:	7d 09       	sbc	r23, r13
    108a:	8e 09       	sbc	r24, r14
    108c:	9f 09       	sbc	r25, r15
    108e:	68 37       	cpi	r22, 0x78	; 120
    1090:	71 05       	cpc	r23, r1
    1092:	81 05       	cpc	r24, r1
    1094:	91 05       	cpc	r25, r1
    1096:	68 f4       	brcc	.+26     	; 0x10b2 <SondeRfStatusService::update(unsigned long, bool) [clone .constprop.36]+0xee>
/Users/leyry/Documents/Electronique/Thermonuino/main/lib/Thermonuino-commons/src/ThermioRfCc1101.cpp:103
    return false;
  }
  return readOk && partnum == 0x00 && version1 == version2 && version1 != 0x00 && version1 != 0xFF;
    1098:	11 23       	and	r17, r17
    109a:	61 f0       	breq	.+24     	; 0x10b4 <SondeRfStatusService::update(unsigned long, bool) [clone .constprop.36]+0xf0>
    109c:	8b 81       	ldd	r24, Y+3	; 0x03
    109e:	81 11       	cpse	r24, r1
    10a0:	08 c0       	rjmp	.+16     	; 0x10b2 <SondeRfStatusService::update(unsigned long, bool) [clone .constprop.36]+0xee>
    10a2:	8a 81       	ldd	r24, Y+2	; 0x02
    10a4:	99 81       	ldd	r25, Y+1	; 0x01
    10a6:	89 13       	cpse	r24, r25
    10a8:	04 c0       	rjmp	.+8      	; 0x10b2 <SondeRfStatusService::update(unsigned long, bool) [clone .constprop.36]+0xee>
    10aa:	81 50       	subi	r24, 0x01	; 1
    10ac:	11 e0       	ldi	r17, 0x01	; 1
    10ae:	8e 3f       	cpi	r24, 0xFE	; 254
    10b0:	08 f0       	brcs	.+2      	; 0x10b4 <SondeRfStatusService::update(unsigned long, bool) [clone .constprop.36]+0xf0>
_ZN20SondeRfStatusService6updateEmb.constprop.36():
    10b2:	10 e0       	ldi	r17, 0x00	; 0
/Users/leyry/Documents/Electronique/Thermonuino/main/modules/sonde/SondeRfStatusService.cpp:17
  radio_.sleep();
    10b4:	80 91 0c 03 	lds	r24, 0x030C	; 0x80030c <rfStatusService>
    10b8:	90 91 0d 03 	lds	r25, 0x030D	; 0x80030d <rfStatusService+0x1>
    10bc:	0e 94 c5 07 	call	0xf8a	; 0xf8a <ThermioRfCc1101::sleep()>
/Users/leyry/Documents/Electronique/Thermonuino/main/modules/sonde/SondeRfStatusService.cpp:19

  const bool changed = newSpiOk != spiOk_;
    10c0:	80 91 16 03 	lds	r24, 0x0316	; 0x800316 <rfStatusService+0xa>
    10c4:	41 2f       	mov	r20, r17
    10c6:	48 27       	eor	r20, r24
/Users/leyry/Documents/Electronique/Thermonuino/main/modules/sonde/SondeRfStatusService.cpp:20
  spiOk_ = newSpiOk;
    10c8:	10 93 16 03 	sts	0x0316, r17	; 0x800316 <rfStatusService+0xa>
/Users/leyry/Documents/Electronique/Thermonuino/main/modules/sonde/SondeRfStatusService.cpp:22
  return changed;
}
    10cc:	84 2f       	mov	r24, r20
    10ce:	0f 90       	pop	r0
    10d0:	0f 90       	pop	r0
    10d2:	0f 90       	pop	r0
    10d4:	df 91       	pop	r29
    10d6:	cf 91       	pop	r28
    10d8:	1f 91       	pop	r17
    10da:	0f 91       	pop	r16
    10dc:	ff 90       	pop	r15
    10de:	ef 90       	pop	r14
    10e0:	df 90       	pop	r13
    10e2:	cf 90       	pop	r12
    10e4:	08 95       	ret
testSpi():
/Users/leyry/Documents/Electronique/Thermonuino/main/lib/Thermonuino-commons/src/ThermioRfCc1101.cpp:96
  uint8_t partnum = 0xFF;
  uint8_t version1 = 0xFF;
  uint8_t version2 = 0xFF;
  const bool readOk =
      readStatus(Partnum, partnum) &&
      readStatus(Version, version1) &&
    10e6:	ae 01       	movw	r20, r28
    10e8:	4e 5f       	subi	r20, 0xFE	; 254
    10ea:	5f 4f       	sbci	r21, 0xFF	; 255
    10ec:	61 e3       	ldi	r22, 0x31	; 49
    10ee:	c8 01       	movw	r24, r16
    10f0:	0e 94 6e 07 	call	0xedc	; 0xedc <ThermioRfCc1101::readStatus(unsigned char, unsigned char&)>
/Users/leyry/Documents/Electronique/Thermonuino/main/lib/Thermonuino-commons/src/ThermioRfCc1101.cpp:95
  SPI.beginTransaction(settings_);
  uint8_t partnum = 0xFF;
  uint8_t version1 = 0xFF;
  uint8_t version2 = 0xFF;
  const bool readOk =
      readStatus(Partnum, partnum) &&
    10f4:	88 23       	and	r24, r24
    10f6:	21 f2       	breq	.-120    	; 0x1080 <SondeRfStatusService::update(unsigned long, bool) [clone .constprop.36]+0xbc>
/Users/leyry/Documents/Electronique/Thermonuino/main/lib/Thermonuino-commons/src/ThermioRfCc1101.cpp:97
      readStatus(Version, version1) &&
      readStatus(Version, version2);
    10f8:	ae 01       	movw	r20, r28
    10fa:	4f 5f       	subi	r20, 0xFF	; 255
    10fc:	5f 4f       	sbci	r21, 0xFF	; 255
    10fe:	61 e3       	ldi	r22, 0x31	; 49
    1100:	c8 01       	movw	r24, r16
    1102:	0e 94 6e 07 	call	0xedc	; 0xedc <ThermioRfCc1101::readStatus(unsigned char, unsigned char&)>
    1106:	18 2f       	mov	r17, r24
    1108:	bc cf       	rjmp	.-136    	; 0x1082 <SondeRfStatusService::update(unsigned long, bool) [clone .constprop.36]+0xbe>

0000110a <ThermioFont5x7::textPixel(char const*, unsigned char, unsigned char, unsigned int, unsigned int, unsigned char)>:
_ZN14ThermioFont5x79textPixelEPKchhjjh():
/Users/leyry/Documents/Electronique/Thermonuino/main/modules/sonde/graphics/ThermioFont5x7.h:168
inline bool textPixel(const char *text,
                      uint8_t x0,
                      uint8_t y0,
                      uint16_t x,
                      uint16_t y,
                      uint8_t scale = 1) {
    110a:	bf 92       	push	r11
    110c:	cf 92       	push	r12
    110e:	df 92       	push	r13
    1110:	ef 92       	push	r14
    1112:	ff 92       	push	r15
    1114:	0f 93       	push	r16
    1116:	1f 93       	push	r17
    1118:	cf 93       	push	r28
    111a:	df 93       	push	r29
    111c:	00 d0       	rcall	.+0      	; 0x111e <ThermioFont5x7::textPixel(char const*, unsigned char, unsigned char, unsigned int, unsigned int, unsigned char)+0x14>
    111e:	00 d0       	rcall	.+0      	; 0x1120 <ThermioFont5x7::textPixel(char const*, unsigned char, unsigned char, unsigned int, unsigned int, unsigned char)+0x16>
    1120:	1f 92       	push	r1
    1122:	cd b7       	in	r28, 0x3d	; 61
    1124:	de b7       	in	r29, 0x3e	; 62
    1126:	f8 2e       	mov	r15, r24
    1128:	b9 2e       	mov	r11, r25
/Users/leyry/Documents/Electronique/Thermonuino/main/modules/sonde/graphics/ThermioFont5x7.h:169
  if (x < x0 || y < y0) {
    112a:	70 e0       	ldi	r23, 0x00	; 0
    112c:	26 17       	cp	r18, r22
    112e:	37 07       	cpc	r19, r23
    1130:	28 f1       	brcs	.+74     	; 0x117c <ThermioFont5x7::textPixel(char const*, unsigned char, unsigned char, unsigned int, unsigned int, unsigned char)+0x72>
    1132:	50 e0       	ldi	r21, 0x00	; 0
    1134:	04 17       	cp	r16, r20
    1136:	15 07       	cpc	r17, r21
    1138:	08 f1       	brcs	.+66     	; 0x117c <ThermioFont5x7::textPixel(char const*, unsigned char, unsigned char, unsigned int, unsigned int, unsigned char)+0x72>
/Users/leyry/Documents/Electronique/Thermonuino/main/modules/sonde/graphics/ThermioFont5x7.h:174
    return false;
  }

  const uint16_t relX = x - x0;
  const uint16_t relY = y - y0;
    113a:	04 1b       	sub	r16, r20
    113c:	15 0b       	sbc	r17, r21
/Users/leyry/Documents/Electronique/Thermonuino/main/modules/sonde/graphics/ThermioFont5x7.h:175
  if (relY >= (uint16_t)7 * scale) {
    113e:	ce 2c       	mov	r12, r14
    1140:	d1 2c       	mov	r13, r1
    1142:	47 e0       	ldi	r20, 0x07	; 7
    1144:	e4 9e       	mul	r14, r20
    1146:	c0 01       	movw	r24, r0
    1148:	11 24       	eor	r1, r1
    114a:	08 17       	cp	r16, r24
    114c:	19 07       	cpc	r17, r25
    114e:	b0 f4       	brcc	.+44     	; 0x117c <ThermioFont5x7::textPixel(char const*, unsigned char, unsigned char, unsigned int, unsigned int, unsigned char)+0x72>
/Users/leyry/Documents/Electronique/Thermonuino/main/modules/sonde/graphics/ThermioFont5x7.h:173
                      uint8_t scale = 1) {
  if (x < x0 || y < y0) {
    return false;
  }

  const uint16_t relX = x - x0;
    1150:	c9 01       	movw	r24, r18
    1152:	86 1b       	sub	r24, r22
    1154:	97 0b       	sbc	r25, r23
/Users/leyry/Documents/Electronique/Thermonuino/main/modules/sonde/graphics/ThermioFont5x7.h:179
  const uint16_t relY = y - y0;
  if (relY >= (uint16_t)7 * scale) {
    return false;
  }

  const uint8_t charPitch = 6 * scale;
    1156:	6e 2d       	mov	r22, r14
    1158:	66 0f       	add	r22, r22
    115a:	6e 0d       	add	r22, r14
    115c:	66 0f       	add	r22, r22
/Users/leyry/Documents/Electronique/Thermonuino/main/modules/sonde/graphics/ThermioFont5x7.h:180
  const uint8_t charIndex = relX / charPitch;
    115e:	70 e0       	ldi	r23, 0x00	; 0
    1160:	0e 94 6f 15 	call	0x2ade	; 0x2ade <__udivmodhi4>
    1164:	3f 2d       	mov	r19, r15
    1166:	ef 2d       	mov	r30, r15
    1168:	fb 2d       	mov	r31, r11
    116a:	df 01       	movw	r26, r30
/Users/leyry/Documents/Electronique/Thermonuino/main/modules/sonde/graphics/ThermioFont5x7.h:182
  const char *target = text;
  for (uint8_t i = 0; i < charIndex; i++) {
    116c:	2e 2f       	mov	r18, r30
    116e:	23 1b       	sub	r18, r19
    1170:	26 17       	cp	r18, r22
    1172:	30 f4       	brcc	.+12     	; 0x1180 <ThermioFont5x7::textPixel(char const*, unsigned char, unsigned char, unsigned int, unsigned int, unsigned char)+0x76>
    1174:	31 96       	adiw	r30, 0x01	; 1
/Users/leyry/Documents/Electronique/Thermonuino/main/modules/sonde/graphics/ThermioFont5x7.h:183
    if (*target == '\0') {
    1176:	2c 91       	ld	r18, X
    1178:	21 11       	cpse	r18, r1
    117a:	f7 cf       	rjmp	.-18     	; 0x116a <ThermioFont5x7::textPixel(char const*, unsigned char, unsigned char, unsigned int, unsigned int, unsigned char)+0x60>
/Users/leyry/Documents/Electronique/Thermonuino/main/modules/sonde/graphics/ThermioFont5x7.h:170
                      uint8_t y0,
                      uint16_t x,
                      uint16_t y,
                      uint8_t scale = 1) {
  if (x < x0 || y < y0) {
    return false;
    117c:	80 e0       	ldi	r24, 0x00	; 0
    117e:	61 c0       	rjmp	.+194    	; 0x1242 <ThermioFont5x7::textPixel(char const*, unsigned char, unsigned char, unsigned int, unsigned int, unsigned char)+0x138>
/Users/leyry/Documents/Electronique/Thermonuino/main/modules/sonde/graphics/ThermioFont5x7.h:189
      return false;
    }
    target++;
  }

  const uint8_t col = (relX % charPitch) / scale;
    1180:	b6 01       	movw	r22, r12
    1182:	0e 94 6f 15 	call	0x2ade	; 0x2ade <__udivmodhi4>
    1186:	9b 01       	movw	r18, r22
/Users/leyry/Documents/Electronique/Thermonuino/main/modules/sonde/graphics/ThermioFont5x7.h:190
  if (col >= 5) {
    1188:	65 30       	cpi	r22, 0x05	; 5
    118a:	c0 f7       	brcc	.-16     	; 0x117c <ThermioFont5x7::textPixel(char const*, unsigned char, unsigned char, unsigned int, unsigned int, unsigned char)+0x72>
/Users/leyry/Documents/Electronique/Thermonuino/main/modules/sonde/graphics/ThermioFont5x7.h:194
    return false;
  }

  const char c = *target;
    118c:	e0 81       	ld	r30, Z
/Users/leyry/Documents/Electronique/Thermonuino/main/modules/sonde/graphics/ThermioFont5x7.h:195
  if (c == '\0') {
    118e:	ee 23       	and	r30, r30
    1190:	a9 f3       	breq	.-22     	; 0x117c <ThermioFont5x7::textPixel(char const*, unsigned char, unsigned char, unsigned int, unsigned int, unsigned char)+0x72>
/Users/leyry/Documents/Electronique/Thermonuino/main/modules/sonde/graphics/ThermioFont5x7.h:199
    return false;
  }

  const uint8_t row = relY / scale;
    1192:	c8 01       	movw	r24, r16
    1194:	b6 01       	movw	r22, r12
    1196:	0e 94 6f 15 	call	0x2ade	; 0x2ade <__udivmodhi4>
glyphColumn():
/Users/leyry/Documents/Electronique/Thermonuino/main/modules/sonde/graphics/ThermioFont5x7.h:9
#include <Arduino.h>

namespace ThermioFont5x7 {

inline uint8_t glyphColumn(char c, uint8_t x) {
  switch (c) {
    119a:	ea 52       	subi	r30, 0x2A	; 42
    119c:	e1 33       	cpi	r30, 0x31	; 49
    119e:	08 f0       	brcs	.+2      	; 0x11a2 <ThermioFont5x7::textPixel(char const*, unsigned char, unsigned char, unsigned int, unsigned int, unsigned char)+0x98>
    11a0:	eb c0       	rjmp	.+470    	; 0x1378 <ThermioFont5x7::textPixel(char const*, unsigned char, unsigned char, unsigned int, unsigned int, unsigned char)+0x26e>
    11a2:	0e 2e       	mov	r0, r30
    11a4:	00 0c       	add	r0, r0
    11a6:	ff 0b       	sbc	r31, r31
    11a8:	e8 52       	subi	r30, 0x28	; 40
    11aa:	f7 4f       	sbci	r31, 0xF7	; 247
    11ac:	0c 94 b9 15 	jmp	0x2b72	; 0x2b72 <__tablejump2__>
    11b0:	54 09       	sbc	r21, r4
    11b2:	bc 09       	sbc	r27, r12
    11b4:	b8 09       	sbc	r27, r8
    11b6:	58 09       	sbc	r21, r8
    11b8:	b8 09       	sbc	r27, r8
    11ba:	bc 09       	sbc	r27, r12
    11bc:	09 09       	sbc	r16, r9
    11be:	30 09       	sbc	r19, r0
    11c0:	34 09       	sbc	r19, r4
    11c2:	38 09       	sbc	r19, r8
    11c4:	3c 09       	sbc	r19, r12
    11c6:	40 09       	sbc	r20, r0
    11c8:	44 09       	sbc	r20, r4
    11ca:	48 09       	sbc	r20, r8
    11cc:	4c 09       	sbc	r20, r12
    11ce:	50 09       	sbc	r21, r0
    11d0:	5c 09       	sbc	r21, r12
    11d2:	bc 09       	sbc	r27, r12
    11d4:	bc 09       	sbc	r27, r12
    11d6:	bc 09       	sbc	r27, r12
    11d8:	bc 09       	sbc	r27, r12
    11da:	bc 09       	sbc	r27, r12
    11dc:	bc 09       	sbc	r27, r12
    11de:	60 09       	sbc	r22, r0
    11e0:	64 09       	sbc	r22, r4
    11e2:	68 09       	sbc	r22, r8
    11e4:	6c 09       	sbc	r22, r12
    11e6:	70 09       	sbc	r23, r0
    11e8:	74 09       	sbc	r23, r4
    11ea:	78 09       	sbc	r23, r8
    11ec:	7c 09       	sbc	r23, r12
    11ee:	80 09       	sbc	r24, r0
    11f0:	bc 09       	sbc	r27, r12
    11f2:	84 09       	sbc	r24, r4
    11f4:	88 09       	sbc	r24, r8
    11f6:	8c 09       	sbc	r24, r12
    11f8:	90 09       	sbc	r25, r0
    11fa:	94 09       	sbc	r25, r4
    11fc:	98 09       	sbc	r25, r8
    11fe:	bc 09       	sbc	r27, r12
    1200:	9c 09       	sbc	r25, r12
    1202:	a0 09       	sbc	r26, r0
    1204:	a4 09       	sbc	r26, r4
    1206:	a8 09       	sbc	r26, r8
    1208:	ac 09       	sbc	r26, r12
    120a:	b0 09       	sbc	r27, r0
    120c:	bc 09       	sbc	r27, r12
    120e:	bc 09       	sbc	r27, r12
    1210:	b4 09       	sbc	r27, r4
/Users/leyry/Documents/Electronique/Thermonuino/main/modules/sonde/graphics/ThermioFont5x7.h:11
    case '0': {
      const uint8_t glyph[5] = {0x3E, 0x51, 0x49, 0x45, 0x3E};
    1212:	85 e0       	ldi	r24, 0x05	; 5
    1214:	e4 e1       	ldi	r30, 0x14	; 20
    1216:	f1 e0       	ldi	r31, 0x01	; 1
/Users/leyry/Documents/Electronique/Thermonuino/main/modules/sonde/graphics/ThermioFont5x7.h:155
    case 'Z': {
      const uint8_t glyph[5] = {0x61, 0x51, 0x49, 0x45, 0x43};
      return glyph[x];
    }
    case '.': {
      const uint8_t glyph[5] = {0x00, 0x60, 0x60, 0x00, 0x00};
    1218:	de 01       	movw	r26, r28
    121a:	11 96       	adiw	r26, 0x01	; 1
    121c:	01 90       	ld	r0, Z+
    121e:	0d 92       	st	X+, r0
    1220:	8a 95       	dec	r24
    1222:	e1 f7       	brne	.-8      	; 0x121c <ThermioFont5x7::textPixel(char const*, unsigned char, unsigned char, unsigned int, unsigned int, unsigned char)+0x112>
/Users/leyry/Documents/Electronique/Thermonuino/main/modules/sonde/graphics/ThermioFont5x7.h:156
      return glyph[x];
    1224:	81 e0       	ldi	r24, 0x01	; 1
    1226:	90 e0       	ldi	r25, 0x00	; 0
    1228:	8c 0f       	add	r24, r28
    122a:	9d 1f       	adc	r25, r29
    122c:	28 0f       	add	r18, r24
    122e:	39 1f       	adc	r19, r25
    1230:	f9 01       	movw	r30, r18
    1232:	80 81       	ld	r24, Z
_ZN14ThermioFont5x79textPixelEPKchhjjh():
/Users/leyry/Documents/Electronique/Thermonuino/main/modules/sonde/graphics/ThermioFont5x7.h:200
  if (c == '\0') {
    return false;
  }

  const uint8_t row = relY / scale;
  return (glyphColumn(c, col) & (1 << row)) != 0;
    1234:	90 e0       	ldi	r25, 0x00	; 0
    1236:	02 c0       	rjmp	.+4      	; 0x123c <ThermioFont5x7::textPixel(char const*, unsigned char, unsigned char, unsigned int, unsigned int, unsigned char)+0x132>
    1238:	95 95       	asr	r25
    123a:	87 95       	ror	r24
    123c:	6a 95       	dec	r22
    123e:	e2 f7       	brpl	.-8      	; 0x1238 <ThermioFont5x7::textPixel(char const*, unsigned char, unsigned char, unsigned int, unsigned int, unsigned char)+0x12e>
    1240:	81 70       	andi	r24, 0x01	; 1
/Users/leyry/Documents/Electronique/Thermonuino/main/modules/sonde/graphics/ThermioFont5x7.h:201
}
    1242:	0f 90       	pop	r0
    1244:	0f 90       	pop	r0
    1246:	0f 90       	pop	r0
    1248:	0f 90       	pop	r0
    124a:	0f 90       	pop	r0
    124c:	df 91       	pop	r29
    124e:	cf 91       	pop	r28
    1250:	1f 91       	pop	r17
    1252:	0f 91       	pop	r16
    1254:	ff 90       	pop	r15
    1256:	ef 90       	pop	r14
    1258:	df 90       	pop	r13
    125a:	cf 90       	pop	r12
    125c:	bf 90       	pop	r11
    125e:	08 95       	ret
glyphColumn():
/Users/leyry/Documents/Electronique/Thermonuino/main/modules/sonde/graphics/ThermioFont5x7.h:15
    case '0': {
      const uint8_t glyph[5] = {0x3E, 0x51, 0x49, 0x45, 0x3E};
      return glyph[x];
    }
    case '1': {
      const uint8_t glyph[5] = {0x00, 0x42, 0x7F, 0x40, 0x00};
    1260:	85 e0       	ldi	r24, 0x05	; 5
    1262:	e9 e1       	ldi	r30, 0x19	; 25
    1264:	f1 e0       	ldi	r31, 0x01	; 1
    1266:	d8 cf       	rjmp	.-80     	; 0x1218 <ThermioFont5x7::textPixel(char const*, unsigned char, unsigned char, unsigned int, unsigned int, unsigned char)+0x10e>
/Users/leyry/Documents/Electronique/Thermonuino/main/modules/sonde/graphics/ThermioFont5x7.h:19
      return glyph[x];
    }
    case '2': {
      const uint8_t glyph[5] = {0x62, 0x51, 0x49, 0x49, 0x46};
    1268:	85 e0       	ldi	r24, 0x05	; 5
    126a:	ee e1       	ldi	r30, 0x1E	; 30
    126c:	f1 e0       	ldi	r31, 0x01	; 1
    126e:	d4 cf       	rjmp	.-88     	; 0x1218 <ThermioFont5x7::textPixel(char const*, unsigned char, unsigned char, unsigned int, unsigned int, unsigned char)+0x10e>
/Users/leyry/Documents/Electronique/Thermonuino/main/modules/sonde/graphics/ThermioFont5x7.h:23
      return glyph[x];
    }
    case '3': {
      const uint8_t glyph[5] = {0x22, 0x41, 0x49, 0x49, 0x36};
    1270:	85 e0       	ldi	r24, 0x05	; 5
    1272:	e3 e2       	ldi	r30, 0x23	; 35
    1274:	f1 e0       	ldi	r31, 0x01	; 1
    1276:	d0 cf       	rjmp	.-96     	; 0x1218 <ThermioFont5x7::textPixel(char const*, unsigned char, unsigned char, unsigned int, unsigned int, unsigned char)+0x10e>
/Users/leyry/Documents/Electronique/Thermonuino/main/modules/sonde/graphics/ThermioFont5x7.h:27
      return glyph[x];
    }
    case '4': {
      const uint8_t glyph[5] = {0x18, 0x14, 0x12, 0x7F, 0x10};
    1278:	85 e0       	ldi	r24, 0x05	; 5
    127a:	e8 e2       	ldi	r30, 0x28	; 40
    127c:	f1 e0       	ldi	r31, 0x01	; 1
    127e:	cc cf       	rjmp	.-104    	; 0x1218 <ThermioFont5x7::textPixel(char const*, unsigned char, unsigned char, unsigned int, unsigned int, unsigned char)+0x10e>
/Users/leyry/Documents/Electronique/Thermonuino/main/modules/sonde/graphics/ThermioFont5x7.h:31
      return glyph[x];
    }
    case '5': {
      const uint8_t glyph[5] = {0x27, 0x45, 0x45, 0x45, 0x39};
    1280:	85 e0       	ldi	r24, 0x05	; 5
    1282:	ed e2       	ldi	r30, 0x2D	; 45
    1284:	f1 e0       	ldi	r31, 0x01	; 1
    1286:	c8 cf       	rjmp	.-112    	; 0x1218 <ThermioFont5x7::textPixel(char const*, unsigned char, unsigned char, unsigned int, unsigned int, unsigned char)+0x10e>
/Users/leyry/Documents/Electronique/Thermonuino/main/modules/sonde/graphics/ThermioFont5x7.h:35
      return glyph[x];
    }
    case '6': {
      const uint8_t glyph[5] = {0x3C, 0x4A, 0x49, 0x49, 0x30};
    1288:	85 e0       	ldi	r24, 0x05	; 5
    128a:	e2 e3       	ldi	r30, 0x32	; 50
    128c:	f1 e0       	ldi	r31, 0x01	; 1
    128e:	c4 cf       	rjmp	.-120    	; 0x1218 <ThermioFont5x7::textPixel(char const*, unsigned char, unsigned char, unsigned int, unsigned int, unsigned char)+0x10e>
/Users/leyry/Documents/Electronique/Thermonuino/main/modules/sonde/graphics/ThermioFont5x7.h:39
      return glyph[x];
    }
    case '7': {
      const uint8_t glyph[5] = {0x01, 0x71, 0x09, 0x05, 0x03};
    1290:	85 e0       	ldi	r24, 0x05	; 5
    1292:	e7 e3       	ldi	r30, 0x37	; 55
    1294:	f1 e0       	ldi	r31, 0x01	; 1
    1296:	c0 cf       	rjmp	.-128    	; 0x1218 <ThermioFont5x7::textPixel(char const*, unsigned char, unsigned char, unsigned int, unsigned int, unsigned char)+0x10e>
/Users/leyry/Documents/Electronique/Thermonuino/main/modules/sonde/graphics/ThermioFont5x7.h:43
      return glyph[x];
    }
    case '8': {
      const uint8_t glyph[5] = {0x36, 0x49, 0x49, 0x49, 0x36};
    1298:	85 e0       	ldi	r24, 0x05	; 5
    129a:	ec e3       	ldi	r30, 0x3C	; 60
    129c:	f1 e0       	ldi	r31, 0x01	; 1
    129e:	bc cf       	rjmp	.-136    	; 0x1218 <ThermioFont5x7::textPixel(char const*, unsigned char, unsigned char, unsigned int, unsigned int, unsigned char)+0x10e>
/Users/leyry/Documents/Electronique/Thermonuino/main/modules/sonde/graphics/ThermioFont5x7.h:47
      return glyph[x];
    }
    case '9': {
      const uint8_t glyph[5] = {0x06, 0x49, 0x49, 0x29, 0x1E};
    12a0:	85 e0       	ldi	r24, 0x05	; 5
    12a2:	e1 e4       	ldi	r30, 0x41	; 65
    12a4:	f1 e0       	ldi	r31, 0x01	; 1
    12a6:	b8 cf       	rjmp	.-144    	; 0x1218 <ThermioFont5x7::textPixel(char const*, unsigned char, unsigned char, unsigned int, unsigned int, unsigned char)+0x10e>
/Users/leyry/Documents/Electronique/Thermonuino/main/modules/sonde/graphics/ThermioFont5x7.h:55
    case ',': {
      const uint8_t glyph[5] = {0x00, 0x60, 0x60, 0x00, 0x00};
      return glyph[x];
    }
    case '*': {
      const uint8_t glyph[5] = {0x06, 0x09, 0x09, 0x06, 0x00};
    12a8:	85 e0       	ldi	r24, 0x05	; 5
    12aa:	e6 e4       	ldi	r30, 0x46	; 70
    12ac:	f1 e0       	ldi	r31, 0x01	; 1
    12ae:	b4 cf       	rjmp	.-152    	; 0x1218 <ThermioFont5x7::textPixel(char const*, unsigned char, unsigned char, unsigned int, unsigned int, unsigned char)+0x10e>
/Users/leyry/Documents/Electronique/Thermonuino/main/modules/sonde/graphics/ThermioFont5x7.h:59
      return glyph[x];
    }
    case '-': {
      const uint8_t glyph[5] = {0x08, 0x08, 0x08, 0x08, 0x08};
    12b0:	85 e0       	ldi	r24, 0x05	; 5
    12b2:	eb e4       	ldi	r30, 0x4B	; 75
    12b4:	f1 e0       	ldi	r31, 0x01	; 1
    12b6:	b0 cf       	rjmp	.-160    	; 0x1218 <ThermioFont5x7::textPixel(char const*, unsigned char, unsigned char, unsigned int, unsigned int, unsigned char)+0x10e>
/Users/leyry/Documents/Electronique/Thermonuino/main/modules/sonde/graphics/ThermioFont5x7.h:63
      return glyph[x];
    }
    case ':': {
      const uint8_t glyph[5] = {0x00, 0x36, 0x36, 0x00, 0x00};
    12b8:	85 e0       	ldi	r24, 0x05	; 5
    12ba:	e0 e5       	ldi	r30, 0x50	; 80
    12bc:	f1 e0       	ldi	r31, 0x01	; 1
    12be:	ac cf       	rjmp	.-168    	; 0x1218 <ThermioFont5x7::textPixel(char const*, unsigned char, unsigned char, unsigned int, unsigned int, unsigned char)+0x10e>
/Users/leyry/Documents/Electronique/Thermonuino/main/modules/sonde/graphics/ThermioFont5x7.h:67
      return glyph[x];
    }
    case 'A': {
      const uint8_t glyph[5] = {0x7E, 0x09, 0x09, 0x09, 0x7E};
    12c0:	85 e0       	ldi	r24, 0x05	; 5
    12c2:	e5 e5       	ldi	r30, 0x55	; 85
    12c4:	f1 e0       	ldi	r31, 0x01	; 1
    12c6:	a8 cf       	rjmp	.-176    	; 0x1218 <ThermioFont5x7::textPixel(char const*, unsigned char, unsigned char, unsigned int, unsigned int, unsigned char)+0x10e>
/Users/leyry/Documents/Electronique/Thermonuino/main/modules/sonde/graphics/ThermioFont5x7.h:71
      return glyph[x];
    }
    case 'B': {
      const uint8_t glyph[5] = {0x7F, 0x49, 0x49, 0x49, 0x36};
    12c8:	85 e0       	ldi	r24, 0x05	; 5
    12ca:	ea e5       	ldi	r30, 0x5A	; 90
    12cc:	f1 e0       	ldi	r31, 0x01	; 1
    12ce:	a4 cf       	rjmp	.-184    	; 0x1218 <ThermioFont5x7::textPixel(char const*, unsigned char, unsigned char, unsigned int, unsigned int, unsigned char)+0x10e>
/Users/leyry/Documents/Electronique/Thermonuino/main/modules/sonde/graphics/ThermioFont5x7.h:75
      return glyph[x];
    }
    case 'C': {
      const uint8_t glyph[5] = {0x3E, 0x41, 0x41, 0x41, 0x22};
    12d0:	85 e0       	ldi	r24, 0x05	; 5
    12d2:	ef e5       	ldi	r30, 0x5F	; 95
    12d4:	f1 e0       	ldi	r31, 0x01	; 1
    12d6:	a0 cf       	rjmp	.-192    	; 0x1218 <ThermioFont5x7::textPixel(char const*, unsigned char, unsigned char, unsigned int, unsigned int, unsigned char)+0x10e>
/Users/leyry/Documents/Electronique/Thermonuino/main/modules/sonde/graphics/ThermioFont5x7.h:79
      return glyph[x];
    }
    case 'D': {
      const uint8_t glyph[5] = {0x7F, 0x41, 0x41, 0x22, 0x1C};
    12d8:	85 e0       	ldi	r24, 0x05	; 5
    12da:	e4 e6       	ldi	r30, 0x64	; 100
    12dc:	f1 e0       	ldi	r31, 0x01	; 1
    12de:	9c cf       	rjmp	.-200    	; 0x1218 <ThermioFont5x7::textPixel(char const*, unsigned char, unsigned char, unsigned int, unsigned int, unsigned char)+0x10e>
/Users/leyry/Documents/Electronique/Thermonuino/main/modules/sonde/graphics/ThermioFont5x7.h:83
      return glyph[x];
    }
    case 'E': {
      const uint8_t glyph[5] = {0x7F, 0x49, 0x49, 0x49, 0x41};
    12e0:	85 e0       	ldi	r24, 0x05	; 5
    12e2:	e9 e6       	ldi	r30, 0x69	; 105
    12e4:	f1 e0       	ldi	r31, 0x01	; 1
    12e6:	98 cf       	rjmp	.-208    	; 0x1218 <ThermioFont5x7::textPixel(char const*, unsigned char, unsigned char, unsigned int, unsigned int, unsigned char)+0x10e>
/Users/leyry/Documents/Electronique/Thermonuino/main/modules/sonde/graphics/ThermioFont5x7.h:87
      return glyph[x];
    }
    case 'F': {
      const uint8_t glyph[5] = {0x7F, 0x09, 0x09, 0x09, 0x01};
    12e8:	85 e0       	ldi	r24, 0x05	; 5
    12ea:	ee e6       	ldi	r30, 0x6E	; 110
    12ec:	f1 e0       	ldi	r31, 0x01	; 1
    12ee:	94 cf       	rjmp	.-216    	; 0x1218 <ThermioFont5x7::textPixel(char const*, unsigned char, unsigned char, unsigned int, unsigned int, unsigned char)+0x10e>
/Users/leyry/Documents/Electronique/Thermonuino/main/modules/sonde/graphics/ThermioFont5x7.h:91
      return glyph[x];
    }
    case 'G': {
      const uint8_t glyph[5] = {0x3E, 0x41, 0x49, 0x49, 0x7A};
    12f0:	85 e0       	ldi	r24, 0x05	; 5
    12f2:	e3 e7       	ldi	r30, 0x73	; 115
    12f4:	f1 e0       	ldi	r31, 0x01	; 1
    12f6:	90 cf       	rjmp	.-224    	; 0x1218 <ThermioFont5x7::textPixel(char const*, unsigned char, unsigned char, unsigned int, unsigned int, unsigned char)+0x10e>
/Users/leyry/Documents/Electronique/Thermonuino/main/modules/sonde/graphics/ThermioFont5x7.h:95
      return glyph[x];
    }
    case 'H': {
      const uint8_t glyph[5] = {0x7F, 0x08, 0x08, 0x08, 0x7F};
    12f8:	85 e0       	ldi	r24, 0x05	; 5
    12fa:	e8 e7       	ldi	r30, 0x78	; 120
    12fc:	f1 e0       	ldi	r31, 0x01	; 1
    12fe:	8c cf       	rjmp	.-232    	; 0x1218 <ThermioFont5x7::textPixel(char const*, unsigned char, unsigned char, unsigned int, unsigned int, unsigned char)+0x10e>
/Users/leyry/Documents/Electronique/Thermonuino/main/modules/sonde/graphics/ThermioFont5x7.h:99
      return glyph[x];
    }
    case 'I': {
      const uint8_t glyph[5] = {0x00, 0x41, 0x7F, 0x41, 0x00};
    1300:	85 e0       	ldi	r24, 0x05	; 5
    1302:	ed e7       	ldi	r30, 0x7D	; 125
    1304:	f1 e0       	ldi	r31, 0x01	; 1
    1306:	88 cf       	rjmp	.-240    	; 0x1218 <ThermioFont5x7::textPixel(char const*, unsigned char, unsigned char, unsigned int, unsigned int, unsigned char)+0x10e>
/Users/leyry/Documents/Electronique/Thermonuino/main/modules/sonde/graphics/ThermioFont5x7.h:103
      return glyph[x];
    }
    case 'K': {
      const uint8_t glyph[5] = {0x7F, 0x08, 0x14, 0x22, 0x41};
    1308:	85 e0       	ldi	r24, 0x05	; 5
    130a:	e2 e8       	ldi	r30, 0x82	; 130
    130c:	f1 e0       	ldi	r31, 0x01	; 1
    130e:	84 cf       	rjmp	.-248    	; 0x1218 <ThermioFont5x7::textPixel(char const*, unsigned char, unsigned char, unsigned int, unsigned int, unsigned char)+0x10e>
/Users/leyry/Documents/Electronique/Thermonuino/main/modules/sonde/graphics/ThermioFont5x7.h:107
      return glyph[x];
    }
    case 'L': {
      const uint8_t glyph[5] = {0x7F, 0x40, 0x40, 0x40, 0x40};
    1310:	85 e0       	ldi	r24, 0x05	; 5
    1312:	e7 e8       	ldi	r30, 0x87	; 135
    1314:	f1 e0       	ldi	r31, 0x01	; 1
    1316:	80 cf       	rjmp	.-256    	; 0x1218 <ThermioFont5x7::textPixel(char const*, unsigned char, unsigned char, unsigned int, unsigned int, unsigned char)+0x10e>
/Users/leyry/Documents/Electronique/Thermonuino/main/modules/sonde/graphics/ThermioFont5x7.h:111
      return glyph[x];
    }
    case 'M': {
      const uint8_t glyph[5] = {0x7F, 0x02, 0x0C, 0x02, 0x7F};
    1318:	85 e0       	ldi	r24, 0x05	; 5
    131a:	ec e8       	ldi	r30, 0x8C	; 140
    131c:	f1 e0       	ldi	r31, 0x01	; 1
    131e:	7c cf       	rjmp	.-264    	; 0x1218 <ThermioFont5x7::textPixel(char const*, unsigned char, unsigned char, unsigned int, unsigned int, unsigned char)+0x10e>
/Users/leyry/Documents/Electronique/Thermonuino/main/modules/sonde/graphics/ThermioFont5x7.h:115
      return glyph[x];
    }
    case 'N': {
      const uint8_t glyph[5] = {0x7F, 0x04, 0x08, 0x10, 0x7F};
    1320:	85 e0       	ldi	r24, 0x05	; 5
    1322:	e1 e9       	ldi	r30, 0x91	; 145
    1324:	f1 e0       	ldi	r31, 0x01	; 1
    1326:	78 cf       	rjmp	.-272    	; 0x1218 <ThermioFont5x7::textPixel(char const*, unsigned char, unsigned char, unsigned int, unsigned int, unsigned char)+0x10e>
/Users/leyry/Documents/Electronique/Thermonuino/main/modules/sonde/graphics/ThermioFont5x7.h:119
      return glyph[x];
    }
    case 'O': {
      const uint8_t glyph[5] = {0x3E, 0x41, 0x41, 0x41, 0x3E};
    1328:	85 e0       	ldi	r24, 0x05	; 5
    132a:	e6 e9       	ldi	r30, 0x96	; 150
    132c:	f1 e0       	ldi	r31, 0x01	; 1
    132e:	74 cf       	rjmp	.-280    	; 0x1218 <ThermioFont5x7::textPixel(char const*, unsigned char, unsigned char, unsigned int, unsigned int, unsigned char)+0x10e>
/Users/leyry/Documents/Electronique/Thermonuino/main/modules/sonde/graphics/ThermioFont5x7.h:123
      return glyph[x];
    }
    case 'P': {
      const uint8_t glyph[5] = {0x7F, 0x09, 0x09, 0x09, 0x06};
    1330:	85 e0       	ldi	r24, 0x05	; 5
    1332:	eb e9       	ldi	r30, 0x9B	; 155
    1334:	f1 e0       	ldi	r31, 0x01	; 1
    1336:	70 cf       	rjmp	.-288    	; 0x1218 <ThermioFont5x7::textPixel(char const*, unsigned char, unsigned char, unsigned int, unsigned int, unsigned char)+0x10e>
/Users/leyry/Documents/Electronique/Thermonuino/main/modules/sonde/graphics/ThermioFont5x7.h:127
      return glyph[x];
    }
    case 'R': {
      const uint8_t glyph[5] = {0x7F, 0x09, 0x19, 0x29, 0x46};
    1338:	85 e0       	ldi	r24, 0x05	; 5
    133a:	e0 ea       	ldi	r30, 0xA0	; 160
    133c:	f1 e0       	ldi	r31, 0x01	; 1
    133e:	6c cf       	rjmp	.-296    	; 0x1218 <ThermioFont5x7::textPixel(char const*, unsigned char, unsigned char, unsigned int, unsigned int, unsigned char)+0x10e>
/Users/leyry/Documents/Electronique/Thermonuino/main/modules/sonde/graphics/ThermioFont5x7.h:131
      return glyph[x];
    }
    case 'S': {
      const uint8_t glyph[5] = {0x46, 0x49, 0x49, 0x49, 0x31};
    1340:	85 e0       	ldi	r24, 0x05	; 5
    1342:	e5 ea       	ldi	r30, 0xA5	; 165
    1344:	f1 e0       	ldi	r31, 0x01	; 1
    1346:	68 cf       	rjmp	.-304    	; 0x1218 <ThermioFont5x7::textPixel(char const*, unsigned char, unsigned char, unsigned int, unsigned int, unsigned char)+0x10e>
/Users/leyry/Documents/Electronique/Thermonuino/main/modules/sonde/graphics/ThermioFont5x7.h:135
      return glyph[x];
    }
    case 'T': {
      const uint8_t glyph[5] = {0x01, 0x01, 0x7F, 0x01, 0x01};
    1348:	85 e0       	ldi	r24, 0x05	; 5
    134a:	ea ea       	ldi	r30, 0xAA	; 170
    134c:	f1 e0       	ldi	r31, 0x01	; 1
    134e:	64 cf       	rjmp	.-312    	; 0x1218 <ThermioFont5x7::textPixel(char const*, unsigned char, unsigned char, unsigned int, unsigned int, unsigned char)+0x10e>
/Users/leyry/Documents/Electronique/Thermonuino/main/modules/sonde/graphics/ThermioFont5x7.h:139
      return glyph[x];
    }
    case 'U': {
      const uint8_t glyph[5] = {0x3F, 0x40, 0x40, 0x40, 0x3F};
    1350:	85 e0       	ldi	r24, 0x05	; 5
    1352:	ef ea       	ldi	r30, 0xAF	; 175
    1354:	f1 e0       	ldi	r31, 0x01	; 1
    1356:	60 cf       	rjmp	.-320    	; 0x1218 <ThermioFont5x7::textPixel(char const*, unsigned char, unsigned char, unsigned int, unsigned int, unsigned char)+0x10e>
/Users/leyry/Documents/Electronique/Thermonuino/main/modules/sonde/graphics/ThermioFont5x7.h:143
      return glyph[x];
    }
    case 'V': {
      const uint8_t glyph[5] = {0x1F, 0x20, 0x40, 0x20, 0x1F};
    1358:	85 e0       	ldi	r24, 0x05	; 5
    135a:	e4 eb       	ldi	r30, 0xB4	; 180
    135c:	f1 e0       	ldi	r31, 0x01	; 1
    135e:	5c cf       	rjmp	.-328    	; 0x1218 <ThermioFont5x7::textPixel(char const*, unsigned char, unsigned char, unsigned int, unsigned int, unsigned char)+0x10e>
/Users/leyry/Documents/Electronique/Thermonuino/main/modules/sonde/graphics/ThermioFont5x7.h:147
      return glyph[x];
    }
    case 'W': {
      const uint8_t glyph[5] = {0x3F, 0x40, 0x38, 0x40, 0x3F};
    1360:	85 e0       	ldi	r24, 0x05	; 5
    1362:	e9 eb       	ldi	r30, 0xB9	; 185
    1364:	f1 e0       	ldi	r31, 0x01	; 1
    1366:	58 cf       	rjmp	.-336    	; 0x1218 <ThermioFont5x7::textPixel(char const*, unsigned char, unsigned char, unsigned int, unsigned int, unsigned char)+0x10e>
/Users/leyry/Documents/Electronique/Thermonuino/main/modules/sonde/graphics/ThermioFont5x7.h:151
      return glyph[x];
    }
    case 'Z': {
      const uint8_t glyph[5] = {0x61, 0x51, 0x49, 0x45, 0x43};
    1368:	85 e0       	ldi	r24, 0x05	; 5
    136a:	ee eb       	ldi	r30, 0xBE	; 190
    136c:	f1 e0       	ldi	r31, 0x01	; 1
    136e:	54 cf       	rjmp	.-344    	; 0x1218 <ThermioFont5x7::textPixel(char const*, unsigned char, unsigned char, unsigned int, unsigned int, unsigned char)+0x10e>
/Users/leyry/Documents/Electronique/Thermonuino/main/modules/sonde/graphics/ThermioFont5x7.h:155
      return glyph[x];
    }
    case '.': {
      const uint8_t glyph[5] = {0x00, 0x60, 0x60, 0x00, 0x00};
    1370:	85 e0       	ldi	r24, 0x05	; 5
    1372:	e3 ec       	ldi	r30, 0xC3	; 195
    1374:	f1 e0       	ldi	r31, 0x01	; 1
    1376:	50 cf       	rjmp	.-352    	; 0x1218 <ThermioFont5x7::textPixel(char const*, unsigned char, unsigned char, unsigned int, unsigned int, unsigned char)+0x10e>
_ZN14ThermioFont5x79textPixelEPKchhjjh():
/Users/leyry/Documents/Electronique/Thermonuino/main/modules/sonde/graphics/ThermioFont5x7.h:159
      return glyph[x];
    }
    default:
      return 0x00;
    1378:	80 e0       	ldi	r24, 0x00	; 0
    137a:	5c cf       	rjmp	.-328    	; 0x1234 <ThermioFont5x7::textPixel(char const*, unsigned char, unsigned char, unsigned int, unsigned int, unsigned char)+0x12a>

0000137c <sondeScreenPixel(unsigned int, unsigned int, void*)>:
_Z16sondeScreenPixeljjPv():
/Users/leyry/Documents/Electronique/Thermonuino/main/modules/sonde/SondeUi.cpp:395
      segmentPixel(headX, headY, backX - perpX, backY - perpY, x, y, 2);
}

}

bool sondeScreenPixel(uint16_t x, uint16_t y, void *context) {
    137c:	2f 92       	push	r2
    137e:	3f 92       	push	r3
    1380:	4f 92       	push	r4
    1382:	5f 92       	push	r5
    1384:	6f 92       	push	r6
    1386:	7f 92       	push	r7
    1388:	8f 92       	push	r8
    138a:	9f 92       	push	r9
    138c:	af 92       	push	r10
    138e:	bf 92       	push	r11
    1390:	cf 92       	push	r12
    1392:	df 92       	push	r13
    1394:	ef 92       	push	r14
    1396:	ff 92       	push	r15
    1398:	0f 93       	push	r16
    139a:	1f 93       	push	r17
    139c:	cf 93       	push	r28
    139e:	df 93       	push	r29
    13a0:	00 d0       	rcall	.+0      	; 0x13a2 <sondeScreenPixel(unsigned int, unsigned int, void*)+0x26>
    13a2:	00 d0       	rcall	.+0      	; 0x13a4 <sondeScreenPixel(unsigned int, unsigned int, void*)+0x28>
    13a4:	00 d0       	rcall	.+0      	; 0x13a6 <sondeScreenPixel(unsigned int, unsigned int, void*)+0x2a>
    13a6:	1f 92       	push	r1
    13a8:	cd b7       	in	r28, 0x3d	; 61
    13aa:	de b7       	in	r29, 0x3e	; 62
/Users/leyry/Documents/Electronique/Thermonuino/main/modules/sonde/SondeUi.cpp:398
  UiState *state = (UiState *)context;

  if (x == 0 || y == 0 ||
    13ac:	00 97       	sbiw	r24, 0x00	; 0
    13ae:	09 f4       	brne	.+2      	; 0x13b2 <sondeScreenPixel(unsigned int, unsigned int, void*)+0x36>
    13b0:	e6 c1       	rjmp	.+972    	; 0x177e <sondeScreenPixel(unsigned int, unsigned int, void*)+0x402>
    13b2:	61 15       	cp	r22, r1
    13b4:	71 05       	cpc	r23, r1
    13b6:	09 f4       	brne	.+2      	; 0x13ba <sondeScreenPixel(unsigned int, unsigned int, void*)+0x3e>
    13b8:	e2 c1       	rjmp	.+964    	; 0x177e <sondeScreenPixel(unsigned int, unsigned int, void*)+0x402>
    13ba:	87 3b       	cpi	r24, 0xB7	; 183
    13bc:	91 05       	cpc	r25, r1
    13be:	09 f4       	brne	.+2      	; 0x13c2 <sondeScreenPixel(unsigned int, unsigned int, void*)+0x46>
    13c0:	de c1       	rjmp	.+956    	; 0x177e <sondeScreenPixel(unsigned int, unsigned int, void*)+0x402>
/Users/leyry/Documents/Electronique/Thermonuino/main/modules/sonde/SondeUi.cpp:399
      x == ThermioEink097::FrontWidth - 1 ||
    13c2:	67 35       	cpi	r22, 0x57	; 87
    13c4:	71 05       	cpc	r23, r1
    13c6:	09 f4       	brne	.+2      	; 0x13ca <sondeScreenPixel(unsigned int, unsigned int, void*)+0x4e>
    13c8:	da c1       	rjmp	.+948    	; 0x177e <sondeScreenPixel(unsigned int, unsigned int, void*)+0x402>
    13ca:	1a 01       	movw	r2, r20
    13cc:	6b 01       	movw	r12, r22
    13ce:	9f 83       	std	Y+7, r25	; 0x07
    13d0:	8e 83       	std	Y+6, r24	; 0x06
/Users/leyry/Documents/Electronique/Thermonuino/main/modules/sonde/SondeUi.cpp:404
      y == ThermioEink097::FrontHeight - 1) {
    return true;
  }

  if (state->page == UI_PAGE_BATTERY_DEAD) {
    13d2:	fa 01       	movw	r30, r20
    13d4:	80 81       	ld	r24, Z
    13d6:	82 30       	cpi	r24, 0x02	; 2
    13d8:	09 f0       	breq	.+2      	; 0x13dc <sondeScreenPixel(unsigned int, unsigned int, void*)+0x60>
    13da:	75 c0       	rjmp	.+234    	; 0x14c6 <sondeScreenPixel(unsigned int, unsigned int, void*)+0x14a>
thickDiagonalPixel():
/Users/leyry/Documents/Electronique/Thermonuino/main/modules/sonde/SondeUi.cpp:170
                        uint16_t y2,
                        uint16_t x,
                        uint16_t y) {
  const int32_t dx = (int32_t)x2 - x1;
  const int32_t dy = (int32_t)y2 - y1;
  const int32_t distance = ((int32_t)x - x1) * dy - ((int32_t)y - y1) * dx;
    13dc:	8e 81       	ldd	r24, Y+6	; 0x06
    13de:	9f 81       	ldd	r25, Y+7	; 0x07
    13e0:	9c 01       	movw	r18, r24
    13e2:	50 e0       	ldi	r21, 0x00	; 0
    13e4:	40 e0       	ldi	r20, 0x00	; 0
    13e6:	21 50       	subi	r18, 0x01	; 1
    13e8:	31 09       	sbc	r19, r1
    13ea:	41 09       	sbc	r20, r1
    13ec:	51 09       	sbc	r21, r1
    13ee:	a5 e5       	ldi	r26, 0x55	; 85
    13f0:	b0 e0       	ldi	r27, 0x00	; 0
    13f2:	0e 94 ce 15 	call	0x2b9c	; 0x2b9c <__muluhisi3>
    13f6:	4b 01       	movw	r8, r22
    13f8:	5c 01       	movw	r10, r24
    13fa:	26 01       	movw	r4, r12
    13fc:	71 2c       	mov	r7, r1
    13fe:	61 2c       	mov	r6, r1
    1400:	91 e0       	ldi	r25, 0x01	; 1
    1402:	49 1a       	sub	r4, r25
    1404:	51 08       	sbc	r5, r1
    1406:	61 08       	sbc	r6, r1
    1408:	71 08       	sbc	r7, r1
    140a:	a5 eb       	ldi	r26, 0xB5	; 181
    140c:	b0 e0       	ldi	r27, 0x00	; 0
    140e:	a3 01       	movw	r20, r6
    1410:	92 01       	movw	r18, r4
    1412:	0e 94 ce 15 	call	0x2b9c	; 0x2b9c <__muluhisi3>
    1416:	a5 01       	movw	r20, r10
    1418:	94 01       	movw	r18, r8
    141a:	26 1b       	sub	r18, r22
    141c:	37 0b       	sbc	r19, r23
    141e:	48 0b       	sbc	r20, r24
    1420:	59 0b       	sbc	r21, r25
    1422:	da 01       	movw	r26, r20
    1424:	c9 01       	movw	r24, r18
/Users/leyry/Documents/Electronique/Thermonuino/main/modules/sonde/SondeUi.cpp:171
  return distance >= -220 && distance <= 220;
    1426:	84 52       	subi	r24, 0x24	; 36
    1428:	9f 4f       	sbci	r25, 0xFF	; 255
    142a:	af 4f       	sbci	r26, 0xFF	; 255
    142c:	bf 4f       	sbci	r27, 0xFF	; 255
batteryDeadPixel():
/Users/leyry/Documents/Electronique/Thermonuino/main/modules/sonde/SondeUi.cpp:176
}

bool batteryDeadPixel(uint16_t x, uint16_t y) {
  if (thickDiagonalPixel(1, 1, ThermioEink097::FrontWidth - 2,
                         ThermioEink097::FrontHeight - 2, x, y) ||
    142e:	89 3b       	cpi	r24, 0xB9	; 185
    1430:	91 40       	sbci	r25, 0x01	; 1
    1432:	a1 05       	cpc	r26, r1
    1434:	b1 05       	cpc	r27, r1
    1436:	08 f4       	brcc	.+2      	; 0x143a <sondeScreenPixel(unsigned int, unsigned int, void*)+0xbe>
    1438:	a2 c1       	rjmp	.+836    	; 0x177e <sondeScreenPixel(unsigned int, unsigned int, void*)+0x402>
thickDiagonalPixel():
/Users/leyry/Documents/Electronique/Thermonuino/main/modules/sonde/SondeUi.cpp:170
                        uint16_t y2,
                        uint16_t x,
                        uint16_t y) {
  const int32_t dx = (int32_t)x2 - x1;
  const int32_t dy = (int32_t)y2 - y1;
  const int32_t distance = ((int32_t)x - x1) * dy - ((int32_t)y - y1) * dx;
    143a:	ab e4       	ldi	r26, 0x4B	; 75
    143c:	bf ef       	ldi	r27, 0xFF	; 255
    143e:	a3 01       	movw	r20, r6
    1440:	92 01       	movw	r18, r4
    1442:	0e 94 dc 15 	call	0x2bb8	; 0x2bb8 <__mulohisi3>
    1446:	86 1a       	sub	r8, r22
    1448:	97 0a       	sbc	r9, r23
    144a:	a8 0a       	sbc	r10, r24
    144c:	b9 0a       	sbc	r11, r25
/Users/leyry/Documents/Electronique/Thermonuino/main/modules/sonde/SondeUi.cpp:171
  return distance >= -220 && distance <= 220;
    144e:	4d e3       	ldi	r20, 0x3D	; 61
    1450:	84 1a       	sub	r8, r20
    1452:	4b e3       	ldi	r20, 0x3B	; 59
    1454:	94 0a       	sbc	r9, r20
    1456:	a1 08       	sbc	r10, r1
    1458:	b1 08       	sbc	r11, r1
batteryDeadPixel():
/Users/leyry/Documents/Electronique/Thermonuino/main/modules/sonde/SondeUi.cpp:176
}

bool batteryDeadPixel(uint16_t x, uint16_t y) {
  if (thickDiagonalPixel(1, 1, ThermioEink097::FrontWidth - 2,
                         ThermioEink097::FrontHeight - 2, x, y) ||
    145a:	59 eb       	ldi	r21, 0xB9	; 185
    145c:	85 16       	cp	r8, r21
    145e:	51 e0       	ldi	r21, 0x01	; 1
    1460:	95 06       	cpc	r9, r21
    1462:	a1 04       	cpc	r10, r1
    1464:	b1 04       	cpc	r11, r1
    1466:	08 f4       	brcc	.+2      	; 0x146a <sondeScreenPixel(unsigned int, unsigned int, void*)+0xee>
    1468:	8a c1       	rjmp	.+788    	; 0x177e <sondeScreenPixel(unsigned int, unsigned int, void*)+0x402>
/Users/leyry/Documents/Electronique/Thermonuino/main/modules/sonde/SondeUi.cpp:182
      thickDiagonalPixel(ThermioEink097::FrontWidth - 2, 1, 1,
                         ThermioEink097::FrontHeight - 2, x, y)) {
    return true;
  }

  return ThermioFont5x7::textPixel("REMPLACER", 11, 20, x, y, 3) ||
    146a:	43 e0       	ldi	r20, 0x03	; 3
    146c:	e4 2e       	mov	r14, r20
    146e:	86 01       	movw	r16, r12
    1470:	2e 81       	ldd	r18, Y+6	; 0x06
    1472:	3f 81       	ldd	r19, Y+7	; 0x07
    1474:	44 e1       	ldi	r20, 0x14	; 20
    1476:	6b e0       	ldi	r22, 0x0B	; 11
    1478:	89 ef       	ldi	r24, 0xF9	; 249
    147a:	91 e0       	ldi	r25, 0x01	; 1
    147c:	0e 94 85 08 	call	0x110a	; 0x110a <ThermioFont5x7::textPixel(char const*, unsigned char, unsigned char, unsigned int, unsigned int, unsigned char)>
    1480:	81 11       	cpse	r24, r1
    1482:	08 c0       	rjmp	.+16     	; 0x1494 <sondeScreenPixel(unsigned int, unsigned int, void*)+0x118>
/Users/leyry/Documents/Electronique/Thermonuino/main/modules/sonde/SondeUi.cpp:183
      ThermioFont5x7::textPixel("PILES", 47, 48, x, y, 3);
    1484:	2e 81       	ldd	r18, Y+6	; 0x06
    1486:	3f 81       	ldd	r19, Y+7	; 0x07
    1488:	40 e3       	ldi	r20, 0x30	; 48
    148a:	6f e2       	ldi	r22, 0x2F	; 47
    148c:	83 e0       	ldi	r24, 0x03	; 3
    148e:	92 e0       	ldi	r25, 0x02	; 2
_Z16sondeScreenPixeljjPv():
/Users/leyry/Documents/Electronique/Thermonuino/main/modules/sonde/SondeUi.cpp:418
  if (state->page == UI_PAGE_RF_ERROR) {
    return rfErrorPixel(x, y);
  }

  if (state->page != UI_PAGE_HOME) {
    return ThermioFont5x7::textPixel("MENU", 80, 38, x, y, 2);
    1490:	0e 94 85 08 	call	0x110a	; 0x110a <ThermioFont5x7::textPixel(char const*, unsigned char, unsigned char, unsigned int, unsigned int, unsigned char)>
/Users/leyry/Documents/Electronique/Thermonuino/main/modules/sonde/SondeUi.cpp:427
    return segmentedTempPixel(state->setpointDeciC, true, 75, 23, x, y);
  }

  return arrowToTemperaturePixel(state, x, y) ||
      segmentedTempPixel(state->currentTempDeciC, state->currentTempKnown, 75, 23, x, y);
}
    1494:	27 96       	adiw	r28, 0x07	; 7
    1496:	0f b6       	in	r0, 0x3f	; 63
    1498:	f8 94       	cli
    149a:	de bf       	out	0x3e, r29	; 62
    149c:	0f be       	out	0x3f, r0	; 63
    149e:	cd bf       	out	0x3d, r28	; 61
    14a0:	df 91       	pop	r29
    14a2:	cf 91       	pop	r28
    14a4:	1f 91       	pop	r17
    14a6:	0f 91       	pop	r16
    14a8:	ff 90       	pop	r15
    14aa:	ef 90       	pop	r14
    14ac:	df 90       	pop	r13
    14ae:	cf 90       	pop	r12
    14b0:	bf 90       	pop	r11
    14b2:	af 90       	pop	r10
    14b4:	9f 90       	pop	r9
    14b6:	8f 90       	pop	r8
    14b8:	7f 90       	pop	r7
    14ba:	6f 90       	pop	r6
    14bc:	5f 90       	pop	r5
    14be:	4f 90       	pop	r4
    14c0:	3f 90       	pop	r3
    14c2:	2f 90       	pop	r2
    14c4:	08 95       	ret
/Users/leyry/Documents/Electronique/Thermonuino/main/modules/sonde/SondeUi.cpp:407
  }

  if (state->page == UI_PAGE_BATTERY_DEAD) {
    return batteryDeadPixel(x, y);
  }
  if (state->page == UI_PAGE_STOP) {
    14c6:	83 30       	cpi	r24, 0x03	; 3
    14c8:	51 f4       	brne	.+20     	; 0x14de <sondeScreenPixel(unsigned int, unsigned int, void*)+0x162>
stopPixel():
/Users/leyry/Documents/Electronique/Thermonuino/main/modules/sonde/SondeUi.cpp:187
  return ThermioFont5x7::textPixel("REMPLACER", 11, 20, x, y, 3) ||
      ThermioFont5x7::textPixel("PILES", 47, 48, x, y, 3);
}

bool stopPixel(uint16_t x, uint16_t y) {
  return ThermioFont5x7::textPixel("STOP", 56, 34, x, y, 3);
    14ca:	33 e0       	ldi	r19, 0x03	; 3
    14cc:	e3 2e       	mov	r14, r19
    14ce:	8b 01       	movw	r16, r22
    14d0:	2e 81       	ldd	r18, Y+6	; 0x06
    14d2:	3f 81       	ldd	r19, Y+7	; 0x07
    14d4:	42 e2       	ldi	r20, 0x22	; 34
    14d6:	68 e3       	ldi	r22, 0x38	; 56
    14d8:	89 e0       	ldi	r24, 0x09	; 9
    14da:	92 e0       	ldi	r25, 0x02	; 2
    14dc:	d9 cf       	rjmp	.-78     	; 0x1490 <sondeScreenPixel(unsigned int, unsigned int, void*)+0x114>
_Z16sondeScreenPixeljjPv():
/Users/leyry/Documents/Electronique/Thermonuino/main/modules/sonde/SondeUi.cpp:410
    return batteryDeadPixel(x, y);
  }
  if (state->page == UI_PAGE_STOP) {
    return stopPixel(x, y);
  }
  if (state->page == UI_PAGE_VACATION) {
    14de:	84 30       	cpi	r24, 0x04	; 4
    14e0:	51 f4       	brne	.+20     	; 0x14f6 <sondeScreenPixel(unsigned int, unsigned int, void*)+0x17a>
vacationPixel():
/Users/leyry/Documents/Electronique/Thermonuino/main/modules/sonde/SondeUi.cpp:191
bool stopPixel(uint16_t x, uint16_t y) {
  return ThermioFont5x7::textPixel("STOP", 56, 34, x, y, 3);
}

bool vacationPixel(uint16_t x, uint16_t y) {
  return ThermioFont5x7::textPixel("VACANCES", 29, 34, x, y, 3);
    14e2:	23 e0       	ldi	r18, 0x03	; 3
    14e4:	e2 2e       	mov	r14, r18
    14e6:	8b 01       	movw	r16, r22
    14e8:	2e 81       	ldd	r18, Y+6	; 0x06
    14ea:	3f 81       	ldd	r19, Y+7	; 0x07
    14ec:	42 e2       	ldi	r20, 0x22	; 34
    14ee:	6d e1       	ldi	r22, 0x1D	; 29
    14f0:	8e e0       	ldi	r24, 0x0E	; 14
    14f2:	92 e0       	ldi	r25, 0x02	; 2
    14f4:	cd cf       	rjmp	.-102    	; 0x1490 <sondeScreenPixel(unsigned int, unsigned int, void*)+0x114>
_Z16sondeScreenPixeljjPv():
/Users/leyry/Documents/Electronique/Thermonuino/main/modules/sonde/SondeUi.cpp:413
    return stopPixel(x, y);
  }
  if (state->page == UI_PAGE_VACATION) {
    return vacationPixel(x, y);
  }
  if (state->page == UI_PAGE_RF_ERROR) {
    14f6:	85 30       	cpi	r24, 0x05	; 5
    14f8:	09 f0       	breq	.+2      	; 0x14fc <sondeScreenPixel(unsigned int, unsigned int, void*)+0x180>
    14fa:	5b c0       	rjmp	.+182    	; 0x15b2 <sondeScreenPixel(unsigned int, unsigned int, void*)+0x236>
thickDiagonalPixel():
/Users/leyry/Documents/Electronique/Thermonuino/main/modules/sonde/SondeUi.cpp:170
                        uint16_t y2,
                        uint16_t x,
                        uint16_t y) {
  const int32_t dx = (int32_t)x2 - x1;
  const int32_t dy = (int32_t)y2 - y1;
  const int32_t distance = ((int32_t)x - x1) * dy - ((int32_t)y - y1) * dx;
    14fc:	8e 81       	ldd	r24, Y+6	; 0x06
    14fe:	9f 81       	ldd	r25, Y+7	; 0x07
    1500:	9c 01       	movw	r18, r24
    1502:	50 e0       	ldi	r21, 0x00	; 0
    1504:	40 e0       	ldi	r20, 0x00	; 0
    1506:	21 50       	subi	r18, 0x01	; 1
    1508:	31 09       	sbc	r19, r1
    150a:	41 09       	sbc	r20, r1
    150c:	51 09       	sbc	r21, r1
    150e:	a5 e5       	ldi	r26, 0x55	; 85
    1510:	b0 e0       	ldi	r27, 0x00	; 0
    1512:	0e 94 ce 15 	call	0x2b9c	; 0x2b9c <__muluhisi3>
    1516:	4b 01       	movw	r8, r22
    1518:	5c 01       	movw	r10, r24
    151a:	26 01       	movw	r4, r12
    151c:	71 2c       	mov	r7, r1
    151e:	61 2c       	mov	r6, r1
    1520:	91 e0       	ldi	r25, 0x01	; 1
    1522:	49 1a       	sub	r4, r25
    1524:	51 08       	sbc	r5, r1
    1526:	61 08       	sbc	r6, r1
    1528:	71 08       	sbc	r7, r1
    152a:	a5 eb       	ldi	r26, 0xB5	; 181
    152c:	b0 e0       	ldi	r27, 0x00	; 0
    152e:	a3 01       	movw	r20, r6
    1530:	92 01       	movw	r18, r4
    1532:	0e 94 ce 15 	call	0x2b9c	; 0x2b9c <__muluhisi3>
    1536:	a5 01       	movw	r20, r10
    1538:	94 01       	movw	r18, r8
    153a:	26 1b       	sub	r18, r22
    153c:	37 0b       	sbc	r19, r23
    153e:	48 0b       	sbc	r20, r24
    1540:	59 0b       	sbc	r21, r25
    1542:	da 01       	movw	r26, r20
    1544:	c9 01       	movw	r24, r18
/Users/leyry/Documents/Electronique/Thermonuino/main/modules/sonde/SondeUi.cpp:171
  return distance >= -220 && distance <= 220;
    1546:	84 52       	subi	r24, 0x24	; 36
    1548:	9f 4f       	sbci	r25, 0xFF	; 255
    154a:	af 4f       	sbci	r26, 0xFF	; 255
    154c:	bf 4f       	sbci	r27, 0xFF	; 255
rfErrorPixel():
/Users/leyry/Documents/Electronique/Thermonuino/main/modules/sonde/SondeUi.cpp:196
  return ThermioFont5x7::textPixel("VACANCES", 29, 34, x, y, 3);
}

bool rfErrorPixel(uint16_t x, uint16_t y) {
  if (thickDiagonalPixel(1, 1, ThermioEink097::FrontWidth - 2,
                         ThermioEink097::FrontHeight - 2, x, y) ||
    154e:	89 3b       	cpi	r24, 0xB9	; 185
    1550:	91 40       	sbci	r25, 0x01	; 1
    1552:	a1 05       	cpc	r26, r1
    1554:	b1 05       	cpc	r27, r1
    1556:	08 f4       	brcc	.+2      	; 0x155a <sondeScreenPixel(unsigned int, unsigned int, void*)+0x1de>
    1558:	12 c1       	rjmp	.+548    	; 0x177e <sondeScreenPixel(unsigned int, unsigned int, void*)+0x402>
thickDiagonalPixel():
/Users/leyry/Documents/Electronique/Thermonuino/main/modules/sonde/SondeUi.cpp:170
                        uint16_t y2,
                        uint16_t x,
                        uint16_t y) {
  const int32_t dx = (int32_t)x2 - x1;
  const int32_t dy = (int32_t)y2 - y1;
  const int32_t distance = ((int32_t)x - x1) * dy - ((int32_t)y - y1) * dx;
    155a:	ab e4       	ldi	r26, 0x4B	; 75
    155c:	bf ef       	ldi	r27, 0xFF	; 255
    155e:	a3 01       	movw	r20, r6
    1560:	92 01       	movw	r18, r4
    1562:	0e 94 dc 15 	call	0x2bb8	; 0x2bb8 <__mulohisi3>
    1566:	86 1a       	sub	r8, r22
    1568:	97 0a       	sbc	r9, r23
    156a:	a8 0a       	sbc	r10, r24
    156c:	b9 0a       	sbc	r11, r25
/Users/leyry/Documents/Electronique/Thermonuino/main/modules/sonde/SondeUi.cpp:171
  return distance >= -220 && distance <= 220;
    156e:	4d e3       	ldi	r20, 0x3D	; 61
    1570:	84 1a       	sub	r8, r20
    1572:	4b e3       	ldi	r20, 0x3B	; 59
    1574:	94 0a       	sbc	r9, r20
    1576:	a1 08       	sbc	r10, r1
    1578:	b1 08       	sbc	r11, r1
rfErrorPixel():
/Users/leyry/Documents/Electronique/Thermonuino/main/modules/sonde/SondeUi.cpp:196
  return ThermioFont5x7::textPixel("VACANCES", 29, 34, x, y, 3);
}

bool rfErrorPixel(uint16_t x, uint16_t y) {
  if (thickDiagonalPixel(1, 1, ThermioEink097::FrontWidth - 2,
                         ThermioEink097::FrontHeight - 2, x, y) ||
    157a:	59 eb       	ldi	r21, 0xB9	; 185
    157c:	85 16       	cp	r8, r21
    157e:	51 e0       	ldi	r21, 0x01	; 1
    1580:	95 06       	cpc	r9, r21
    1582:	a1 04       	cpc	r10, r1
    1584:	b1 04       	cpc	r11, r1
    1586:	08 f4       	brcc	.+2      	; 0x158a <sondeScreenPixel(unsigned int, unsigned int, void*)+0x20e>
    1588:	fa c0       	rjmp	.+500    	; 0x177e <sondeScreenPixel(unsigned int, unsigned int, void*)+0x402>
/Users/leyry/Documents/Electronique/Thermonuino/main/modules/sonde/SondeUi.cpp:202
      thickDiagonalPixel(ThermioEink097::FrontWidth - 2, 1, 1,
                         ThermioEink097::FrontHeight - 2, x, y)) {
    return true;
  }

  return ThermioFont5x7::textPixel("RF 433 MHZ", 2, 26, x, y, 3) ||
    158a:	93 e0       	ldi	r25, 0x03	; 3
    158c:	e9 2e       	mov	r14, r25
    158e:	86 01       	movw	r16, r12
    1590:	2e 81       	ldd	r18, Y+6	; 0x06
    1592:	3f 81       	ldd	r19, Y+7	; 0x07
    1594:	4a e1       	ldi	r20, 0x1A	; 26
    1596:	62 e0       	ldi	r22, 0x02	; 2
    1598:	87 e1       	ldi	r24, 0x17	; 23
    159a:	92 e0       	ldi	r25, 0x02	; 2
    159c:	0e 94 85 08 	call	0x110a	; 0x110a <ThermioFont5x7::textPixel(char const*, unsigned char, unsigned char, unsigned int, unsigned int, unsigned char)>
    15a0:	81 11       	cpse	r24, r1
    15a2:	78 cf       	rjmp	.-272    	; 0x1494 <sondeScreenPixel(unsigned int, unsigned int, void*)+0x118>
/Users/leyry/Documents/Electronique/Thermonuino/main/modules/sonde/SondeUi.cpp:203
      ThermioFont5x7::textPixel("K.O.", 56, 52, x, y, 3);
    15a4:	2e 81       	ldd	r18, Y+6	; 0x06
    15a6:	3f 81       	ldd	r19, Y+7	; 0x07
    15a8:	44 e3       	ldi	r20, 0x34	; 52
    15aa:	68 e3       	ldi	r22, 0x38	; 56
    15ac:	82 e2       	ldi	r24, 0x22	; 34
    15ae:	92 e0       	ldi	r25, 0x02	; 2
    15b0:	6f cf       	rjmp	.-290    	; 0x1490 <sondeScreenPixel(unsigned int, unsigned int, void*)+0x114>
_Z16sondeScreenPixeljjPv():
/Users/leyry/Documents/Electronique/Thermonuino/main/modules/sonde/SondeUi.cpp:417
  }
  if (state->page == UI_PAGE_RF_ERROR) {
    return rfErrorPixel(x, y);
  }

  if (state->page != UI_PAGE_HOME) {
    15b2:	88 23       	and	r24, r24
    15b4:	51 f0       	breq	.+20     	; 0x15ca <sondeScreenPixel(unsigned int, unsigned int, void*)+0x24e>
/Users/leyry/Documents/Electronique/Thermonuino/main/modules/sonde/SondeUi.cpp:418
    return ThermioFont5x7::textPixel("MENU", 80, 38, x, y, 2);
    15b6:	82 e0       	ldi	r24, 0x02	; 2
    15b8:	e8 2e       	mov	r14, r24
    15ba:	8b 01       	movw	r16, r22
    15bc:	2e 81       	ldd	r18, Y+6	; 0x06
    15be:	3f 81       	ldd	r19, Y+7	; 0x07
    15c0:	46 e2       	ldi	r20, 0x26	; 38
    15c2:	60 e5       	ldi	r22, 0x50	; 80
    15c4:	87 e2       	ldi	r24, 0x27	; 39
    15c6:	92 e0       	ldi	r25, 0x02	; 2
    15c8:	63 cf       	rjmp	.-314    	; 0x1490 <sondeScreenPixel(unsigned int, unsigned int, void*)+0x114>
    15ca:	83 81       	ldd	r24, Z+3	; 0x03
    15cc:	94 81       	ldd	r25, Z+4	; 0x04
/Users/leyry/Documents/Electronique/Thermonuino/main/modules/sonde/SondeUi.cpp:421
  }

  if (state->setpointEditing) {
    15ce:	23 89       	ldd	r18, Z+19	; 0x13
    15d0:	22 23       	and	r18, r18
    15d2:	f1 f0       	breq	.+60     	; 0x1610 <sondeScreenPixel(unsigned int, unsigned int, void*)+0x294>
/Users/leyry/Documents/Electronique/Thermonuino/main/modules/sonde/SondeUi.cpp:422
    return segmentedTempPixel(state->setpointDeciC, true, 75, 23, x, y);
    15d4:	9b 01       	movw	r18, r22
    15d6:	4e 81       	ldd	r20, Y+6	; 0x06
    15d8:	5f 81       	ldd	r21, Y+7	; 0x07
    15da:	61 e0       	ldi	r22, 0x01	; 1
/Users/leyry/Documents/Electronique/Thermonuino/main/modules/sonde/SondeUi.cpp:427
  }

  return arrowToTemperaturePixel(state, x, y) ||
      segmentedTempPixel(state->currentTempDeciC, state->currentTempKnown, 75, 23, x, y);
}
    15dc:	27 96       	adiw	r28, 0x07	; 7
    15de:	0f b6       	in	r0, 0x3f	; 63
    15e0:	f8 94       	cli
    15e2:	de bf       	out	0x3e, r29	; 62
    15e4:	0f be       	out	0x3f, r0	; 63
    15e6:	cd bf       	out	0x3d, r28	; 61
    15e8:	df 91       	pop	r29
    15ea:	cf 91       	pop	r28
    15ec:	1f 91       	pop	r17
    15ee:	0f 91       	pop	r16
    15f0:	ff 90       	pop	r15
    15f2:	ef 90       	pop	r14
    15f4:	df 90       	pop	r13
    15f6:	cf 90       	pop	r12
    15f8:	bf 90       	pop	r11
    15fa:	af 90       	pop	r10
    15fc:	9f 90       	pop	r9
    15fe:	8f 90       	pop	r8
    1600:	7f 90       	pop	r7
    1602:	6f 90       	pop	r6
    1604:	5f 90       	pop	r5
    1606:	4f 90       	pop	r4
    1608:	3f 90       	pop	r3
    160a:	2f 90       	pop	r2
/Users/leyry/Documents/Electronique/Thermonuino/main/modules/sonde/SondeUi.cpp:426
  if (state->setpointEditing) {
    return segmentedTempPixel(state->setpointDeciC, true, 75, 23, x, y);
  }

  return arrowToTemperaturePixel(state, x, y) ||
      segmentedTempPixel(state->currentTempDeciC, state->currentTempKnown, 75, 23, x, y);
    160c:	0c 94 5d 03 	jmp	0x6ba	; 0x6ba <(anonymous namespace)::segmentedTempPixel(int, bool, int, int, unsigned int, unsigned int) [clone .constprop.28]>
arrowToTemperaturePixel():
/Users/leyry/Documents/Electronique/Thermonuino/main/modules/sonde/SondeUi.cpp:361
  const int32_t cross = px * dy - py * dx;
  return cross * cross <= (int32_t)thickness * thickness * len2;
}

bool arrowToTemperaturePixel(const UiState *state, uint16_t x, uint16_t y) {
  const int16_t current = state->currentTempKnown ? state->currentTempDeciC : state->setpointDeciC;
    1610:	f3 85       	ldd	r31, Z+11	; 0x0b
    1612:	f9 83       	std	Y+1, r31	; 0x01
_Z16sondeScreenPixeljjPv():
    1614:	9c 01       	movw	r18, r24
arrowToTemperaturePixel():
    1616:	ff 23       	and	r31, r31
    1618:	19 f0       	breq	.+6      	; 0x1620 <sondeScreenPixel(unsigned int, unsigned int, void*)+0x2a4>
    161a:	fa 01       	movw	r30, r20
    161c:	21 81       	ldd	r18, Z+1	; 0x01
    161e:	32 81       	ldd	r19, Z+2	; 0x02
/Users/leyry/Documents/Electronique/Thermonuino/main/modules/sonde/SondeUi.cpp:362
  int16_t diff = state->setpointDeciC - current;
    1620:	82 1b       	sub	r24, r18
    1622:	93 0b       	sbc	r25, r19
    1624:	8c 3e       	cpi	r24, 0xEC	; 236
    1626:	ff ef       	ldi	r31, 0xFF	; 255
    1628:	9f 07       	cpc	r25, r31
    162a:	14 f4       	brge	.+4      	; 0x1630 <sondeScreenPixel(unsigned int, unsigned int, void*)+0x2b4>
    162c:	8c ee       	ldi	r24, 0xEC	; 236
    162e:	9f ef       	ldi	r25, 0xFF	; 255
    1630:	9c 01       	movw	r18, r24
    1632:	45 97       	sbiw	r24, 0x15	; 21
    1634:	14 f0       	brlt	.+4      	; 0x163a <sondeScreenPixel(unsigned int, unsigned int, void*)+0x2be>
    1636:	24 e1       	ldi	r18, 0x14	; 20
    1638:	30 e0       	ldi	r19, 0x00	; 0
/Users/leyry/Documents/Electronique/Thermonuino/main/modules/sonde/SondeUi.cpp:372
    diff = -20;
  }

  const int16_t centerX = 34;
  const int16_t centerY = 44;
  const int16_t vectorX = ((20 - (diff < 0 ? -diff : diff)) * 34) / 20;
    163a:	a9 01       	movw	r20, r18
    163c:	37 ff       	sbrs	r19, 7
    163e:	04 c0       	rjmp	.+8      	; 0x1648 <sondeScreenPixel(unsigned int, unsigned int, void*)+0x2cc>
    1640:	44 27       	eor	r20, r20
    1642:	55 27       	eor	r21, r21
    1644:	42 1b       	sub	r20, r18
    1646:	53 0b       	sbc	r21, r19
    1648:	84 e1       	ldi	r24, 0x14	; 20
    164a:	90 e0       	ldi	r25, 0x00	; 0
    164c:	84 1b       	sub	r24, r20
    164e:	95 0b       	sbc	r25, r21
    1650:	42 e2       	ldi	r20, 0x22	; 34
    1652:	48 9f       	mul	r20, r24
    1654:	80 01       	movw	r16, r0
    1656:	49 9f       	mul	r20, r25
    1658:	10 0d       	add	r17, r0
    165a:	11 24       	eor	r1, r1
/Users/leyry/Documents/Electronique/Thermonuino/main/modules/sonde/SondeUi.cpp:373
  const int16_t vectorY = (-diff * 34) / 20;
    165c:	4e ed       	ldi	r20, 0xDE	; 222
    165e:	42 03       	mulsu	r20, r18
    1660:	f0 01       	movw	r30, r0
    1662:	43 9f       	mul	r20, r19
    1664:	f0 0d       	add	r31, r0
    1666:	11 24       	eor	r1, r1
/Users/leyry/Documents/Electronique/Thermonuino/main/modules/sonde/SondeUi.cpp:374
  const int16_t tailX = centerX - vectorX / 2;
    1668:	28 ed       	ldi	r18, 0xD8	; 216
    166a:	3f ef       	ldi	r19, 0xFF	; 255
    166c:	c8 01       	movw	r24, r16
    166e:	b9 01       	movw	r22, r18
    1670:	0e 94 83 15 	call	0x2b06	; 0x2b06 <__divmodhi4>
    1674:	3b 01       	movw	r6, r22
    1676:	42 e2       	ldi	r20, 0x22	; 34
    1678:	64 0e       	add	r6, r20
    167a:	71 1c       	adc	r7, r1
/Users/leyry/Documents/Electronique/Thermonuino/main/modules/sonde/SondeUi.cpp:375
  const int16_t tailY = centerY - vectorY / 2;
    167c:	cf 01       	movw	r24, r30
    167e:	b9 01       	movw	r22, r18
    1680:	0e 94 83 15 	call	0x2b06	; 0x2b06 <__divmodhi4>
    1684:	4b 01       	movw	r8, r22
    1686:	5c e2       	ldi	r21, 0x2C	; 44
    1688:	85 0e       	add	r8, r21
    168a:	91 1c       	adc	r9, r1
/Users/leyry/Documents/Electronique/Thermonuino/main/modules/sonde/SondeUi.cpp:376
  const int16_t headX = centerX + vectorX / 2;
    168c:	28 e2       	ldi	r18, 0x28	; 40
    168e:	30 e0       	ldi	r19, 0x00	; 0
    1690:	c8 01       	movw	r24, r16
    1692:	b9 01       	movw	r22, r18
    1694:	0e 94 83 15 	call	0x2b06	; 0x2b06 <__divmodhi4>
    1698:	2b 01       	movw	r4, r22
    169a:	82 e2       	ldi	r24, 0x22	; 34
    169c:	48 0e       	add	r4, r24
    169e:	51 1c       	adc	r5, r1
/Users/leyry/Documents/Electronique/Thermonuino/main/modules/sonde/SondeUi.cpp:377
  const int16_t headY = centerY + vectorY / 2;
    16a0:	cf 01       	movw	r24, r30
    16a2:	b9 01       	movw	r22, r18
    16a4:	0e 94 83 15 	call	0x2b06	; 0x2b06 <__divmodhi4>
    16a8:	5b 01       	movw	r10, r22
    16aa:	9c e2       	ldi	r25, 0x2C	; 44
    16ac:	a9 0e       	add	r10, r25
    16ae:	b1 1c       	adc	r11, r1
/Users/leyry/Documents/Electronique/Thermonuino/main/modules/sonde/SondeUi.cpp:381
  const int16_t dx = headX - tailX;
  const int16_t dy = headY - tailY;

  if (segmentPixel(tailX, tailY, headX, headY, x, y, 2)) {
    16b0:	76 01       	movw	r14, r12
    16b2:	0e 81       	ldd	r16, Y+6	; 0x06
    16b4:	1f 81       	ldd	r17, Y+7	; 0x07
    16b6:	95 01       	movw	r18, r10
    16b8:	a2 01       	movw	r20, r4
    16ba:	b4 01       	movw	r22, r8
    16bc:	c3 01       	movw	r24, r6
    16be:	0e 94 9c 02 	call	0x538	; 0x538 <(anonymous namespace)::segmentPixel(int, int, int, int, unsigned int, unsigned int, int) [clone .constprop.30]>
    16c2:	81 11       	cpse	r24, r1
    16c4:	e7 ce       	rjmp	.-562    	; 0x1494 <sondeScreenPixel(unsigned int, unsigned int, void*)+0x118>
/Users/leyry/Documents/Electronique/Thermonuino/main/modules/sonde/SondeUi.cpp:378
  const int16_t vectorY = (-diff * 34) / 20;
  const int16_t tailX = centerX - vectorX / 2;
  const int16_t tailY = centerY - vectorY / 2;
  const int16_t headX = centerX + vectorX / 2;
  const int16_t headY = centerY + vectorY / 2;
  const int16_t dx = headX - tailX;
    16c6:	82 01       	movw	r16, r4
    16c8:	06 19       	sub	r16, r6
    16ca:	17 09       	sbc	r17, r7
/Users/leyry/Documents/Electronique/Thermonuino/main/modules/sonde/SondeUi.cpp:379
  const int16_t dy = headY - tailY;
    16cc:	95 01       	movw	r18, r10
    16ce:	28 19       	sub	r18, r8
    16d0:	39 09       	sbc	r19, r9
/Users/leyry/Documents/Electronique/Thermonuino/main/modules/sonde/SondeUi.cpp:385

  if (segmentPixel(tailX, tailY, headX, headY, x, y, 2)) {
    return true;
  }

  const int16_t backX = headX - (dx * 9) / 34;
    16d2:	47 ef       	ldi	r20, 0xF7	; 247
    16d4:	40 03       	mulsu	r20, r16
    16d6:	c0 01       	movw	r24, r0
    16d8:	41 9f       	mul	r20, r17
    16da:	90 0d       	add	r25, r0
    16dc:	11 24       	eor	r1, r1
    16de:	e2 e2       	ldi	r30, 0x22	; 34
    16e0:	f0 e0       	ldi	r31, 0x00	; 0
    16e2:	bf 01       	movw	r22, r30
    16e4:	0e 94 83 15 	call	0x2b06	; 0x2b06 <__divmodhi4>
    16e8:	cb 01       	movw	r24, r22
    16ea:	84 0d       	add	r24, r4
    16ec:	95 1d       	adc	r25, r5
    16ee:	9b 83       	std	Y+3, r25	; 0x03
    16f0:	8a 83       	std	Y+2, r24	; 0x02
/Users/leyry/Documents/Electronique/Thermonuino/main/modules/sonde/SondeUi.cpp:386
  const int16_t backY = headY - (dy * 9) / 34;
    16f2:	42 03       	mulsu	r20, r18
    16f4:	c0 01       	movw	r24, r0
    16f6:	43 9f       	mul	r20, r19
    16f8:	90 0d       	add	r25, r0
    16fa:	11 24       	eor	r1, r1
    16fc:	bf 01       	movw	r22, r30
    16fe:	0e 94 83 15 	call	0x2b06	; 0x2b06 <__divmodhi4>
    1702:	ab 01       	movw	r20, r22
    1704:	4a 0d       	add	r20, r10
    1706:	5b 1d       	adc	r21, r11
    1708:	5d 83       	std	Y+5, r21	; 0x05
    170a:	4c 83       	std	Y+4, r20	; 0x04
/Users/leyry/Documents/Electronique/Thermonuino/main/modules/sonde/SondeUi.cpp:387
  const int16_t perpX = (-dy * 5) / 34;
    170c:	4b ef       	ldi	r20, 0xFB	; 251
    170e:	42 03       	mulsu	r20, r18
    1710:	c0 01       	movw	r24, r0
    1712:	43 9f       	mul	r20, r19
    1714:	90 0d       	add	r25, r0
    1716:	11 24       	eor	r1, r1
    1718:	bf 01       	movw	r22, r30
    171a:	0e 94 83 15 	call	0x2b06	; 0x2b06 <__divmodhi4>
    171e:	3b 01       	movw	r6, r22
/Users/leyry/Documents/Electronique/Thermonuino/main/modules/sonde/SondeUi.cpp:388
  const int16_t perpY = (dx * 5) / 34;
    1720:	25 e0       	ldi	r18, 0x05	; 5
    1722:	20 9f       	mul	r18, r16
    1724:	c0 01       	movw	r24, r0
    1726:	21 9f       	mul	r18, r17
    1728:	90 0d       	add	r25, r0
    172a:	11 24       	eor	r1, r1
    172c:	bf 01       	movw	r22, r30
    172e:	0e 94 83 15 	call	0x2b06	; 0x2b06 <__divmodhi4>
    1732:	4b 01       	movw	r8, r22
/Users/leyry/Documents/Electronique/Thermonuino/main/modules/sonde/SondeUi.cpp:389
  return segmentPixel(headX, headY, backX + perpX, backY + perpY, x, y, 2) ||
    1734:	2c 81       	ldd	r18, Y+4	; 0x04
    1736:	3d 81       	ldd	r19, Y+5	; 0x05
    1738:	26 0f       	add	r18, r22
    173a:	37 1f       	adc	r19, r23
    173c:	4a 81       	ldd	r20, Y+2	; 0x02
    173e:	5b 81       	ldd	r21, Y+3	; 0x03
    1740:	46 0d       	add	r20, r6
    1742:	57 1d       	adc	r21, r7
    1744:	0e 81       	ldd	r16, Y+6	; 0x06
    1746:	1f 81       	ldd	r17, Y+7	; 0x07
    1748:	b5 01       	movw	r22, r10
    174a:	c2 01       	movw	r24, r4
    174c:	0e 94 9c 02 	call	0x538	; 0x538 <(anonymous namespace)::segmentPixel(int, int, int, int, unsigned int, unsigned int, int) [clone .constprop.30]>
    1750:	81 11       	cpse	r24, r1
    1752:	a0 ce       	rjmp	.-704    	; 0x1494 <sondeScreenPixel(unsigned int, unsigned int, void*)+0x118>
/Users/leyry/Documents/Electronique/Thermonuino/main/modules/sonde/SondeUi.cpp:390
      segmentPixel(headX, headY, backX - perpX, backY - perpY, x, y, 2);
    1754:	2c 81       	ldd	r18, Y+4	; 0x04
    1756:	3d 81       	ldd	r19, Y+5	; 0x05
    1758:	28 19       	sub	r18, r8
    175a:	39 09       	sbc	r19, r9
    175c:	4a 81       	ldd	r20, Y+2	; 0x02
    175e:	5b 81       	ldd	r21, Y+3	; 0x03
    1760:	46 19       	sub	r20, r6
    1762:	57 09       	sbc	r21, r7
    1764:	b5 01       	movw	r22, r10
    1766:	c2 01       	movw	r24, r4
    1768:	0e 94 9c 02 	call	0x538	; 0x538 <(anonymous namespace)::segmentPixel(int, int, int, int, unsigned int, unsigned int, int) [clone .constprop.30]>
/Users/leyry/Documents/Electronique/Thermonuino/main/modules/sonde/SondeUi.cpp:389

  const int16_t backX = headX - (dx * 9) / 34;
  const int16_t backY = headY - (dy * 9) / 34;
  const int16_t perpX = (-dy * 5) / 34;
  const int16_t perpY = (dx * 5) / 34;
  return segmentPixel(headX, headY, backX + perpX, backY + perpY, x, y, 2) ||
    176c:	81 11       	cpse	r24, r1
    176e:	92 ce       	rjmp	.-732    	; 0x1494 <sondeScreenPixel(unsigned int, unsigned int, void*)+0x118>
_Z16sondeScreenPixeljjPv():
/Users/leyry/Documents/Electronique/Thermonuino/main/modules/sonde/SondeUi.cpp:426
  if (state->setpointEditing) {
    return segmentedTempPixel(state->setpointDeciC, true, 75, 23, x, y);
  }

  return arrowToTemperaturePixel(state, x, y) ||
      segmentedTempPixel(state->currentTempDeciC, state->currentTempKnown, 75, 23, x, y);
    1770:	96 01       	movw	r18, r12
    1772:	a8 01       	movw	r20, r16
    1774:	69 81       	ldd	r22, Y+1	; 0x01
    1776:	f1 01       	movw	r30, r2
    1778:	81 81       	ldd	r24, Z+1	; 0x01
    177a:	92 81       	ldd	r25, Z+2	; 0x02
    177c:	2f cf       	rjmp	.-418    	; 0x15dc <sondeScreenPixel(unsigned int, unsigned int, void*)+0x260>
/Users/leyry/Documents/Electronique/Thermonuino/main/modules/sonde/SondeUi.cpp:401
  UiState *state = (UiState *)context;

  if (x == 0 || y == 0 ||
      x == ThermioEink097::FrontWidth - 1 ||
      y == ThermioEink097::FrontHeight - 1) {
    return true;
    177e:	81 e0       	ldi	r24, 0x01	; 1
    1780:	89 ce       	rjmp	.-750    	; 0x1494 <sondeScreenPixel(unsigned int, unsigned int, void*)+0x118>

00001782 <ThermioEink097::writeRamImage(unsigned char, bool (*)(unsigned int, unsigned int, void*), void*) [clone .constprop.11]>:
_ZN14ThermioEink09713writeRamImageEhPFbjjPvES0_.constprop.11():
/Users/leyry/Documents/Electronique/Thermonuino/main/modules/sonde/graphics/ThermioEink097.h:263
    command(0x21);
    data(0x00);
    data(0x80);
  }

  void writeRamImage(uint8_t ramCommand, PixelReader reader, void *context) {
    1782:	af 92       	push	r10
    1784:	bf 92       	push	r11
    1786:	df 92       	push	r13
    1788:	ef 92       	push	r14
    178a:	ff 92       	push	r15
    178c:	0f 93       	push	r16
    178e:	1f 93       	push	r17
    1790:	cf 93       	push	r28
    1792:	df 93       	push	r29
    1794:	c8 2f       	mov	r28, r24
/Users/leyry/Documents/Electronique/Thermonuino/main/modules/sonde/graphics/ThermioEink097.h:264
    setRamArea();
    1796:	0e 94 3e 07 	call	0xe7c	; 0xe7c <ThermioEink097::setRamArea() [clone .constprop.16]>
/Users/leyry/Documents/Electronique/Thermonuino/main/modules/sonde/graphics/ThermioEink097.h:265
    setRamPointer(0, RamHeight - 1);
    179a:	67 eb       	ldi	r22, 0xB7	; 183
    179c:	70 e0       	ldi	r23, 0x00	; 0
    179e:	80 e0       	ldi	r24, 0x00	; 0
    17a0:	0e 94 56 07 	call	0xeac	; 0xeac <ThermioEink097::setRamPointer(unsigned char, unsigned int) [clone .constprop.15]>
/Users/leyry/Documents/Electronique/Thermonuino/main/modules/sonde/graphics/ThermioEink097.h:266
    command(ramCommand);
    17a4:	8c 2f       	mov	r24, r28
    17a6:	0e 94 06 07 	call	0xe0c	; 0xe0c <ThermioEink097::command(unsigned char) [clone .constprop.19]>
/Users/leyry/Documents/Electronique/Thermonuino/main/modules/sonde/graphics/ThermioEink097.h:267
    for (uint16_t ramY = 0; ramY < RamHeight; ramY++) {
    17aa:	10 e0       	ldi	r17, 0x00	; 0
    17ac:	00 e0       	ldi	r16, 0x00	; 0
/Users/leyry/Documents/Electronique/Thermonuino/main/modules/sonde/graphics/ThermioEink097.h:276
          const uint16_t ramX = (uint16_t)ramXByte * 8 + bit;
          uint16_t frontX;
          uint16_t frontY;
          mapRamToReadableFront(ramX, ramY, frontX, frontY);
          if (reader && reader(frontX, frontY, context)) {
            value &= ~(0x80 >> bit);
    17ae:	80 e8       	ldi	r24, 0x80	; 128
    17b0:	a8 2e       	mov	r10, r24
    17b2:	b1 2c       	mov	r11, r1
/Users/leyry/Documents/Electronique/Thermonuino/main/modules/sonde/graphics/ThermioEink097.h:267

  void writeRamImage(uint8_t ramCommand, PixelReader reader, void *context) {
    setRamArea();
    setRamPointer(0, RamHeight - 1);
    command(ramCommand);
    for (uint16_t ramY = 0; ramY < RamHeight; ramY++) {
    17b4:	f1 2c       	mov	r15, r1
    17b6:	e1 2c       	mov	r14, r1
    17b8:	d0 e0       	ldi	r29, 0x00	; 0
    17ba:	c0 e0       	ldi	r28, 0x00	; 0
/Users/leyry/Documents/Electronique/Thermonuino/main/modules/sonde/graphics/ThermioEink097.h:269
      for (uint8_t ramXByte = 0; ramXByte < RamWidthBytes; ramXByte++) {
        uint8_t value = 0xFF;
    17bc:	dd 24       	eor	r13, r13
    17be:	da 94       	dec	r13
/Users/leyry/Documents/Electronique/Thermonuino/main/modules/sonde/graphics/ThermioEink097.h:275
        for (uint8_t bit = 0; bit < 8; bit++) {
          const uint16_t ramX = (uint16_t)ramXByte * 8 + bit;
          uint16_t frontX;
          uint16_t frontY;
          mapRamToReadableFront(ramX, ramY, frontX, frontY);
          if (reader && reader(frontX, frontY, context)) {
    17c0:	40 e0       	ldi	r20, 0x00	; 0
    17c2:	51 e0       	ldi	r21, 0x01	; 1
    17c4:	be 01       	movw	r22, r28
    17c6:	6e 0d       	add	r22, r14
    17c8:	7f 1d       	adc	r23, r15
    17ca:	c8 01       	movw	r24, r16
    17cc:	0e 94 be 09 	call	0x137c	; 0x137c <sondeScreenPixel(unsigned int, unsigned int, void*)>
    17d0:	88 23       	and	r24, r24
    17d2:	49 f0       	breq	.+18     	; 0x17e6 <ThermioEink097::writeRamImage(unsigned char, bool (*)(unsigned int, unsigned int, void*), void*) [clone .constprop.11]+0x64>
/Users/leyry/Documents/Electronique/Thermonuino/main/modules/sonde/graphics/ThermioEink097.h:276
            value &= ~(0x80 >> bit);
    17d4:	c5 01       	movw	r24, r10
    17d6:	0c 2e       	mov	r0, r28
    17d8:	02 c0       	rjmp	.+4      	; 0x17de <ThermioEink097::writeRamImage(unsigned char, bool (*)(unsigned int, unsigned int, void*), void*) [clone .constprop.11]+0x5c>
    17da:	95 95       	asr	r25
    17dc:	87 95       	ror	r24
    17de:	0a 94       	dec	r0
    17e0:	e2 f7       	brpl	.-8      	; 0x17da <ThermioEink097::writeRamImage(unsigned char, bool (*)(unsigned int, unsigned int, void*), void*) [clone .constprop.11]+0x58>
    17e2:	80 95       	com	r24
    17e4:	d8 22       	and	r13, r24
    17e6:	21 96       	adiw	r28, 0x01	; 1
/Users/leyry/Documents/Electronique/Thermonuino/main/modules/sonde/graphics/ThermioEink097.h:270
    setRamPointer(0, RamHeight - 1);
    command(ramCommand);
    for (uint16_t ramY = 0; ramY < RamHeight; ramY++) {
      for (uint8_t ramXByte = 0; ramXByte < RamWidthBytes; ramXByte++) {
        uint8_t value = 0xFF;
        for (uint8_t bit = 0; bit < 8; bit++) {
    17e8:	c8 30       	cpi	r28, 0x08	; 8
    17ea:	d1 05       	cpc	r29, r1
    17ec:	49 f7       	brne	.-46     	; 0x17c0 <ThermioEink097::writeRamImage(unsigned char, bool (*)(unsigned int, unsigned int, void*), void*) [clone .constprop.11]+0x3e>
/Users/leyry/Documents/Electronique/Thermonuino/main/modules/sonde/graphics/ThermioEink097.h:279
          mapRamToReadableFront(ramX, ramY, frontX, frontY);
          if (reader && reader(frontX, frontY, context)) {
            value &= ~(0x80 >> bit);
          }
        }
        data(value);
    17ee:	8d 2d       	mov	r24, r13
    17f0:	0e 94 22 07 	call	0xe44	; 0xe44 <ThermioEink097::data(unsigned char) [clone .constprop.18]>
    17f4:	88 e0       	ldi	r24, 0x08	; 8
    17f6:	e8 0e       	add	r14, r24
    17f8:	f1 1c       	adc	r15, r1
/Users/leyry/Documents/Electronique/Thermonuino/main/modules/sonde/graphics/ThermioEink097.h:268
  void writeRamImage(uint8_t ramCommand, PixelReader reader, void *context) {
    setRamArea();
    setRamPointer(0, RamHeight - 1);
    command(ramCommand);
    for (uint16_t ramY = 0; ramY < RamHeight; ramY++) {
      for (uint8_t ramXByte = 0; ramXByte < RamWidthBytes; ramXByte++) {
    17fa:	28 e5       	ldi	r18, 0x58	; 88
    17fc:	e2 16       	cp	r14, r18
    17fe:	f1 04       	cpc	r15, r1
    1800:	d9 f6       	brne	.-74     	; 0x17b8 <ThermioEink097::writeRamImage(unsigned char, bool (*)(unsigned int, unsigned int, void*), void*) [clone .constprop.11]+0x36>
/Users/leyry/Documents/Electronique/Thermonuino/main/modules/sonde/graphics/ThermioEink097.h:267

  void writeRamImage(uint8_t ramCommand, PixelReader reader, void *context) {
    setRamArea();
    setRamPointer(0, RamHeight - 1);
    command(ramCommand);
    for (uint16_t ramY = 0; ramY < RamHeight; ramY++) {
    1802:	0f 5f       	subi	r16, 0xFF	; 255
    1804:	1f 4f       	sbci	r17, 0xFF	; 255
    1806:	08 3b       	cpi	r16, 0xB8	; 184
    1808:	11 05       	cpc	r17, r1
    180a:	a1 f6       	brne	.-88     	; 0x17b4 <ThermioEink097::writeRamImage(unsigned char, bool (*)(unsigned int, unsigned int, void*), void*) [clone .constprop.11]+0x32>
/Users/leyry/Documents/Electronique/Thermonuino/main/modules/sonde/graphics/ThermioEink097.h:282
          }
        }
        data(value);
      }
    }
  }
    180c:	df 91       	pop	r29
    180e:	cf 91       	pop	r28
    1810:	1f 91       	pop	r17
    1812:	0f 91       	pop	r16
    1814:	ff 90       	pop	r15
    1816:	ef 90       	pop	r14
    1818:	df 90       	pop	r13
    181a:	bf 90       	pop	r11
    181c:	af 90       	pop	r10
    181e:	08 95       	ret

00001820 <updateDisplay()>:
_Z13updateDisplayv():
/Users/leyry/Documents/Electronique/Thermonuino/main/modules/sonde/sonde.ino:164
  criticalBatteryReportUntilAt = now + CRITICAL_BATTERY_REPORT_MS;
  ui.page = UI_PAGE_BATTERY_DEAD;
  return true;
}

void updateDisplay() {
    1820:	cf 93       	push	r28
ledOn():
/Users/leyry/Documents/Electronique/Thermonuino/main/modules/sonde/sonde.ino:94
bool armSetpointEditTimeoutAfterRefresh = false;
bool batteryTerminalMode = false;
bool startupTerminalMode = false;

void ledOn() {
  digitalWrite(PIN_LED, HIGH);
    1822:	61 e0       	ldi	r22, 0x01	; 1
    1824:	85 e0       	ldi	r24, 0x05	; 5
    1826:	0e 94 a3 04 	call	0x946	; 0x946 <digitalWrite>
_Z13updateDisplayv():
/Users/leyry/Documents/Electronique/Thermonuino/main/modules/sonde/sonde.ino:166
  return true;
}

void updateDisplay() {
  ledOn();
  isolateRfSpi();
    182a:	0e 94 ea 06 	call	0xdd4	; 0xdd4 <isolateRfSpi()>
/Users/leyry/Documents/Electronique/Thermonuino/main/modules/sonde/sonde.ino:167
  syncUiFromDataService();
    182e:	0e 94 9e 06 	call	0xd3c	; 0xd3c <syncUiFromDataService()>
init():
/Users/leyry/Documents/Electronique/Thermonuino/main/modules/sonde/graphics/ThermioEink097.h:47
    digitalWrite(pins_.rst, HIGH);
    digitalWrite(pins_.rfCsn, HIGH);
  }

  bool init(uint32_t busyTimeoutMs = DefaultBusyTimeoutMs) {
    reset();
    1832:	83 e5       	ldi	r24, 0x53	; 83
    1834:	93 e0       	ldi	r25, 0x03	; 3
    1836:	0e 94 7b 06 	call	0xcf6	; 0xcf6 <ThermioEink097::reset() [clone .isra.1]>
/Users/leyry/Documents/Electronique/Thermonuino/main/modules/sonde/graphics/ThermioEink097.h:49

    SPI.beginTransaction(settings_);
    183a:	80 91 56 03 	lds	r24, 0x0356	; 0x800356 <eink+0x5>
    183e:	90 91 57 03 	lds	r25, 0x0357	; 0x800357 <eink+0x6>
    1842:	0e 94 b0 07 	call	0xf60	; 0xf60 <SPIClass::beginTransaction(SPISettings)>
/Users/leyry/Documents/Electronique/Thermonuino/main/modules/sonde/graphics/ThermioEink097.h:50
    command(0x12);
    1846:	82 e1       	ldi	r24, 0x12	; 18
    1848:	0e 94 06 07 	call	0xe0c	; 0xe0c <ThermioEink097::command(unsigned char) [clone .constprop.19]>
/Users/leyry/Documents/Electronique/Thermonuino/main/modules/sonde/graphics/ThermioEink097.h:51
    const bool swResetOk = waitBusyLow(busyTimeoutMs);
    184c:	84 e5       	ldi	r24, 0x54	; 84
    184e:	93 e0       	ldi	r25, 0x03	; 3
    1850:	0e 94 95 05 	call	0xb2a	; 0xb2a <ThermioEink097::waitBusyLow(unsigned long) [clone .isra.2] [clone .constprop.27]>
    1854:	c8 2f       	mov	r28, r24
configureBase():
/Users/leyry/Documents/Electronique/Thermonuino/main/modules/sonde/graphics/ThermioEink097.h:244
    data(y >> 8);
  }

  void configureBase() {
    // GoodDisplay GDEM0097T61 official RAM geometry: 88 x 184.
    command(0x01);
    1856:	81 e0       	ldi	r24, 0x01	; 1
    1858:	0e 94 06 07 	call	0xe0c	; 0xe0c <ThermioEink097::command(unsigned char) [clone .constprop.19]>
/Users/leyry/Documents/Electronique/Thermonuino/main/modules/sonde/graphics/ThermioEink097.h:245
    data((RamHeight - 1) & 0xFF);
    185c:	87 eb       	ldi	r24, 0xB7	; 183
    185e:	0e 94 22 07 	call	0xe44	; 0xe44 <ThermioEink097::data(unsigned char) [clone .constprop.18]>
/Users/leyry/Documents/Electronique/Thermonuino/main/modules/sonde/graphics/ThermioEink097.h:246
    data((RamHeight - 1) >> 8);
    1862:	80 e0       	ldi	r24, 0x00	; 0
    1864:	0e 94 22 07 	call	0xe44	; 0xe44 <ThermioEink097::data(unsigned char) [clone .constprop.18]>
/Users/leyry/Documents/Electronique/Thermonuino/main/modules/sonde/graphics/ThermioEink097.h:247
    data(0x00);
    1868:	80 e0       	ldi	r24, 0x00	; 0
    186a:	0e 94 22 07 	call	0xe44	; 0xe44 <ThermioEink097::data(unsigned char) [clone .constprop.18]>
/Users/leyry/Documents/Electronique/Thermonuino/main/modules/sonde/graphics/ThermioEink097.h:249

    command(0x11);
    186e:	81 e1       	ldi	r24, 0x11	; 17
    1870:	0e 94 06 07 	call	0xe0c	; 0xe0c <ThermioEink097::command(unsigned char) [clone .constprop.19]>
/Users/leyry/Documents/Electronique/Thermonuino/main/modules/sonde/graphics/ThermioEink097.h:250
    data(0x01);
    1874:	81 e0       	ldi	r24, 0x01	; 1
    1876:	0e 94 22 07 	call	0xe44	; 0xe44 <ThermioEink097::data(unsigned char) [clone .constprop.18]>
/Users/leyry/Documents/Electronique/Thermonuino/main/modules/sonde/graphics/ThermioEink097.h:252

    setRamArea();
    187a:	0e 94 3e 07 	call	0xe7c	; 0xe7c <ThermioEink097::setRamArea() [clone .constprop.16]>
/Users/leyry/Documents/Electronique/Thermonuino/main/modules/sonde/graphics/ThermioEink097.h:253
    setRamPointer(0, RamHeight - 1);
    187e:	67 eb       	ldi	r22, 0xB7	; 183
    1880:	70 e0       	ldi	r23, 0x00	; 0
    1882:	80 e0       	ldi	r24, 0x00	; 0
    1884:	0e 94 56 07 	call	0xeac	; 0xeac <ThermioEink097::setRamPointer(unsigned char, unsigned int) [clone .constprop.15]>
/Users/leyry/Documents/Electronique/Thermonuino/main/modules/sonde/graphics/ThermioEink097.h:255

    command(0x18);
    1888:	88 e1       	ldi	r24, 0x18	; 24
    188a:	0e 94 06 07 	call	0xe0c	; 0xe0c <ThermioEink097::command(unsigned char) [clone .constprop.19]>
/Users/leyry/Documents/Electronique/Thermonuino/main/modules/sonde/graphics/ThermioEink097.h:256
    data(0x80);
    188e:	80 e8       	ldi	r24, 0x80	; 128
    1890:	0e 94 22 07 	call	0xe44	; 0xe44 <ThermioEink097::data(unsigned char) [clone .constprop.18]>
/Users/leyry/Documents/Electronique/Thermonuino/main/modules/sonde/graphics/ThermioEink097.h:258

    command(0x21);
    1894:	81 e2       	ldi	r24, 0x21	; 33
    1896:	0e 94 06 07 	call	0xe0c	; 0xe0c <ThermioEink097::command(unsigned char) [clone .constprop.19]>
/Users/leyry/Documents/Electronique/Thermonuino/main/modules/sonde/graphics/ThermioEink097.h:259
    data(0x00);
    189a:	80 e0       	ldi	r24, 0x00	; 0
    189c:	0e 94 22 07 	call	0xe44	; 0xe44 <ThermioEink097::data(unsigned char) [clone .constprop.18]>
/Users/leyry/Documents/Electronique/Thermonuino/main/modules/sonde/graphics/ThermioEink097.h:260
    data(0x80);
    18a0:	80 e8       	ldi	r24, 0x80	; 128
    18a2:	0e 94 22 07 	call	0xe44	; 0xe44 <ThermioEink097::data(unsigned char) [clone .constprop.18]>
init():
/Users/leyry/Documents/Electronique/Thermonuino/main/modules/sonde/graphics/ThermioEink097.h:54
    SPI.beginTransaction(settings_);
    command(0x12);
    const bool swResetOk = waitBusyLow(busyTimeoutMs);

    configureBase();
    command(0x3C);
    18a6:	8c e3       	ldi	r24, 0x3C	; 60
    18a8:	0e 94 06 07 	call	0xe0c	; 0xe0c <ThermioEink097::command(unsigned char) [clone .constprop.19]>
/Users/leyry/Documents/Electronique/Thermonuino/main/modules/sonde/graphics/ThermioEink097.h:55
    data(0x05);
    18ac:	85 e0       	ldi	r24, 0x05	; 5
    18ae:	0e 94 22 07 	call	0xe44	; 0xe44 <ThermioEink097::data(unsigned char) [clone .constprop.18]>
_Z13updateDisplayv():
/Users/leyry/Documents/Electronique/Thermonuino/main/modules/sonde/sonde.ino:170

  const bool initOk = eink.init();
  ui.displayOk = initOk && lastDisplayOk;
    18b2:	80 91 95 02 	lds	r24, 0x0295	; 0x800295 <lastDisplayOk>
    18b6:	c1 11       	cpse	r28, r1
    18b8:	01 c0       	rjmp	.+2      	; 0x18bc <updateDisplay()+0x9c>
    18ba:	80 e0       	ldi	r24, 0x00	; 0
    18bc:	80 93 0d 01 	sts	0x010D, r24	; 0x80010d <__data_start+0xd>
/Users/leyry/Documents/Electronique/Thermonuino/main/modules/sonde/sonde.ino:171
  markDisplaySendStart();
    18c0:	0e 94 f2 06 	call	0xde4	; 0xde4 <markDisplaySendStart()>
writeFrontImage():
/Users/leyry/Documents/Electronique/Thermonuino/main/modules/sonde/graphics/ThermioEink097.h:64
  }

  bool writeFrontImage(PixelReader reader,
                       void *context,
                       uint32_t busyTimeoutMs = DefaultBusyTimeoutMs) {
    SPI.beginTransaction(settings_);
    18c4:	80 91 56 03 	lds	r24, 0x0356	; 0x800356 <eink+0x5>
    18c8:	90 91 57 03 	lds	r25, 0x0357	; 0x800357 <eink+0x6>
    18cc:	0e 94 b0 07 	call	0xf60	; 0xf60 <SPIClass::beginTransaction(SPISettings)>
/Users/leyry/Documents/Electronique/Thermonuino/main/modules/sonde/graphics/ThermioEink097.h:65
    writeRamImage(0x26, reader, context);
    18d0:	86 e2       	ldi	r24, 0x26	; 38
    18d2:	0e 94 c1 0b 	call	0x1782	; 0x1782 <ThermioEink097::writeRamImage(unsigned char, bool (*)(unsigned int, unsigned int, void*), void*) [clone .constprop.11]>
/Users/leyry/Documents/Electronique/Thermonuino/main/modules/sonde/graphics/ThermioEink097.h:66
    writeRamImage(0x24, reader, context);
    18d6:	84 e2       	ldi	r24, 0x24	; 36
    18d8:	0e 94 c1 0b 	call	0x1782	; 0x1782 <ThermioEink097::writeRamImage(unsigned char, bool (*)(unsigned int, unsigned int, void*), void*) [clone .constprop.11]>
refreshInsideTransaction():
/Users/leyry/Documents/Electronique/Thermonuino/main/modules/sonde/graphics/ThermioEink097.h:329
    }

  }

  bool refreshInsideTransaction(uint8_t updateControl, uint32_t busyTimeoutMs) {
    command(0x22);
    18dc:	82 e2       	ldi	r24, 0x22	; 34
    18de:	0e 94 06 07 	call	0xe0c	; 0xe0c <ThermioEink097::command(unsigned char) [clone .constprop.19]>
/Users/leyry/Documents/Electronique/Thermonuino/main/modules/sonde/graphics/ThermioEink097.h:330
    data(updateControl);
    18e2:	87 ef       	ldi	r24, 0xF7	; 247
    18e4:	0e 94 22 07 	call	0xe44	; 0xe44 <ThermioEink097::data(unsigned char) [clone .constprop.18]>
/Users/leyry/Documents/Electronique/Thermonuino/main/modules/sonde/graphics/ThermioEink097.h:331
    command(0x20);
    18e8:	80 e2       	ldi	r24, 0x20	; 32
    18ea:	0e 94 06 07 	call	0xe0c	; 0xe0c <ThermioEink097::command(unsigned char) [clone .constprop.19]>
/Users/leyry/Documents/Electronique/Thermonuino/main/modules/sonde/graphics/ThermioEink097.h:332
    return waitBusyLow(busyTimeoutMs);
    18ee:	84 e5       	ldi	r24, 0x54	; 84
    18f0:	93 e0       	ldi	r25, 0x03	; 3
    18f2:	0e 94 95 05 	call	0xb2a	; 0xb2a <ThermioEink097::waitBusyLow(unsigned long) [clone .isra.2] [clone .constprop.27]>
_Z13updateDisplayv():
/Users/leyry/Documents/Electronique/Thermonuino/main/modules/sonde/sonde.ino:174
  const bool refreshOk = eink.writeFrontImage(sondeScreenPixel, &ui);

  lastDisplayOk = initOk && refreshOk;
    18f6:	c1 11       	cpse	r28, r1
    18f8:	01 c0       	rjmp	.+2      	; 0x18fc <updateDisplay()+0xdc>
    18fa:	80 e0       	ldi	r24, 0x00	; 0
    18fc:	80 93 95 02 	sts	0x0295, r24	; 0x800295 <lastDisplayOk>
/Users/leyry/Documents/Electronique/Thermonuino/main/modules/sonde/sonde.ino:175
  ui.displayOk = lastDisplayOk;
    1900:	80 93 0d 01 	sts	0x010D, r24	; 0x80010d <__data_start+0xd>
/Users/leyry/Documents/Electronique/Thermonuino/main/modules/sonde/sonde.ino:176
  if (lastDisplayOk) {
    1904:	88 23       	and	r24, r24
    1906:	19 f1       	breq	.+70     	; 0x194e <updateDisplay()+0x12e>
/Users/leyry/Documents/Electronique/Thermonuino/main/modules/sonde/sonde.ino:177
    displayedUi = ui;
    1908:	84 e1       	ldi	r24, 0x14	; 20
    190a:	e0 e0       	ldi	r30, 0x00	; 0
    190c:	f1 e0       	ldi	r31, 0x01	; 1
    190e:	a8 ef       	ldi	r26, 0xF8	; 248
    1910:	b2 e0       	ldi	r27, 0x02	; 2
    1912:	01 90       	ld	r0, Z+
    1914:	0d 92       	st	X+, r0
    1916:	8a 95       	dec	r24
    1918:	e1 f7       	brne	.-8      	; 0x1912 <updateDisplay()+0xf2>
/Users/leyry/Documents/Electronique/Thermonuino/main/modules/sonde/sonde.ino:178
    if (armSetpointEditTimeoutAfterRefresh && ui.setpointEditing) {
    191a:	80 91 94 02 	lds	r24, 0x0294	; 0x800294 <armSetpointEditTimeoutAfterRefresh>
    191e:	88 23       	and	r24, r24
    1920:	a1 f0       	breq	.+40     	; 0x194a <updateDisplay()+0x12a>
    1922:	80 91 13 01 	lds	r24, 0x0113	; 0x800113 <__data_start+0x13>
    1926:	88 23       	and	r24, r24
    1928:	81 f0       	breq	.+32     	; 0x194a <updateDisplay()+0x12a>
/Users/leyry/Documents/Electronique/Thermonuino/main/modules/sonde/sonde.ino:179
      setpointEditUntilAt = millis() + SETPOINT_EDIT_TIMEOUT_MS;
    192a:	0e 94 64 05 	call	0xac8	; 0xac8 <millis>
    192e:	68 54       	subi	r22, 0x48	; 72
    1930:	74 4f       	sbci	r23, 0xF4	; 244
    1932:	8f 4f       	sbci	r24, 0xFF	; 255
    1934:	9f 4f       	sbci	r25, 0xFF	; 255
    1936:	60 93 90 02 	sts	0x0290, r22	; 0x800290 <setpointEditUntilAt>
    193a:	70 93 91 02 	sts	0x0291, r23	; 0x800291 <setpointEditUntilAt+0x1>
    193e:	80 93 92 02 	sts	0x0292, r24	; 0x800292 <setpointEditUntilAt+0x2>
    1942:	90 93 93 02 	sts	0x0293, r25	; 0x800293 <setpointEditUntilAt+0x3>
/Users/leyry/Documents/Electronique/Thermonuino/main/modules/sonde/sonde.ino:180
      armSetpointEditTimeoutAfterRefresh = false;
    1946:	10 92 94 02 	sts	0x0294, r1	; 0x800294 <armSetpointEditTimeoutAfterRefresh>
/Users/leyry/Documents/Electronique/Thermonuino/main/modules/sonde/sonde.ino:182
    }
    ledOff();
    194a:	0e 94 ee 06 	call	0xddc	; 0xddc <ledOff()>
/Users/leyry/Documents/Electronique/Thermonuino/main/modules/sonde/sonde.ino:185
  }
  eink.sleep();
}
    194e:	cf 91       	pop	r28
/Users/leyry/Documents/Electronique/Thermonuino/main/modules/sonde/sonde.ino:184
      setpointEditUntilAt = millis() + SETPOINT_EDIT_TIMEOUT_MS;
      armSetpointEditTimeoutAfterRefresh = false;
    }
    ledOff();
  }
  eink.sleep();
    1950:	0c 94 b3 07 	jmp	0xf66	; 0xf66 <ThermioEink097::sleep() [clone .constprop.17]>

00001954 <ThermioEink097::writeRamImageWindow(unsigned char, bool (*)(unsigned int, unsigned int, void*), void*, unsigned int, unsigned int, unsigned int, unsigned int) [clone .constprop.10]>:
_ZN14ThermioEink09719writeRamImageWindowEhPFbjjPvES0_jjjj.constprop.10():
/Users/leyry/Documents/Electronique/Thermonuino/main/modules/sonde/graphics/ThermioEink097.h:284
        data(value);
      }
    }
  }

  void writeRamImageWindow(uint8_t ramCommand,
    1954:	4f 92       	push	r4
    1956:	5f 92       	push	r5
    1958:	6f 92       	push	r6
    195a:	7f 92       	push	r7
    195c:	8f 92       	push	r8
    195e:	9f 92       	push	r9
    1960:	af 92       	push	r10
    1962:	bf 92       	push	r11
    1964:	cf 92       	push	r12
    1966:	df 92       	push	r13
    1968:	ef 92       	push	r14
    196a:	ff 92       	push	r15
    196c:	0f 93       	push	r16
    196e:	1f 93       	push	r17
    1970:	cf 93       	push	r28
    1972:	df 93       	push	r29
    1974:	98 2e       	mov	r9, r24
    1976:	6b 01       	movw	r12, r22
    1978:	ea 01       	movw	r28, r20
/Users/leyry/Documents/Electronique/Thermonuino/main/modules/sonde/graphics/ThermioEink097.h:294
                           uint16_t frontW,
                           uint16_t frontH) {
    const uint16_t ramXMin = frontY;
    const uint16_t ramXMax = frontY + frontH - 1;
    const uint16_t ramYMin = frontX;
    const uint16_t ramYMax = frontX + frontW - 1;
    197a:	01 50       	subi	r16, 0x01	; 1
    197c:	11 09       	sbc	r17, r1
    197e:	04 0f       	add	r16, r20
    1980:	15 1f       	adc	r17, r21
/Users/leyry/Documents/Electronique/Thermonuino/main/modules/sonde/graphics/ThermioEink097.h:295
    const uint8_t ramXByteStart = ramXMin / 8;
    1982:	59 01       	movw	r10, r18
    1984:	83 e0       	ldi	r24, 0x03	; 3
    1986:	b6 94       	lsr	r11
    1988:	a7 94       	ror	r10
    198a:	8a 95       	dec	r24
    198c:	e1 f7       	brne	.-8      	; 0x1986 <ThermioEink097::writeRamImageWindow(unsigned char, bool (*)(unsigned int, unsigned int, void*), void*, unsigned int, unsigned int, unsigned int, unsigned int) [clone .constprop.10]+0x32>
    198e:	7a 2c       	mov	r7, r10
/Users/leyry/Documents/Electronique/Thermonuino/main/modules/sonde/graphics/ThermioEink097.h:292
                           uint16_t frontX,
                           uint16_t frontY,
                           uint16_t frontW,
                           uint16_t frontH) {
    const uint16_t ramXMin = frontY;
    const uint16_t ramXMax = frontY + frontH - 1;
    1990:	81 e0       	ldi	r24, 0x01	; 1
    1992:	e8 1a       	sub	r14, r24
    1994:	f1 08       	sbc	r15, r1
    1996:	e2 0e       	add	r14, r18
    1998:	f3 1e       	adc	r15, r19
/Users/leyry/Documents/Electronique/Thermonuino/main/modules/sonde/graphics/ThermioEink097.h:296
    const uint16_t ramYMin = frontX;
    const uint16_t ramYMax = frontX + frontW - 1;
    const uint8_t ramXByteStart = ramXMin / 8;
    const uint8_t ramXByteEnd = ramXMax / 8;
    199a:	93 e0       	ldi	r25, 0x03	; 3
    199c:	f6 94       	lsr	r15
    199e:	e7 94       	ror	r14
    19a0:	9a 95       	dec	r25
    19a2:	e1 f7       	brne	.-8      	; 0x199c <ThermioEink097::writeRamImageWindow(unsigned char, bool (*)(unsigned int, unsigned int, void*), void*, unsigned int, unsigned int, unsigned int, unsigned int) [clone .constprop.10]+0x48>
    19a4:	5e 2c       	mov	r5, r14
/Users/leyry/Documents/Electronique/Thermonuino/main/modules/sonde/graphics/ThermioEink097.h:298

    command(0x44);
    19a6:	84 e4       	ldi	r24, 0x44	; 68
    19a8:	0e 94 06 07 	call	0xe0c	; 0xe0c <ThermioEink097::command(unsigned char) [clone .constprop.19]>
/Users/leyry/Documents/Electronique/Thermonuino/main/modules/sonde/graphics/ThermioEink097.h:299
    data(ramXByteStart);
    19ac:	8a 2d       	mov	r24, r10
    19ae:	0e 94 22 07 	call	0xe44	; 0xe44 <ThermioEink097::data(unsigned char) [clone .constprop.18]>
/Users/leyry/Documents/Electronique/Thermonuino/main/modules/sonde/graphics/ThermioEink097.h:300
    data(ramXByteEnd);
    19b2:	8e 2d       	mov	r24, r14
    19b4:	0e 94 22 07 	call	0xe44	; 0xe44 <ThermioEink097::data(unsigned char) [clone .constprop.18]>
/Users/leyry/Documents/Electronique/Thermonuino/main/modules/sonde/graphics/ThermioEink097.h:302

    command(0x45);
    19b8:	85 e4       	ldi	r24, 0x45	; 69
    19ba:	0e 94 06 07 	call	0xe0c	; 0xe0c <ThermioEink097::command(unsigned char) [clone .constprop.19]>
/Users/leyry/Documents/Electronique/Thermonuino/main/modules/sonde/graphics/ThermioEink097.h:303
    data(ramYMax & 0xFF);
    19be:	80 2f       	mov	r24, r16
    19c0:	0e 94 22 07 	call	0xe44	; 0xe44 <ThermioEink097::data(unsigned char) [clone .constprop.18]>
/Users/leyry/Documents/Electronique/Thermonuino/main/modules/sonde/graphics/ThermioEink097.h:304
    data(ramYMax >> 8);
    19c4:	81 2f       	mov	r24, r17
    19c6:	0e 94 22 07 	call	0xe44	; 0xe44 <ThermioEink097::data(unsigned char) [clone .constprop.18]>
/Users/leyry/Documents/Electronique/Thermonuino/main/modules/sonde/graphics/ThermioEink097.h:305
    data(ramYMin & 0xFF);
    19ca:	8c 2f       	mov	r24, r28
    19cc:	0e 94 22 07 	call	0xe44	; 0xe44 <ThermioEink097::data(unsigned char) [clone .constprop.18]>
/Users/leyry/Documents/Electronique/Thermonuino/main/modules/sonde/graphics/ThermioEink097.h:306
    data(ramYMin >> 8);
    19d0:	8d 2f       	mov	r24, r29
    19d2:	0e 94 22 07 	call	0xe44	; 0xe44 <ThermioEink097::data(unsigned char) [clone .constprop.18]>
/Users/leyry/Documents/Electronique/Thermonuino/main/modules/sonde/graphics/ThermioEink097.h:308

    setRamPointer(ramXByteStart, ramYMax);
    19d6:	b8 01       	movw	r22, r16
    19d8:	8a 2d       	mov	r24, r10
    19da:	0e 94 56 07 	call	0xeac	; 0xeac <ThermioEink097::setRamPointer(unsigned char, unsigned int) [clone .constprop.15]>
/Users/leyry/Documents/Electronique/Thermonuino/main/modules/sonde/graphics/ThermioEink097.h:309
    command(ramCommand);
    19de:	89 2d       	mov	r24, r9
    19e0:	0e 94 06 07 	call	0xe0c	; 0xe0c <ThermioEink097::command(unsigned char) [clone .constprop.19]>
/Users/leyry/Documents/Electronique/Thermonuino/main/modules/sonde/graphics/ThermioEink097.h:319
          const uint16_t ramX = (uint16_t)ramXByte * 8 + bit;
          uint16_t mappedFrontX;
          uint16_t mappedFrontY;
          mapRamToReadableFront(ramX, ramY, mappedFrontX, mappedFrontY);
          if (reader && reader(mappedFrontX, mappedFrontY, context)) {
            value &= ~(0x80 >> bit);
    19e4:	20 e8       	ldi	r18, 0x80	; 128
    19e6:	e2 2e       	mov	r14, r18
    19e8:	f1 2c       	mov	r15, r1
/Users/leyry/Documents/Electronique/Thermonuino/main/modules/sonde/graphics/ThermioEink097.h:310
    data(ramYMin & 0xFF);
    data(ramYMin >> 8);

    setRamPointer(ramXByteStart, ramYMax);
    command(ramCommand);
    for (uint16_t ramY = ramYMin; ramY <= ramYMax; ramY++) {
    19ea:	0c 17       	cp	r16, r28
    19ec:	1d 07       	cpc	r17, r29
    19ee:	58 f1       	brcs	.+86     	; 0x1a46 <ThermioEink097::writeRamImageWindow(unsigned char, bool (*)(unsigned int, unsigned int, void*), void*, unsigned int, unsigned int, unsigned int, unsigned int) [clone .constprop.10]+0xf2>
/Users/leyry/Documents/Electronique/Thermonuino/main/modules/sonde/graphics/ThermioEink097.h:311
      for (uint8_t ramXByte = ramXByteStart; ramXByte <= ramXByteEnd; ramXByte++) {
    19f0:	67 2c       	mov	r6, r7
    19f2:	56 14       	cp	r5, r6
    19f4:	30 f1       	brcs	.+76     	; 0x1a42 <ThermioEink097::writeRamImageWindow(unsigned char, bool (*)(unsigned int, unsigned int, void*), void*, unsigned int, unsigned int, unsigned int, unsigned int) [clone .constprop.10]+0xee>
/Users/leyry/Documents/Electronique/Thermonuino/main/modules/sonde/graphics/ThermioEink097.h:314
        uint8_t value = 0xFF;
        for (uint8_t bit = 0; bit < 8; bit++) {
          const uint16_t ramX = (uint16_t)ramXByte * 8 + bit;
    19f6:	88 e0       	ldi	r24, 0x08	; 8
    19f8:	68 9e       	mul	r6, r24
    19fa:	50 01       	movw	r10, r0
    19fc:	11 24       	eor	r1, r1
    19fe:	91 2c       	mov	r9, r1
    1a00:	81 2c       	mov	r8, r1
/Users/leyry/Documents/Electronique/Thermonuino/main/modules/sonde/graphics/ThermioEink097.h:312

    setRamPointer(ramXByteStart, ramYMax);
    command(ramCommand);
    for (uint16_t ramY = ramYMin; ramY <= ramYMax; ramY++) {
      for (uint8_t ramXByte = ramXByteStart; ramXByte <= ramXByteEnd; ramXByte++) {
        uint8_t value = 0xFF;
    1a02:	44 24       	eor	r4, r4
    1a04:	4a 94       	dec	r4
/Users/leyry/Documents/Electronique/Thermonuino/main/modules/sonde/graphics/ThermioEink097.h:318
        for (uint8_t bit = 0; bit < 8; bit++) {
          const uint16_t ramX = (uint16_t)ramXByte * 8 + bit;
          uint16_t mappedFrontX;
          uint16_t mappedFrontY;
          mapRamToReadableFront(ramX, ramY, mappedFrontX, mappedFrontY);
          if (reader && reader(mappedFrontX, mappedFrontY, context)) {
    1a06:	a6 01       	movw	r20, r12
    1a08:	b4 01       	movw	r22, r8
    1a0a:	6a 0d       	add	r22, r10
    1a0c:	7b 1d       	adc	r23, r11
    1a0e:	ce 01       	movw	r24, r28
    1a10:	0e 94 be 09 	call	0x137c	; 0x137c <sondeScreenPixel(unsigned int, unsigned int, void*)>
    1a14:	88 23       	and	r24, r24
    1a16:	49 f0       	breq	.+18     	; 0x1a2a <ThermioEink097::writeRamImageWindow(unsigned char, bool (*)(unsigned int, unsigned int, void*), void*, unsigned int, unsigned int, unsigned int, unsigned int) [clone .constprop.10]+0xd6>
/Users/leyry/Documents/Electronique/Thermonuino/main/modules/sonde/graphics/ThermioEink097.h:319
            value &= ~(0x80 >> bit);
    1a18:	c7 01       	movw	r24, r14
    1a1a:	08 2c       	mov	r0, r8
    1a1c:	02 c0       	rjmp	.+4      	; 0x1a22 <ThermioEink097::writeRamImageWindow(unsigned char, bool (*)(unsigned int, unsigned int, void*), void*, unsigned int, unsigned int, unsigned int, unsigned int) [clone .constprop.10]+0xce>
    1a1e:	95 95       	asr	r25
    1a20:	87 95       	ror	r24
    1a22:	0a 94       	dec	r0
    1a24:	e2 f7       	brpl	.-8      	; 0x1a1e <ThermioEink097::writeRamImageWindow(unsigned char, bool (*)(unsigned int, unsigned int, void*), void*, unsigned int, unsigned int, unsigned int, unsigned int) [clone .constprop.10]+0xca>
    1a26:	80 95       	com	r24
    1a28:	48 22       	and	r4, r24
    1a2a:	8f ef       	ldi	r24, 0xFF	; 255
    1a2c:	88 1a       	sub	r8, r24
    1a2e:	98 0a       	sbc	r9, r24
/Users/leyry/Documents/Electronique/Thermonuino/main/modules/sonde/graphics/ThermioEink097.h:313
    setRamPointer(ramXByteStart, ramYMax);
    command(ramCommand);
    for (uint16_t ramY = ramYMin; ramY <= ramYMax; ramY++) {
      for (uint8_t ramXByte = ramXByteStart; ramXByte <= ramXByteEnd; ramXByte++) {
        uint8_t value = 0xFF;
        for (uint8_t bit = 0; bit < 8; bit++) {
    1a30:	88 e0       	ldi	r24, 0x08	; 8
    1a32:	88 16       	cp	r8, r24
    1a34:	91 04       	cpc	r9, r1
    1a36:	39 f7       	brne	.-50     	; 0x1a06 <ThermioEink097::writeRamImageWindow(unsigned char, bool (*)(unsigned int, unsigned int, void*), void*, unsigned int, unsigned int, unsigned int, unsigned int) [clone .constprop.10]+0xb2>
/Users/leyry/Documents/Electronique/Thermonuino/main/modules/sonde/graphics/ThermioEink097.h:322
          mapRamToReadableFront(ramX, ramY, mappedFrontX, mappedFrontY);
          if (reader && reader(mappedFrontX, mappedFrontY, context)) {
            value &= ~(0x80 >> bit);
          }
        }
        data(value);
    1a38:	84 2d       	mov	r24, r4
    1a3a:	0e 94 22 07 	call	0xe44	; 0xe44 <ThermioEink097::data(unsigned char) [clone .constprop.18]>
/Users/leyry/Documents/Electronique/Thermonuino/main/modules/sonde/graphics/ThermioEink097.h:311
    data(ramYMin >> 8);

    setRamPointer(ramXByteStart, ramYMax);
    command(ramCommand);
    for (uint16_t ramY = ramYMin; ramY <= ramYMax; ramY++) {
      for (uint8_t ramXByte = ramXByteStart; ramXByte <= ramXByteEnd; ramXByte++) {
    1a3e:	63 94       	inc	r6
    1a40:	d8 cf       	rjmp	.-80     	; 0x19f2 <ThermioEink097::writeRamImageWindow(unsigned char, bool (*)(unsigned int, unsigned int, void*), void*, unsigned int, unsigned int, unsigned int, unsigned int) [clone .constprop.10]+0x9e>
/Users/leyry/Documents/Electronique/Thermonuino/main/modules/sonde/graphics/ThermioEink097.h:310
    data(ramYMin & 0xFF);
    data(ramYMin >> 8);

    setRamPointer(ramXByteStart, ramYMax);
    command(ramCommand);
    for (uint16_t ramY = ramYMin; ramY <= ramYMax; ramY++) {
    1a42:	21 96       	adiw	r28, 0x01	; 1
    1a44:	d2 cf       	rjmp	.-92     	; 0x19ea <ThermioEink097::writeRamImageWindow(unsigned char, bool (*)(unsigned int, unsigned int, void*), void*, unsigned int, unsigned int, unsigned int, unsigned int) [clone .constprop.10]+0x96>
/Users/leyry/Documents/Electronique/Thermonuino/main/modules/sonde/graphics/ThermioEink097.h:326
        }
        data(value);
      }
    }

  }
    1a46:	df 91       	pop	r29
    1a48:	cf 91       	pop	r28
    1a4a:	1f 91       	pop	r17
    1a4c:	0f 91       	pop	r16
    1a4e:	ff 90       	pop	r15
    1a50:	ef 90       	pop	r14
    1a52:	df 90       	pop	r13
    1a54:	cf 90       	pop	r12
    1a56:	bf 90       	pop	r11
    1a58:	af 90       	pop	r10
    1a5a:	9f 90       	pop	r9
    1a5c:	8f 90       	pop	r8
    1a5e:	7f 90       	pop	r7
    1a60:	6f 90       	pop	r6
    1a62:	5f 90       	pop	r5
    1a64:	4f 90       	pop	r4
    1a66:	08 95       	ret

00001a68 <updateDisplayPartial(unsigned char, unsigned char, unsigned char, unsigned char) [clone .part.6] [clone .constprop.5]>:
_Z20updateDisplayPartialhhhh.part.6.constprop.5():
/Users/leyry/Documents/Electronique/Thermonuino/main/modules/sonde/sonde.ino:187
}

void updateDisplayPartial(uint8_t x, uint8_t y, uint8_t w, uint8_t h) {
    1a68:	ef 92       	push	r14
    1a6a:	ff 92       	push	r15
    1a6c:	0f 93       	push	r16
    1a6e:	1f 93       	push	r17
    1a70:	cf 93       	push	r28
ledOn():
/Users/leyry/Documents/Electronique/Thermonuino/main/modules/sonde/sonde.ino:94
bool armSetpointEditTimeoutAfterRefresh = false;
bool batteryTerminalMode = false;
bool startupTerminalMode = false;

void ledOn() {
  digitalWrite(PIN_LED, HIGH);
    1a72:	61 e0       	ldi	r22, 0x01	; 1
    1a74:	85 e0       	ldi	r24, 0x05	; 5
    1a76:	0e 94 a3 04 	call	0x946	; 0x946 <digitalWrite>
_Z20updateDisplayPartialhhhh.part.6.constprop.5():
/Users/leyry/Documents/Electronique/Thermonuino/main/modules/sonde/sonde.ino:194
    updateDisplay();
    return;
  }

  ledOn();
  isolateRfSpi();
    1a7a:	0e 94 ea 06 	call	0xdd4	; 0xdd4 <isolateRfSpi()>
/Users/leyry/Documents/Electronique/Thermonuino/main/modules/sonde/sonde.ino:195
  syncUiFromDataService();
    1a7e:	0e 94 9e 06 	call	0xd3c	; 0xd3c <syncUiFromDataService()>
wakeForPartialUpdate():
/Users/leyry/Documents/Electronique/Thermonuino/main/modules/sonde/graphics/ThermioEink097.h:128
    SPI.endTransaction();
    return refreshOk;
  }

  bool wakeForPartialUpdate(uint32_t busyTimeoutMs = DefaultBusyTimeoutMs) {
    reset();
    1a82:	83 e5       	ldi	r24, 0x53	; 83
    1a84:	93 e0       	ldi	r25, 0x03	; 3
    1a86:	0e 94 7b 06 	call	0xcf6	; 0xcf6 <ThermioEink097::reset() [clone .isra.1]>
/Users/leyry/Documents/Electronique/Thermonuino/main/modules/sonde/graphics/ThermioEink097.h:130

    SPI.beginTransaction(settings_);
    1a8a:	80 91 56 03 	lds	r24, 0x0356	; 0x800356 <eink+0x5>
    1a8e:	90 91 57 03 	lds	r25, 0x0357	; 0x800357 <eink+0x6>
    1a92:	0e 94 b0 07 	call	0xf60	; 0xf60 <SPIClass::beginTransaction(SPISettings)>
/Users/leyry/Documents/Electronique/Thermonuino/main/modules/sonde/graphics/ThermioEink097.h:131
    const bool busyOk = waitBusyLow(busyTimeoutMs);
    1a96:	84 e5       	ldi	r24, 0x54	; 84
    1a98:	93 e0       	ldi	r25, 0x03	; 3
    1a9a:	0e 94 95 05 	call	0xb2a	; 0xb2a <ThermioEink097::waitBusyLow(unsigned long) [clone .isra.2] [clone .constprop.27]>
    1a9e:	c8 2f       	mov	r28, r24
/Users/leyry/Documents/Electronique/Thermonuino/main/modules/sonde/graphics/ThermioEink097.h:134

    // GoodDisplay's partial update path uses a different border waveform.
    command(0x3C);
    1aa0:	8c e3       	ldi	r24, 0x3C	; 60
    1aa2:	0e 94 06 07 	call	0xe0c	; 0xe0c <ThermioEink097::command(unsigned char) [clone .constprop.19]>
/Users/leyry/Documents/Electronique/Thermonuino/main/modules/sonde/graphics/ThermioEink097.h:135
    data(0x80);
    1aa6:	80 e8       	ldi	r24, 0x80	; 128
    1aa8:	0e 94 22 07 	call	0xe44	; 0xe44 <ThermioEink097::data(unsigned char) [clone .constprop.18]>
/Users/leyry/Documents/Electronique/Thermonuino/main/modules/sonde/graphics/ThermioEink097.h:137

    setRamArea();
    1aac:	0e 94 3e 07 	call	0xe7c	; 0xe7c <ThermioEink097::setRamArea() [clone .constprop.16]>
/Users/leyry/Documents/Electronique/Thermonuino/main/modules/sonde/graphics/ThermioEink097.h:138
    setRamPointer(0, RamHeight - 1);
    1ab0:	67 eb       	ldi	r22, 0xB7	; 183
    1ab2:	70 e0       	ldi	r23, 0x00	; 0
    1ab4:	80 e0       	ldi	r24, 0x00	; 0
    1ab6:	0e 94 56 07 	call	0xeac	; 0xeac <ThermioEink097::setRamPointer(unsigned char, unsigned int) [clone .constprop.15]>
_Z20updateDisplayPartialhhhh.part.6.constprop.5():
/Users/leyry/Documents/Electronique/Thermonuino/main/modules/sonde/sonde.ino:198

  const bool wakeOk = eink.wakeForPartialUpdate();
  markDisplaySendStart();
    1aba:	0e 94 f2 06 	call	0xde4	; 0xde4 <markDisplaySendStart()>
/Users/leyry/Documents/Electronique/Thermonuino/main/modules/sonde/sonde.ino:209
                                  x,
                                  y,
                                  w,
                                  h);

  lastDisplayOk = wakeOk && refreshOk;
    1abe:	80 e0       	ldi	r24, 0x00	; 0
/Users/leyry/Documents/Electronique/Thermonuino/main/modules/sonde/sonde.ino:199
  isolateRfSpi();
  syncUiFromDataService();

  const bool wakeOk = eink.wakeForPartialUpdate();
  markDisplaySendStart();
  const bool refreshOk = wakeOk &&
    1ac0:	cc 23       	and	r28, r28
    1ac2:	51 f1       	breq	.+84     	; 0x1b18 <updateDisplayPartial(unsigned char, unsigned char, unsigned char, unsigned char) [clone .part.6] [clone .constprop.5]+0xb0>
writeFrontImagePartial():
/Users/leyry/Documents/Electronique/Thermonuino/main/modules/sonde/graphics/ThermioEink097.h:119
    }
    if (frontY + frontH > FrontHeight) {
      frontH = FrontHeight - frontY;
    }

    SPI.beginTransaction(settings_);
    1ac4:	80 91 56 03 	lds	r24, 0x0356	; 0x800356 <eink+0x5>
    1ac8:	90 91 57 03 	lds	r25, 0x0357	; 0x800357 <eink+0x6>
    1acc:	0e 94 b0 07 	call	0xf60	; 0xf60 <SPIClass::beginTransaction(SPISettings)>
/Users/leyry/Documents/Electronique/Thermonuino/main/modules/sonde/graphics/ThermioEink097.h:120
    writeRamImageWindow(0x26, oldReader, oldContext, frontX, frontY, frontW, frontH);
    1ad0:	88 e5       	ldi	r24, 0x58	; 88
    1ad2:	e8 2e       	mov	r14, r24
    1ad4:	f1 2c       	mov	r15, r1
    1ad6:	08 eb       	ldi	r16, 0xB8	; 184
    1ad8:	10 e0       	ldi	r17, 0x00	; 0
    1ada:	30 e0       	ldi	r19, 0x00	; 0
    1adc:	20 e0       	ldi	r18, 0x00	; 0
    1ade:	50 e0       	ldi	r21, 0x00	; 0
    1ae0:	40 e0       	ldi	r20, 0x00	; 0
    1ae2:	68 ef       	ldi	r22, 0xF8	; 248
    1ae4:	72 e0       	ldi	r23, 0x02	; 2
    1ae6:	86 e2       	ldi	r24, 0x26	; 38
    1ae8:	0e 94 aa 0c 	call	0x1954	; 0x1954 <ThermioEink097::writeRamImageWindow(unsigned char, bool (*)(unsigned int, unsigned int, void*), void*, unsigned int, unsigned int, unsigned int, unsigned int) [clone .constprop.10]>
/Users/leyry/Documents/Electronique/Thermonuino/main/modules/sonde/graphics/ThermioEink097.h:121
    writeRamImageWindow(0x24, newReader, newContext, frontX, frontY, frontW, frontH);
    1aec:	30 e0       	ldi	r19, 0x00	; 0
    1aee:	20 e0       	ldi	r18, 0x00	; 0
    1af0:	50 e0       	ldi	r21, 0x00	; 0
    1af2:	40 e0       	ldi	r20, 0x00	; 0
    1af4:	60 e0       	ldi	r22, 0x00	; 0
    1af6:	71 e0       	ldi	r23, 0x01	; 1
    1af8:	84 e2       	ldi	r24, 0x24	; 36
    1afa:	0e 94 aa 0c 	call	0x1954	; 0x1954 <ThermioEink097::writeRamImageWindow(unsigned char, bool (*)(unsigned int, unsigned int, void*), void*, unsigned int, unsigned int, unsigned int, unsigned int) [clone .constprop.10]>
refreshInsideTransaction():
/Users/leyry/Documents/Electronique/Thermonuino/main/modules/sonde/graphics/ThermioEink097.h:329
    }

  }

  bool refreshInsideTransaction(uint8_t updateControl, uint32_t busyTimeoutMs) {
    command(0x22);
    1afe:	82 e2       	ldi	r24, 0x22	; 34
    1b00:	0e 94 06 07 	call	0xe0c	; 0xe0c <ThermioEink097::command(unsigned char) [clone .constprop.19]>
/Users/leyry/Documents/Electronique/Thermonuino/main/modules/sonde/graphics/ThermioEink097.h:330
    data(updateControl);
    1b04:	8f ef       	ldi	r24, 0xFF	; 255
    1b06:	0e 94 22 07 	call	0xe44	; 0xe44 <ThermioEink097::data(unsigned char) [clone .constprop.18]>
/Users/leyry/Documents/Electronique/Thermonuino/main/modules/sonde/graphics/ThermioEink097.h:331
    command(0x20);
    1b0a:	80 e2       	ldi	r24, 0x20	; 32
    1b0c:	0e 94 06 07 	call	0xe0c	; 0xe0c <ThermioEink097::command(unsigned char) [clone .constprop.19]>
/Users/leyry/Documents/Electronique/Thermonuino/main/modules/sonde/graphics/ThermioEink097.h:332
    return waitBusyLow(busyTimeoutMs);
    1b10:	84 e5       	ldi	r24, 0x54	; 84
    1b12:	93 e0       	ldi	r25, 0x03	; 3
    1b14:	0e 94 95 05 	call	0xb2a	; 0xb2a <ThermioEink097::waitBusyLow(unsigned long) [clone .isra.2] [clone .constprop.27]>
_Z20updateDisplayPartialhhhh.part.6.constprop.5():
/Users/leyry/Documents/Electronique/Thermonuino/main/modules/sonde/sonde.ino:209
                                  x,
                                  y,
                                  w,
                                  h);

  lastDisplayOk = wakeOk && refreshOk;
    1b18:	80 93 95 02 	sts	0x0295, r24	; 0x800295 <lastDisplayOk>
/Users/leyry/Documents/Electronique/Thermonuino/main/modules/sonde/sonde.ino:210
  ui.displayOk = lastDisplayOk;
    1b1c:	80 93 0d 01 	sts	0x010D, r24	; 0x80010d <__data_start+0xd>
/Users/leyry/Documents/Electronique/Thermonuino/main/modules/sonde/sonde.ino:211
  if (lastDisplayOk) {
    1b20:	88 23       	and	r24, r24
    1b22:	19 f1       	breq	.+70     	; 0x1b6a <updateDisplayPartial(unsigned char, unsigned char, unsigned char, unsigned char) [clone .part.6] [clone .constprop.5]+0x102>
/Users/leyry/Documents/Electronique/Thermonuino/main/modules/sonde/sonde.ino:212
    displayedUi = ui;
    1b24:	84 e1       	ldi	r24, 0x14	; 20
    1b26:	e0 e0       	ldi	r30, 0x00	; 0
    1b28:	f1 e0       	ldi	r31, 0x01	; 1
    1b2a:	a8 ef       	ldi	r26, 0xF8	; 248
    1b2c:	b2 e0       	ldi	r27, 0x02	; 2
    1b2e:	01 90       	ld	r0, Z+
    1b30:	0d 92       	st	X+, r0
    1b32:	8a 95       	dec	r24
    1b34:	e1 f7       	brne	.-8      	; 0x1b2e <updateDisplayPartial(unsigned char, unsigned char, unsigned char, unsigned char) [clone .part.6] [clone .constprop.5]+0xc6>
/Users/leyry/Documents/Electronique/Thermonuino/main/modules/sonde/sonde.ino:213
    if (armSetpointEditTimeoutAfterRefresh && ui.setpointEditing) {
    1b36:	80 91 94 02 	lds	r24, 0x0294	; 0x800294 <armSetpointEditTimeoutAfterRefresh>
    1b3a:	88 23       	and	r24, r24
    1b3c:	a1 f0       	breq	.+40     	; 0x1b66 <updateDisplayPartial(unsigned char, unsigned char, unsigned char, unsigned char) [clone .part.6] [clone .constprop.5]+0xfe>
    1b3e:	80 91 13 01 	lds	r24, 0x0113	; 0x800113 <__data_start+0x13>
    1b42:	88 23       	and	r24, r24
    1b44:	81 f0       	breq	.+32     	; 0x1b66 <updateDisplayPartial(unsigned char, unsigned char, unsigned char, unsigned char) [clone .part.6] [clone .constprop.5]+0xfe>
/Users/leyry/Documents/Electronique/Thermonuino/main/modules/sonde/sonde.ino:214
      setpointEditUntilAt = millis() + SETPOINT_EDIT_TIMEOUT_MS;
    1b46:	0e 94 64 05 	call	0xac8	; 0xac8 <millis>
    1b4a:	68 54       	subi	r22, 0x48	; 72
    1b4c:	74 4f       	sbci	r23, 0xF4	; 244
    1b4e:	8f 4f       	sbci	r24, 0xFF	; 255
    1b50:	9f 4f       	sbci	r25, 0xFF	; 255
    1b52:	60 93 90 02 	sts	0x0290, r22	; 0x800290 <setpointEditUntilAt>
    1b56:	70 93 91 02 	sts	0x0291, r23	; 0x800291 <setpointEditUntilAt+0x1>
    1b5a:	80 93 92 02 	sts	0x0292, r24	; 0x800292 <setpointEditUntilAt+0x2>
    1b5e:	90 93 93 02 	sts	0x0293, r25	; 0x800293 <setpointEditUntilAt+0x3>
/Users/leyry/Documents/Electronique/Thermonuino/main/modules/sonde/sonde.ino:215
      armSetpointEditTimeoutAfterRefresh = false;
    1b62:	10 92 94 02 	sts	0x0294, r1	; 0x800294 <armSetpointEditTimeoutAfterRefresh>
/Users/leyry/Documents/Electronique/Thermonuino/main/modules/sonde/sonde.ino:217
    }
    ledOff();
    1b66:	0e 94 ee 06 	call	0xddc	; 0xddc <ledOff()>
/Users/leyry/Documents/Electronique/Thermonuino/main/modules/sonde/sonde.ino:220
  }
  eink.sleep();
}
    1b6a:	cf 91       	pop	r28
    1b6c:	1f 91       	pop	r17
    1b6e:	0f 91       	pop	r16
    1b70:	ff 90       	pop	r15
    1b72:	ef 90       	pop	r14
/Users/leyry/Documents/Electronique/Thermonuino/main/modules/sonde/sonde.ino:219
      setpointEditUntilAt = millis() + SETPOINT_EDIT_TIMEOUT_MS;
      armSetpointEditTimeoutAfterRefresh = false;
    }
    ledOff();
  }
  eink.sleep();
    1b74:	0c 94 b3 07 	jmp	0xf66	; 0xf66 <ThermioEink097::sleep() [clone .constprop.17]>

00001b78 <SondeInputService::handlePinChangeInterrupt()>:
_ZN17SondeInputService24handlePinChangeInterruptEv():
/Users/leyry/Documents/Electronique/Thermonuino/main/modules/sonde/SondeInputService.cpp:179
  interrupts();
  return event;
}

void SondeInputService::handlePinChangeInterrupt() {
  if (activeInstance_ != nullptr) {
    1b78:	e0 91 7f 02 	lds	r30, 0x027F	; 0x80027f <SondeInputService::activeInstance_>
    1b7c:	f0 91 80 02 	lds	r31, 0x0280	; 0x800280 <SondeInputService::activeInstance_+0x1>
    1b80:	30 97       	sbiw	r30, 0x00	; 0
    1b82:	09 f4       	brne	.+2      	; 0x1b86 <SondeInputService::handlePinChangeInterrupt()+0xe>
    1b84:	5a c0       	rjmp	.+180    	; 0x1c3a <SondeInputService::handlePinChangeInterrupt()+0xc2>
captureSwitchesFromIsr():
/Users/leyry/Documents/Electronique/Thermonuino/main/modules/sonde/SondeInputService.cpp:136
  PCICR |= _BV(pcicrBit);
  interrupts();
}

void SondeInputService::captureSwitchesFromIsr() {
  const bool sens1Pressed = (*sens1InputRegister_ & sens1BitMask_) == 0;
    1b86:	a5 81       	ldd	r26, Z+5	; 0x05
    1b88:	b6 81       	ldd	r27, Z+6	; 0x06
    1b8a:	8c 91       	ld	r24, X
    1b8c:	93 85       	ldd	r25, Z+11	; 0x0b
    1b8e:	89 23       	and	r24, r25
    1b90:	61 e0       	ldi	r22, 0x01	; 1
    1b92:	09 f0       	breq	.+2      	; 0x1b96 <SondeInputService::handlePinChangeInterrupt()+0x1e>
    1b94:	60 e0       	ldi	r22, 0x00	; 0
/Users/leyry/Documents/Electronique/Thermonuino/main/modules/sonde/SondeInputService.cpp:137
  const bool sens2Pressed = (*sens2InputRegister_ & sens2BitMask_) == 0;
    1b96:	a7 81       	ldd	r26, Z+7	; 0x07
    1b98:	b0 85       	ldd	r27, Z+8	; 0x08
    1b9a:	3c 91       	ld	r19, X
    1b9c:	94 85       	ldd	r25, Z+12	; 0x0c
    1b9e:	39 23       	and	r19, r25
    1ba0:	51 e0       	ldi	r21, 0x01	; 1
    1ba2:	09 f0       	breq	.+2      	; 0x1ba6 <SondeInputService::handlePinChangeInterrupt()+0x2e>
    1ba4:	50 e0       	ldi	r21, 0x00	; 0
/Users/leyry/Documents/Electronique/Thermonuino/main/modules/sonde/SondeInputService.cpp:138
  const bool buttonPressed = (*buttonInputRegister_ & buttonBitMask_) == 0;
    1ba6:	a1 85       	ldd	r26, Z+9	; 0x09
    1ba8:	b2 85       	ldd	r27, Z+10	; 0x0a
    1baa:	2c 91       	ld	r18, X
    1bac:	95 85       	ldd	r25, Z+13	; 0x0d
    1bae:	29 23       	and	r18, r25
    1bb0:	41 e0       	ldi	r20, 0x01	; 1
    1bb2:	09 f0       	breq	.+2      	; 0x1bb6 <SondeInputService::handlePinChangeInterrupt()+0x3e>
    1bb4:	40 e0       	ldi	r20, 0x00	; 0
/Users/leyry/Documents/Electronique/Thermonuino/main/modules/sonde/SondeInputService.cpp:140

  if (sens1Pressed && !sens1PressedLatch_) {
    1bb6:	81 11       	cpse	r24, r1
    1bb8:	13 c0       	rjmp	.+38     	; 0x1be0 <SondeInputService::handlePinChangeInterrupt()+0x68>
    1bba:	80 8d       	ldd	r24, Z+24	; 0x18
    1bbc:	81 11       	cpse	r24, r1
    1bbe:	10 c0       	rjmp	.+32     	; 0x1be0 <SondeInputService::handlePinChangeInterrupt()+0x68>
queueEventFromIsr():
/Users/leyry/Documents/Electronique/Thermonuino/main/modules/sonde/SondeInputService.cpp:156
  sens2PressedLatch_ = sens2Pressed;
  buttonPressedLatch_ = buttonPressed;
}

void SondeInputService::queueEventFromIsr(SondeInputEvent event) {
  const uint8_t nextHead = (queueHead_ + 1) % EventQueueSize;
    1bc0:	86 89       	ldd	r24, Z+22	; 0x16
    1bc2:	90 e0       	ldi	r25, 0x00	; 0
    1bc4:	01 96       	adiw	r24, 0x01	; 1
    1bc6:	87 70       	andi	r24, 0x07	; 7
    1bc8:	99 27       	eor	r25, r25
/Users/leyry/Documents/Electronique/Thermonuino/main/modules/sonde/SondeInputService.cpp:157
  if (nextHead == queueTail_) {
    1bca:	77 89       	ldd	r23, Z+23	; 0x17
    1bcc:	78 17       	cp	r23, r24
    1bce:	41 f0       	breq	.+16     	; 0x1be0 <SondeInputService::handlePinChangeInterrupt()+0x68>
/Users/leyry/Documents/Electronique/Thermonuino/main/modules/sonde/SondeInputService.cpp:161
    return;
  }

  queuedEvents_[queueHead_] = event;
    1bd0:	a6 89       	ldd	r26, Z+22	; 0x16
    1bd2:	ae 0f       	add	r26, r30
    1bd4:	bf 2f       	mov	r27, r31
    1bd6:	b1 1d       	adc	r27, r1
    1bd8:	91 e0       	ldi	r25, 0x01	; 1
    1bda:	1e 96       	adiw	r26, 0x0e	; 14
    1bdc:	9c 93       	st	X, r25
/Users/leyry/Documents/Electronique/Thermonuino/main/modules/sonde/SondeInputService.cpp:162
  queueHead_ = nextHead;
    1bde:	86 8b       	std	Z+22, r24	; 0x16
captureSwitchesFromIsr():
/Users/leyry/Documents/Electronique/Thermonuino/main/modules/sonde/SondeInputService.cpp:143
  const bool buttonPressed = (*buttonInputRegister_ & buttonBitMask_) == 0;

  if (sens1Pressed && !sens1PressedLatch_) {
    queueEventFromIsr(SONDE_INPUT_PLUS);
  }
  if (sens2Pressed && !sens2PressedLatch_) {
    1be0:	31 11       	cpse	r19, r1
    1be2:	13 c0       	rjmp	.+38     	; 0x1c0a <SondeInputService::handlePinChangeInterrupt()+0x92>
    1be4:	81 8d       	ldd	r24, Z+25	; 0x19
    1be6:	81 11       	cpse	r24, r1
    1be8:	10 c0       	rjmp	.+32     	; 0x1c0a <SondeInputService::handlePinChangeInterrupt()+0x92>
queueEventFromIsr():
/Users/leyry/Documents/Electronique/Thermonuino/main/modules/sonde/SondeInputService.cpp:156
  sens2PressedLatch_ = sens2Pressed;
  buttonPressedLatch_ = buttonPressed;
}

void SondeInputService::queueEventFromIsr(SondeInputEvent event) {
  const uint8_t nextHead = (queueHead_ + 1) % EventQueueSize;
    1bea:	86 89       	ldd	r24, Z+22	; 0x16
    1bec:	90 e0       	ldi	r25, 0x00	; 0
    1bee:	01 96       	adiw	r24, 0x01	; 1
    1bf0:	87 70       	andi	r24, 0x07	; 7
    1bf2:	99 27       	eor	r25, r25
/Users/leyry/Documents/Electronique/Thermonuino/main/modules/sonde/SondeInputService.cpp:157
  if (nextHead == queueTail_) {
    1bf4:	37 89       	ldd	r19, Z+23	; 0x17
    1bf6:	38 17       	cp	r19, r24
    1bf8:	41 f0       	breq	.+16     	; 0x1c0a <SondeInputService::handlePinChangeInterrupt()+0x92>
/Users/leyry/Documents/Electronique/Thermonuino/main/modules/sonde/SondeInputService.cpp:161
    return;
  }

  queuedEvents_[queueHead_] = event;
    1bfa:	a6 89       	ldd	r26, Z+22	; 0x16
    1bfc:	ae 0f       	add	r26, r30
    1bfe:	bf 2f       	mov	r27, r31
    1c00:	b1 1d       	adc	r27, r1
    1c02:	92 e0       	ldi	r25, 0x02	; 2
    1c04:	1e 96       	adiw	r26, 0x0e	; 14
    1c06:	9c 93       	st	X, r25
/Users/leyry/Documents/Electronique/Thermonuino/main/modules/sonde/SondeInputService.cpp:162
  queueHead_ = nextHead;
    1c08:	86 8b       	std	Z+22, r24	; 0x16
captureSwitchesFromIsr():
/Users/leyry/Documents/Electronique/Thermonuino/main/modules/sonde/SondeInputService.cpp:146
    queueEventFromIsr(SONDE_INPUT_PLUS);
  }
  if (sens2Pressed && !sens2PressedLatch_) {
    queueEventFromIsr(SONDE_INPUT_MINUS);
  }
  if (buttonPressed && !buttonPressedLatch_) {
    1c0a:	21 11       	cpse	r18, r1
    1c0c:	13 c0       	rjmp	.+38     	; 0x1c34 <SondeInputService::handlePinChangeInterrupt()+0xbc>
    1c0e:	82 8d       	ldd	r24, Z+26	; 0x1a
    1c10:	81 11       	cpse	r24, r1
    1c12:	10 c0       	rjmp	.+32     	; 0x1c34 <SondeInputService::handlePinChangeInterrupt()+0xbc>
queueEventFromIsr():
/Users/leyry/Documents/Electronique/Thermonuino/main/modules/sonde/SondeInputService.cpp:156
  sens2PressedLatch_ = sens2Pressed;
  buttonPressedLatch_ = buttonPressed;
}

void SondeInputService::queueEventFromIsr(SondeInputEvent event) {
  const uint8_t nextHead = (queueHead_ + 1) % EventQueueSize;
    1c14:	86 89       	ldd	r24, Z+22	; 0x16
    1c16:	90 e0       	ldi	r25, 0x00	; 0
    1c18:	01 96       	adiw	r24, 0x01	; 1
    1c1a:	87 70       	andi	r24, 0x07	; 7
    1c1c:	99 27       	eor	r25, r25
/Users/leyry/Documents/Electronique/Thermonuino/main/modules/sonde/SondeInputService.cpp:157
  if (nextHead == queueTail_) {
    1c1e:	27 89       	ldd	r18, Z+23	; 0x17
    1c20:	28 17       	cp	r18, r24
    1c22:	41 f0       	breq	.+16     	; 0x1c34 <SondeInputService::handlePinChangeInterrupt()+0xbc>
/Users/leyry/Documents/Electronique/Thermonuino/main/modules/sonde/SondeInputService.cpp:161
    return;
  }

  queuedEvents_[queueHead_] = event;
    1c24:	a6 89       	ldd	r26, Z+22	; 0x16
    1c26:	ae 0f       	add	r26, r30
    1c28:	bf 2f       	mov	r27, r31
    1c2a:	b1 1d       	adc	r27, r1
    1c2c:	93 e0       	ldi	r25, 0x03	; 3
    1c2e:	1e 96       	adiw	r26, 0x0e	; 14
    1c30:	9c 93       	st	X, r25
/Users/leyry/Documents/Electronique/Thermonuino/main/modules/sonde/SondeInputService.cpp:162
  queueHead_ = nextHead;
    1c32:	86 8b       	std	Z+22, r24	; 0x16
captureSwitchesFromIsr():
/Users/leyry/Documents/Electronique/Thermonuino/main/modules/sonde/SondeInputService.cpp:150
  }
  if (buttonPressed && !buttonPressedLatch_) {
    queueEventFromIsr(SONDE_INPUT_CENTER);
  }

  sens1PressedLatch_ = sens1Pressed;
    1c34:	60 8f       	std	Z+24, r22	; 0x18
/Users/leyry/Documents/Electronique/Thermonuino/main/modules/sonde/SondeInputService.cpp:151
  sens2PressedLatch_ = sens2Pressed;
    1c36:	51 8f       	std	Z+25, r21	; 0x19
/Users/leyry/Documents/Electronique/Thermonuino/main/modules/sonde/SondeInputService.cpp:152
  buttonPressedLatch_ = buttonPressed;
    1c38:	42 8f       	std	Z+26, r20	; 0x1a
_ZN17SondeInputService24handlePinChangeInterruptEv():
/Users/leyry/Documents/Electronique/Thermonuino/main/modules/sonde/SondeInputService.cpp:182

void SondeInputService::handlePinChangeInterrupt() {
  if (activeInstance_ != nullptr) {
    activeInstance_->captureSwitchesFromIsr();
  }
}
    1c3a:	08 95       	ret

00001c3c <SondeDataService::readAhtStatus(unsigned char&) [clone .constprop.55]>:
_ZN16SondeDataService13readAhtStatusERh.constprop.55():
/Users/leyry/Documents/Electronique/Thermonuino/main/modules/sonde/SondeDataService.cpp:44

int16_t SondeDataService::currentTempDeciC() const {
  return currentTempDeciC_;
}

bool SondeDataService::readAhtStatus(uint8_t &status) {
    1c3c:	cf 93       	push	r28
    1c3e:	df 93       	push	r29
    1c40:	ec 01       	movw	r28, r24
twi_readFrom():
    1c42:	81 e0       	ldi	r24, 0x01	; 1
    1c44:	0e 94 28 01 	call	0x250	; 0x250 <twi_readFrom.part.0.constprop.63>
requestFrom():
/Users/leyry/Library/Arduino15/packages/MiniCore/hardware/avr/3.1.1/libraries/Wire/src/Wire.cpp:120
    quantity = TWI_BUFFER_SIZE;
  }
  // perform blocking read into buffer
  uint8_t read = twi_readFrom(address, rxBuffer, quantity, sendStop);
  // set rx buffer iterator vars
  rxBufferIndex = 0;
    1c48:	10 92 97 02 	sts	0x0297, r1	; 0x800297 <TwoWire::rxBufferIndex>
/Users/leyry/Library/Arduino15/packages/MiniCore/hardware/avr/3.1.1/libraries/Wire/src/Wire.cpp:121
  rxBufferLength = read;
    1c4c:	80 93 96 02 	sts	0x0296, r24	; 0x800296 <TwoWire::rxBufferLength>
_ZN16SondeDataService13readAhtStatusERh.constprop.55():
/Users/leyry/Documents/Electronique/Thermonuino/main/modules/sonde/SondeDataService.cpp:46
  Wire.requestFrom(AhtAddr, (uint8_t)1);
  if (Wire.available() != 1) {
    1c50:	81 30       	cpi	r24, 0x01	; 1
    1c52:	49 f4       	brne	.+18     	; 0x1c66 <SondeDataService::readAhtStatus(unsigned char&) [clone .constprop.55]+0x2a>
/Users/leyry/Documents/Electronique/Thermonuino/main/modules/sonde/SondeDataService.cpp:50
    return false;
  }

  status = Wire.read();
    1c54:	8c ee       	ldi	r24, 0xEC	; 236
    1c56:	92 e0       	ldi	r25, 0x02	; 2
    1c58:	0e 94 04 06 	call	0xc08	; 0xc08 <TwoWire::read()>
    1c5c:	88 83       	st	Y, r24
    1c5e:	81 e0       	ldi	r24, 0x01	; 1
/Users/leyry/Documents/Electronique/Thermonuino/main/modules/sonde/SondeDataService.cpp:52
  return true;
}
    1c60:	df 91       	pop	r29
    1c62:	cf 91       	pop	r28
    1c64:	08 95       	ret
/Users/leyry/Documents/Electronique/Thermonuino/main/modules/sonde/SondeDataService.cpp:47
}

bool SondeDataService::readAhtStatus(uint8_t &status) {
  Wire.requestFrom(AhtAddr, (uint8_t)1);
  if (Wire.available() != 1) {
    return false;
    1c66:	80 e0       	ldi	r24, 0x00	; 0
    1c68:	fb cf       	rjmp	.-10     	; 0x1c60 <SondeDataService::readAhtStatus(unsigned char&) [clone .constprop.55]+0x24>

00001c6a <SondeDataService::update(unsigned long, bool) [clone .constprop.50]>:
_ZN16SondeDataService6updateEmb.constprop.50():
/Users/leyry/Documents/Electronique/Thermonuino/main/modules/sonde/SondeDataService.cpp:9

void SondeDataService::begin() {
  nextSensorRefreshAt_ = 0;
}

bool SondeDataService::update(uint32_t now, bool force) {
    1c6a:	bf 92       	push	r11
    1c6c:	cf 92       	push	r12
    1c6e:	df 92       	push	r13
    1c70:	ef 92       	push	r14
    1c72:	ff 92       	push	r15
    1c74:	0f 93       	push	r16
    1c76:	1f 93       	push	r17
    1c78:	cf 93       	push	r28
    1c7a:	df 93       	push	r29
    1c7c:	00 d0       	rcall	.+0      	; 0x1c7e <SondeDataService::update(unsigned long, bool) [clone .constprop.50]+0x14>
    1c7e:	00 d0       	rcall	.+0      	; 0x1c80 <SondeDataService::update(unsigned long, bool) [clone .constprop.50]+0x16>
    1c80:	00 d0       	rcall	.+0      	; 0x1c82 <SondeDataService::update(unsigned long, bool) [clone .constprop.50]+0x18>
    1c82:	1f 92       	push	r1
    1c84:	cd b7       	in	r28, 0x3d	; 61
    1c86:	de b7       	in	r29, 0x3e	; 62
/Users/leyry/Documents/Electronique/Thermonuino/main/modules/sonde/SondeDataService.cpp:10
  if (!force && (int32_t)(now - nextSensorRefreshAt_) < 0) {
    1c88:	41 11       	cpse	r20, r1
    1c8a:	12 c0       	rjmp	.+36     	; 0x1cb0 <SondeDataService::update(unsigned long, bool) [clone .constprop.50]+0x46>
    1c8c:	00 91 98 02 	lds	r16, 0x0298	; 0x800298 <dataService>
    1c90:	10 91 99 02 	lds	r17, 0x0299	; 0x800299 <dataService+0x1>
    1c94:	20 91 9a 02 	lds	r18, 0x029A	; 0x80029a <dataService+0x2>
    1c98:	30 91 9b 02 	lds	r19, 0x029B	; 0x80029b <dataService+0x3>
    1c9c:	6b 01       	movw	r12, r22
    1c9e:	7c 01       	movw	r14, r24
    1ca0:	c0 1a       	sub	r12, r16
    1ca2:	d1 0a       	sbc	r13, r17
    1ca4:	e2 0a       	sbc	r14, r18
    1ca6:	f3 0a       	sbc	r15, r19
    1ca8:	97 01       	movw	r18, r14
    1caa:	86 01       	movw	r16, r12
    1cac:	37 fd       	sbrc	r19, 7
    1cae:	db c0       	rjmp	.+438    	; 0x1e66 <SondeDataService::update(unsigned long, bool) [clone .constprop.50]+0x1fc>
/Users/leyry/Documents/Electronique/Thermonuino/main/modules/sonde/SondeDataService.cpp:14
    return false;
  }

  nextSensorRefreshAt_ = now + SensorRefreshMs;
    1cb0:	60 5d       	subi	r22, 0xD0	; 208
    1cb2:	7a 48       	sbci	r23, 0x8A	; 138
    1cb4:	8f 4f       	sbci	r24, 0xFF	; 255
    1cb6:	9f 4f       	sbci	r25, 0xFF	; 255
    1cb8:	60 93 98 02 	sts	0x0298, r22	; 0x800298 <dataService>
    1cbc:	70 93 99 02 	sts	0x0299, r23	; 0x800299 <dataService+0x1>
    1cc0:	80 93 9a 02 	sts	0x029A, r24	; 0x80029a <dataService+0x2>
    1cc4:	90 93 9b 02 	sts	0x029B, r25	; 0x80029b <dataService+0x3>
/Users/leyry/Documents/Electronique/Thermonuino/main/modules/sonde/SondeDataService.cpp:15
  int16_t newTemp = currentTempDeciC_;
    1cc8:	e0 90 9c 02 	lds	r14, 0x029C	; 0x80029c <dataService+0x4>
    1ccc:	f0 90 9d 02 	lds	r15, 0x029D	; 0x80029d <dataService+0x5>
readAhtTemperatureDeciC():
/Users/leyry/Documents/Electronique/Thermonuino/main/modules/sonde/SondeDataService.cpp:69
  uint8_t status = 0;
  return readAhtStatus(status);
}

bool SondeDataService::readAhtTemperatureDeciC(int16_t &temperatureDeciC) {
  uint8_t status = 0;
    1cd0:	1f 82       	std	Y+7, r1	; 0x07
/Users/leyry/Documents/Electronique/Thermonuino/main/modules/sonde/SondeDataService.cpp:70
  if (!readAhtStatus(status)) {
    1cd2:	6e 01       	movw	r12, r28
    1cd4:	27 e0       	ldi	r18, 0x07	; 7
    1cd6:	c2 0e       	add	r12, r18
    1cd8:	d1 1c       	adc	r13, r1
    1cda:	c6 01       	movw	r24, r12
    1cdc:	0e 94 1e 0e 	call	0x1c3c	; 0x1c3c <SondeDataService::readAhtStatus(unsigned char&) [clone .constprop.55]>
    1ce0:	88 23       	and	r24, r24
    1ce2:	09 f4       	brne	.+2      	; 0x1ce6 <SondeDataService::update(unsigned long, bool) [clone .constprop.50]+0x7c>
    1ce4:	a8 c0       	rjmp	.+336    	; 0x1e36 <SondeDataService::update(unsigned long, bool) [clone .constprop.50]+0x1cc>
/Users/leyry/Documents/Electronique/Thermonuino/main/modules/sonde/SondeDataService.cpp:74
    return false;
  }

  if ((status & 0x08) == 0 && !initAht()) {
    1ce6:	8f 81       	ldd	r24, Y+7	; 0x07
    1ce8:	83 fd       	sbrc	r24, 3
    1cea:	29 c0       	rjmp	.+82     	; 0x1d3e <SondeDataService::update(unsigned long, bool) [clone .constprop.50]+0xd4>
beginTransmission():
/Users/leyry/Library/Arduino15/packages/MiniCore/hardware/avr/3.1.1/libraries/Wire/src/Wire.cpp:196
}

void TwoWire::beginTransmission(uint8_t address)
{
  // indicate that we are transmitting
  transmitting = 1;
    1cec:	81 e0       	ldi	r24, 0x01	; 1
    1cee:	80 93 9f 02 	sts	0x029F, r24	; 0x80029f <TwoWire::transmitting>
/Users/leyry/Library/Arduino15/packages/MiniCore/hardware/avr/3.1.1/libraries/Wire/src/Wire.cpp:198
  // set address of targeted slave
  txAddress = address;
    1cf2:	88 e3       	ldi	r24, 0x38	; 56
    1cf4:	80 93 c1 02 	sts	0x02C1, r24	; 0x8002c1 <TwoWire::txAddress>
/Users/leyry/Library/Arduino15/packages/MiniCore/hardware/avr/3.1.1/libraries/Wire/src/Wire.cpp:200
  // reset tx buffer iterator vars
  txBufferIndex = 0;
    1cf8:	10 92 a0 02 	sts	0x02A0, r1	; 0x8002a0 <TwoWire::txBufferIndex>
/Users/leyry/Library/Arduino15/packages/MiniCore/hardware/avr/3.1.1/libraries/Wire/src/Wire.cpp:201
  txBufferLength = 0;
    1cfc:	10 92 c2 02 	sts	0x02C2, r1	; 0x8002c2 <TwoWire::txBufferLength>
initAht():
/Users/leyry/Documents/Electronique/Thermonuino/main/modules/sonde/SondeDataService.cpp:56
  return true;
}

bool SondeDataService::initAht() {
  Wire.beginTransmission(AhtAddr);
  Wire.write(0xBE);
    1d00:	8e eb       	ldi	r24, 0xBE	; 190
    1d02:	90 e0       	ldi	r25, 0x00	; 0
    1d04:	0e 94 73 06 	call	0xce6	; 0xce6 <TwoWire::write(int) [clone .constprop.69]>
/Users/leyry/Documents/Electronique/Thermonuino/main/modules/sonde/SondeDataService.cpp:57
  Wire.write(0x08);
    1d08:	88 e0       	ldi	r24, 0x08	; 8
    1d0a:	90 e0       	ldi	r25, 0x00	; 0
    1d0c:	0e 94 73 06 	call	0xce6	; 0xce6 <TwoWire::write(int) [clone .constprop.69]>
/Users/leyry/Documents/Electronique/Thermonuino/main/modules/sonde/SondeDataService.cpp:58
  Wire.write(0x00);
    1d10:	90 e0       	ldi	r25, 0x00	; 0
    1d12:	80 e0       	ldi	r24, 0x00	; 0
    1d14:	0e 94 73 06 	call	0xce6	; 0xce6 <TwoWire::write(int) [clone .constprop.69]>
endTransmission():
/Users/leyry/Library/Arduino15/packages/MiniCore/hardware/avr/3.1.1/libraries/Wire/src/Wire.cpp:239
//  This provides backwards compatibility with the original
//  definition, and expected behaviour, of endTransmission
//
uint8_t TwoWire::endTransmission(void)
{
  return endTransmission(true);
    1d18:	81 e0       	ldi	r24, 0x01	; 1
    1d1a:	0e 94 65 01 	call	0x2ca	; 0x2ca <TwoWire::endTransmission(unsigned char) [clone .constprop.60]>
initAht():
/Users/leyry/Documents/Electronique/Thermonuino/main/modules/sonde/SondeDataService.cpp:59
  if (Wire.endTransmission() != 0) {
    1d1e:	81 11       	cpse	r24, r1
    1d20:	29 c0       	rjmp	.+82     	; 0x1d74 <SondeDataService::update(unsigned long, bool) [clone .constprop.50]+0x10a>
/Users/leyry/Documents/Electronique/Thermonuino/main/modules/sonde/SondeDataService.cpp:63
    return false;
  }

  delay(10);
    1d22:	6a e0       	ldi	r22, 0x0A	; 10
    1d24:	70 e0       	ldi	r23, 0x00	; 0
    1d26:	80 e0       	ldi	r24, 0x00	; 0
    1d28:	90 e0       	ldi	r25, 0x00	; 0
    1d2a:	0e 94 32 05 	call	0xa64	; 0xa64 <delay>
/Users/leyry/Documents/Electronique/Thermonuino/main/modules/sonde/SondeDataService.cpp:64
  uint8_t status = 0;
    1d2e:	19 82       	std	Y+1, r1	; 0x01
/Users/leyry/Documents/Electronique/Thermonuino/main/modules/sonde/SondeDataService.cpp:65
  return readAhtStatus(status);
    1d30:	ce 01       	movw	r24, r28
    1d32:	01 96       	adiw	r24, 0x01	; 1
    1d34:	0e 94 1e 0e 	call	0x1c3c	; 0x1c3c <SondeDataService::readAhtStatus(unsigned char&) [clone .constprop.55]>
readAhtTemperatureDeciC():
/Users/leyry/Documents/Electronique/Thermonuino/main/modules/sonde/SondeDataService.cpp:74
  uint8_t status = 0;
  if (!readAhtStatus(status)) {
    return false;
  }

  if ((status & 0x08) == 0 && !initAht()) {
    1d38:	88 23       	and	r24, r24
    1d3a:	09 f4       	brne	.+2      	; 0x1d3e <SondeDataService::update(unsigned long, bool) [clone .constprop.50]+0xd4>
    1d3c:	7c c0       	rjmp	.+248    	; 0x1e36 <SondeDataService::update(unsigned long, bool) [clone .constprop.50]+0x1cc>
beginTransmission():
/Users/leyry/Library/Arduino15/packages/MiniCore/hardware/avr/3.1.1/libraries/Wire/src/Wire.cpp:196
}

void TwoWire::beginTransmission(uint8_t address)
{
  // indicate that we are transmitting
  transmitting = 1;
    1d3e:	81 e0       	ldi	r24, 0x01	; 1
    1d40:	80 93 9f 02 	sts	0x029F, r24	; 0x80029f <TwoWire::transmitting>
/Users/leyry/Library/Arduino15/packages/MiniCore/hardware/avr/3.1.1/libraries/Wire/src/Wire.cpp:198
  // set address of targeted slave
  txAddress = address;
    1d44:	88 e3       	ldi	r24, 0x38	; 56
    1d46:	80 93 c1 02 	sts	0x02C1, r24	; 0x8002c1 <TwoWire::txAddress>
/Users/leyry/Library/Arduino15/packages/MiniCore/hardware/avr/3.1.1/libraries/Wire/src/Wire.cpp:200
  // reset tx buffer iterator vars
  txBufferIndex = 0;
    1d4a:	10 92 a0 02 	sts	0x02A0, r1	; 0x8002a0 <TwoWire::txBufferIndex>
/Users/leyry/Library/Arduino15/packages/MiniCore/hardware/avr/3.1.1/libraries/Wire/src/Wire.cpp:201
  txBufferLength = 0;
    1d4e:	10 92 c2 02 	sts	0x02C2, r1	; 0x8002c2 <TwoWire::txBufferLength>
readAhtTemperatureDeciC():
/Users/leyry/Documents/Electronique/Thermonuino/main/modules/sonde/SondeDataService.cpp:79
    return false;
  }

  Wire.beginTransmission(AhtAddr);
  Wire.write(0xAC);
    1d52:	8c ea       	ldi	r24, 0xAC	; 172
    1d54:	90 e0       	ldi	r25, 0x00	; 0
    1d56:	0e 94 73 06 	call	0xce6	; 0xce6 <TwoWire::write(int) [clone .constprop.69]>
/Users/leyry/Documents/Electronique/Thermonuino/main/modules/sonde/SondeDataService.cpp:80
  Wire.write(0x33);
    1d5a:	83 e3       	ldi	r24, 0x33	; 51
    1d5c:	90 e0       	ldi	r25, 0x00	; 0
    1d5e:	0e 94 73 06 	call	0xce6	; 0xce6 <TwoWire::write(int) [clone .constprop.69]>
/Users/leyry/Documents/Electronique/Thermonuino/main/modules/sonde/SondeDataService.cpp:81
  Wire.write(0x00);
    1d62:	90 e0       	ldi	r25, 0x00	; 0
    1d64:	80 e0       	ldi	r24, 0x00	; 0
    1d66:	0e 94 73 06 	call	0xce6	; 0xce6 <TwoWire::write(int) [clone .constprop.69]>
endTransmission():
/Users/leyry/Library/Arduino15/packages/MiniCore/hardware/avr/3.1.1/libraries/Wire/src/Wire.cpp:239
//  This provides backwards compatibility with the original
//  definition, and expected behaviour, of endTransmission
//
uint8_t TwoWire::endTransmission(void)
{
  return endTransmission(true);
    1d6a:	81 e0       	ldi	r24, 0x01	; 1
    1d6c:	0e 94 65 01 	call	0x2ca	; 0x2ca <TwoWire::endTransmission(unsigned char) [clone .constprop.60]>
readAhtTemperatureDeciC():
/Users/leyry/Documents/Electronique/Thermonuino/main/modules/sonde/SondeDataService.cpp:82
  if (Wire.endTransmission() != 0) {
    1d70:	88 23       	and	r24, r24
    1d72:	11 f0       	breq	.+4      	; 0x1d78 <SondeDataService::update(unsigned long, bool) [clone .constprop.50]+0x10e>
    1d74:	80 e0       	ldi	r24, 0x00	; 0
    1d76:	5f c0       	rjmp	.+190    	; 0x1e36 <SondeDataService::update(unsigned long, bool) [clone .constprop.50]+0x1cc>
/Users/leyry/Documents/Electronique/Thermonuino/main/modules/sonde/SondeDataService.cpp:86
    return false;
  }

  delay(80);
    1d78:	60 e5       	ldi	r22, 0x50	; 80
    1d7a:	70 e0       	ldi	r23, 0x00	; 0
    1d7c:	80 e0       	ldi	r24, 0x00	; 0
    1d7e:	90 e0       	ldi	r25, 0x00	; 0
    1d80:	0e 94 32 05 	call	0xa64	; 0xa64 <delay>
/Users/leyry/Documents/Electronique/Thermonuino/main/modules/sonde/SondeDataService.cpp:87
  uint8_t data[6] = {0};
    1d84:	8e 01       	movw	r16, r28
    1d86:	0f 5f       	subi	r16, 0xFF	; 255
    1d88:	1f 4f       	sbci	r17, 0xFF	; 255
    1d8a:	86 e0       	ldi	r24, 0x06	; 6
    1d8c:	f8 01       	movw	r30, r16
    1d8e:	11 92       	st	Z+, r1
    1d90:	8a 95       	dec	r24
    1d92:	e9 f7       	brne	.-6      	; 0x1d8e <SondeDataService::update(unsigned long, bool) [clone .constprop.50]+0x124>
twi_readFrom():
    1d94:	86 e0       	ldi	r24, 0x06	; 6
    1d96:	0e 94 28 01 	call	0x250	; 0x250 <twi_readFrom.part.0.constprop.63>
    1d9a:	b8 2e       	mov	r11, r24
requestFrom():
/Users/leyry/Library/Arduino15/packages/MiniCore/hardware/avr/3.1.1/libraries/Wire/src/Wire.cpp:120
    quantity = TWI_BUFFER_SIZE;
  }
  // perform blocking read into buffer
  uint8_t read = twi_readFrom(address, rxBuffer, quantity, sendStop);
  // set rx buffer iterator vars
  rxBufferIndex = 0;
    1d9c:	10 92 97 02 	sts	0x0297, r1	; 0x800297 <TwoWire::rxBufferIndex>
/Users/leyry/Library/Arduino15/packages/MiniCore/hardware/avr/3.1.1/libraries/Wire/src/Wire.cpp:121
  rxBufferLength = read;
    1da0:	80 93 96 02 	sts	0x0296, r24	; 0x800296 <TwoWire::rxBufferLength>
readAhtTemperatureDeciC():
/Users/leyry/Documents/Electronique/Thermonuino/main/modules/sonde/SondeDataService.cpp:90
  Wire.requestFrom(AhtAddr, (uint8_t)6);
  for (uint8_t i = 0; i < sizeof(data); i++) {
    if (!Wire.available()) {
    1da4:	80 91 97 02 	lds	r24, 0x0297	; 0x800297 <TwoWire::rxBufferIndex>
    1da8:	b8 16       	cp	r11, r24
    1daa:	21 f3       	breq	.-56     	; 0x1d74 <SondeDataService::update(unsigned long, bool) [clone .constprop.50]+0x10a>
/Users/leyry/Documents/Electronique/Thermonuino/main/modules/sonde/SondeDataService.cpp:93
      return false;
    }
    data[i] = Wire.read();
    1dac:	8c ee       	ldi	r24, 0xEC	; 236
    1dae:	92 e0       	ldi	r25, 0x02	; 2
    1db0:	0e 94 04 06 	call	0xc08	; 0xc08 <TwoWire::read()>
    1db4:	f8 01       	movw	r30, r16
    1db6:	81 93       	st	Z+, r24
    1db8:	8f 01       	movw	r16, r30
/Users/leyry/Documents/Electronique/Thermonuino/main/modules/sonde/SondeDataService.cpp:89
  }

  delay(80);
  uint8_t data[6] = {0};
  Wire.requestFrom(AhtAddr, (uint8_t)6);
  for (uint8_t i = 0; i < sizeof(data); i++) {
    1dba:	ec 15       	cp	r30, r12
    1dbc:	fd 05       	cpc	r31, r13
    1dbe:	91 f7       	brne	.-28     	; 0x1da4 <SondeDataService::update(unsigned long, bool) [clone .constprop.50]+0x13a>
/Users/leyry/Documents/Electronique/Thermonuino/main/modules/sonde/SondeDataService.cpp:96
      return false;
    }
    data[i] = Wire.read();
  }

  if ((data[0] & 0x80) != 0) {
    1dc0:	89 81       	ldd	r24, Y+1	; 0x01
    1dc2:	87 fd       	sbrc	r24, 7
    1dc4:	d7 cf       	rjmp	.-82     	; 0x1d74 <SondeDataService::update(unsigned long, bool) [clone .constprop.50]+0x10a>
/Users/leyry/Documents/Electronique/Thermonuino/main/modules/sonde/SondeDataService.cpp:101
    return false;
  }

  const uint32_t rawTemp =
      (((uint32_t)data[3] & 0x0F) << 16) |
    1dc6:	2c 81       	ldd	r18, Y+4	; 0x04
    1dc8:	30 e0       	ldi	r19, 0x00	; 0
    1dca:	50 e0       	ldi	r21, 0x00	; 0
    1dcc:	40 e0       	ldi	r20, 0x00	; 0
    1dce:	a9 01       	movw	r20, r18
    1dd0:	33 27       	eor	r19, r19
    1dd2:	22 27       	eor	r18, r18
    1dd4:	22 27       	eor	r18, r18
    1dd6:	33 27       	eor	r19, r19
    1dd8:	4f 70       	andi	r20, 0x0F	; 15
    1dda:	55 27       	eor	r21, r21
/Users/leyry/Documents/Electronique/Thermonuino/main/modules/sonde/SondeDataService.cpp:100

  if ((data[0] & 0x80) != 0) {
    return false;
  }

  const uint32_t rawTemp =
    1ddc:	8d 81       	ldd	r24, Y+5	; 0x05
    1dde:	9e 81       	ldd	r25, Y+6	; 0x06
    1de0:	98 27       	eor	r25, r24
    1de2:	89 27       	eor	r24, r25
    1de4:	98 27       	eor	r25, r24
    1de6:	b0 e0       	ldi	r27, 0x00	; 0
    1de8:	a0 e0       	ldi	r26, 0x00	; 0
    1dea:	28 2b       	or	r18, r24
    1dec:	39 2b       	or	r19, r25
    1dee:	4a 2b       	or	r20, r26
    1df0:	5b 2b       	or	r21, r27
/Users/leyry/Documents/Electronique/Thermonuino/main/modules/sonde/SondeDataService.cpp:104
      (((uint32_t)data[3] & 0x0F) << 16) |
      ((uint32_t)data[4] << 8) |
      data[5];
  temperatureDeciC = (int16_t)((rawTemp * 2000UL + 524288UL) / 1048576UL) - 500;
    1df2:	a0 ed       	ldi	r26, 0xD0	; 208
    1df4:	b7 e0       	ldi	r27, 0x07	; 7
    1df6:	0e 94 ce 15 	call	0x2b9c	; 0x2b9c <__muluhisi3>
    1dfa:	dc 01       	movw	r26, r24
    1dfc:	cb 01       	movw	r24, r22
    1dfe:	18 96       	adiw	r26, 0x08	; 8
    1e00:	24 e1       	ldi	r18, 0x14	; 20
    1e02:	b6 95       	lsr	r27
    1e04:	a7 95       	ror	r26
    1e06:	97 95       	ror	r25
    1e08:	87 95       	ror	r24
    1e0a:	2a 95       	dec	r18
    1e0c:	d1 f7       	brne	.-12     	; 0x1e02 <SondeDataService::update(unsigned long, bool) [clone .constprop.50]+0x198>
roundToHalfDegree():
/Users/leyry/Documents/Electronique/Thermonuino/main/modules/sonde/SondeDataService.cpp:109
  return true;
}

int16_t SondeDataService::roundToHalfDegree(int16_t tempDeciC) {
  if (tempDeciC >= 0) {
    1e0e:	84 3f       	cpi	r24, 0xF4	; 244
    1e10:	f1 e0       	ldi	r31, 0x01	; 1
    1e12:	9f 07       	cpc	r25, r31
    1e14:	1c f4       	brge	.+6      	; 0x1e1c <SondeDataService::update(unsigned long, bool) [clone .constprop.50]+0x1b2>
/Users/leyry/Documents/Electronique/Thermonuino/main/modules/sonde/SondeDataService.cpp:112
    return ((tempDeciC + 2) / 5) * 5;
  }
  return ((tempDeciC - 2) / 5) * 5;
    1e16:	86 5f       	subi	r24, 0xF6	; 246
    1e18:	91 40       	sbci	r25, 0x01	; 1
    1e1a:	02 c0       	rjmp	.+4      	; 0x1e20 <SondeDataService::update(unsigned long, bool) [clone .constprop.50]+0x1b6>
/Users/leyry/Documents/Electronique/Thermonuino/main/modules/sonde/SondeDataService.cpp:110
  return true;
}

int16_t SondeDataService::roundToHalfDegree(int16_t tempDeciC) {
  if (tempDeciC >= 0) {
    return ((tempDeciC + 2) / 5) * 5;
    1e1c:	82 5f       	subi	r24, 0xF2	; 242
    1e1e:	91 40       	sbci	r25, 0x01	; 1
/Users/leyry/Documents/Electronique/Thermonuino/main/modules/sonde/SondeDataService.cpp:112
  }
  return ((tempDeciC - 2) / 5) * 5;
    1e20:	65 e0       	ldi	r22, 0x05	; 5
    1e22:	70 e0       	ldi	r23, 0x00	; 0
    1e24:	0e 94 83 15 	call	0x2b06	; 0x2b06 <__divmodhi4>
    1e28:	85 e0       	ldi	r24, 0x05	; 5
    1e2a:	86 9f       	mul	r24, r22
    1e2c:	70 01       	movw	r14, r0
    1e2e:	87 9f       	mul	r24, r23
    1e30:	f0 0c       	add	r15, r0
    1e32:	11 24       	eor	r1, r1
    1e34:	81 e0       	ldi	r24, 0x01	; 1
_ZN16SondeDataService6updateEmb.constprop.50():
/Users/leyry/Documents/Electronique/Thermonuino/main/modules/sonde/SondeDataService.cpp:20
  int16_t newTemp = currentTempDeciC_;
  const bool newValid = readAhtTemperatureDeciC(newTemp);
  if (newValid) {
    newTemp = roundToHalfDegree(newTemp);
  }
  const bool changed = newValid != currentTempKnown_ ||
    1e36:	90 91 9e 02 	lds	r25, 0x029E	; 0x80029e <dataService+0x6>
    1e3a:	41 e0       	ldi	r20, 0x01	; 1
    1e3c:	98 13       	cpse	r25, r24
    1e3e:	0b c0       	rjmp	.+22     	; 0x1e56 <SondeDataService::update(unsigned long, bool) [clone .constprop.50]+0x1ec>
    1e40:	88 23       	and	r24, r24
    1e42:	41 f0       	breq	.+16     	; 0x1e54 <SondeDataService::update(unsigned long, bool) [clone .constprop.50]+0x1ea>
/Users/leyry/Documents/Electronique/Thermonuino/main/modules/sonde/SondeDataService.cpp:21
      (newValid && newTemp != currentTempDeciC_);
    1e44:	41 e0       	ldi	r20, 0x01	; 1
    1e46:	20 91 9c 02 	lds	r18, 0x029C	; 0x80029c <dataService+0x4>
    1e4a:	30 91 9d 02 	lds	r19, 0x029D	; 0x80029d <dataService+0x5>
    1e4e:	2e 15       	cp	r18, r14
    1e50:	3f 05       	cpc	r19, r15
    1e52:	09 f4       	brne	.+2      	; 0x1e56 <SondeDataService::update(unsigned long, bool) [clone .constprop.50]+0x1ec>
/Users/leyry/Documents/Electronique/Thermonuino/main/modules/sonde/SondeDataService.cpp:20
  int16_t newTemp = currentTempDeciC_;
  const bool newValid = readAhtTemperatureDeciC(newTemp);
  if (newValid) {
    newTemp = roundToHalfDegree(newTemp);
  }
  const bool changed = newValid != currentTempKnown_ ||
    1e54:	40 e0       	ldi	r20, 0x00	; 0
/Users/leyry/Documents/Electronique/Thermonuino/main/modules/sonde/SondeDataService.cpp:23
      (newValid && newTemp != currentTempDeciC_);

  currentTempKnown_ = newValid;
    1e56:	80 93 9e 02 	sts	0x029E, r24	; 0x80029e <dataService+0x6>
/Users/leyry/Documents/Electronique/Thermonuino/main/modules/sonde/SondeDataService.cpp:24
  if (newValid) {
    1e5a:	88 23       	and	r24, r24
    1e5c:	21 f0       	breq	.+8      	; 0x1e66 <SondeDataService::update(unsigned long, bool) [clone .constprop.50]+0x1fc>
/Users/leyry/Documents/Electronique/Thermonuino/main/modules/sonde/SondeDataService.cpp:25
    currentTempDeciC_ = newTemp;
    1e5e:	f0 92 9d 02 	sts	0x029D, r15	; 0x80029d <dataService+0x5>
    1e62:	e0 92 9c 02 	sts	0x029C, r14	; 0x80029c <dataService+0x4>
/Users/leyry/Documents/Electronique/Thermonuino/main/modules/sonde/SondeDataService.cpp:28
  }
  return changed;
}
    1e66:	84 2f       	mov	r24, r20
    1e68:	27 96       	adiw	r28, 0x07	; 7
    1e6a:	0f b6       	in	r0, 0x3f	; 63
    1e6c:	f8 94       	cli
    1e6e:	de bf       	out	0x3e, r29	; 62
    1e70:	0f be       	out	0x3f, r0	; 63
    1e72:	cd bf       	out	0x3d, r28	; 61
    1e74:	df 91       	pop	r29
    1e76:	cf 91       	pop	r28
    1e78:	1f 91       	pop	r17
    1e7a:	0f 91       	pop	r16
    1e7c:	ff 90       	pop	r15
    1e7e:	ef 90       	pop	r14
    1e80:	df 90       	pop	r13
    1e82:	cf 90       	pop	r12
    1e84:	bf 90       	pop	r11
    1e86:	08 95       	ret

00001e88 <__vector_16>:
__vector_16():
/Users/leyry/Library/Arduino15/packages/MiniCore/hardware/avr/3.1.1/cores/MCUdude_corefiles/wiring.c:159
#if defined(__AVR_ATtiny24__) || defined(__AVR_ATtiny44__) || defined(__AVR_ATtiny84__)
ISR(TIM0_OVF_vect)
#else
ISR(TIMER0_OVF_vect)
#endif
{
    1e88:	1f 92       	push	r1
    1e8a:	0f 92       	push	r0
    1e8c:	0f b6       	in	r0, 0x3f	; 63
    1e8e:	0f 92       	push	r0
    1e90:	11 24       	eor	r1, r1
    1e92:	2f 93       	push	r18
    1e94:	3f 93       	push	r19
    1e96:	8f 93       	push	r24
    1e98:	9f 93       	push	r25
    1e9a:	af 93       	push	r26
    1e9c:	bf 93       	push	r27
/Users/leyry/Library/Arduino15/packages/MiniCore/hardware/avr/3.1.1/cores/MCUdude_corefiles/wiring.c:167
  static unsigned char timer0_exact = 0;
#endif

  // copy these to local variables so they can be stored in registers
  // (volatile variables must be read from memory on every access, so this saves time)
  unsigned long m = timer0_millis;
    1e9e:	80 91 88 02 	lds	r24, 0x0288	; 0x800288 <timer0_millis>
    1ea2:	90 91 89 02 	lds	r25, 0x0289	; 0x800289 <timer0_millis+0x1>
    1ea6:	a0 91 8a 02 	lds	r26, 0x028A	; 0x80028a <timer0_millis+0x2>
    1eaa:	b0 91 8b 02 	lds	r27, 0x028B	; 0x80028b <timer0_millis+0x3>
/Users/leyry/Library/Arduino15/packages/MiniCore/hardware/avr/3.1.1/cores/MCUdude_corefiles/wiring.c:168
  unsigned char f = timer0_fract;
    1eae:	30 91 87 02 	lds	r19, 0x0287	; 0x800287 <timer0_fract>
/Users/leyry/Library/Arduino15/packages/MiniCore/hardware/avr/3.1.1/cores/MCUdude_corefiles/wiring.c:170

  f += FRACT_INC FRACT_INC_PLUS;
    1eb2:	26 e0       	ldi	r18, 0x06	; 6
    1eb4:	23 0f       	add	r18, r19
/Users/leyry/Library/Arduino15/packages/MiniCore/hardware/avr/3.1.1/cores/MCUdude_corefiles/wiring.c:200
    ++f;
  }
#endif
#endif // CORRECT_EXACT_MILLIS

  if (f >= FRACT_MAX) {
    1eb6:	2d 37       	cpi	r18, 0x7D	; 125
    1eb8:	68 f1       	brcs	.+90     	; 0x1f14 <__vector_16+0x8c>
/Users/leyry/Library/Arduino15/packages/MiniCore/hardware/avr/3.1.1/cores/MCUdude_corefiles/wiring.c:201
    f -= FRACT_MAX;
    1eba:	29 e8       	ldi	r18, 0x89	; 137
    1ebc:	23 0f       	add	r18, r19
/Users/leyry/Library/Arduino15/packages/MiniCore/hardware/avr/3.1.1/cores/MCUdude_corefiles/wiring.c:202
    m += MILLIS_INC + 1;
    1ebe:	03 96       	adiw	r24, 0x03	; 3
    1ec0:	a1 1d       	adc	r26, r1
    1ec2:	b1 1d       	adc	r27, r1
/Users/leyry/Library/Arduino15/packages/MiniCore/hardware/avr/3.1.1/cores/MCUdude_corefiles/wiring.c:208
  }
  else {
    m += MILLIS_INC;
  }

  timer0_fract = f;
    1ec4:	20 93 87 02 	sts	0x0287, r18	; 0x800287 <timer0_fract>
/Users/leyry/Library/Arduino15/packages/MiniCore/hardware/avr/3.1.1/cores/MCUdude_corefiles/wiring.c:209
  timer0_millis = m;
    1ec8:	80 93 88 02 	sts	0x0288, r24	; 0x800288 <timer0_millis>
    1ecc:	90 93 89 02 	sts	0x0289, r25	; 0x800289 <timer0_millis+0x1>
    1ed0:	a0 93 8a 02 	sts	0x028A, r26	; 0x80028a <timer0_millis+0x2>
    1ed4:	b0 93 8b 02 	sts	0x028B, r27	; 0x80028b <timer0_millis+0x3>
/Users/leyry/Library/Arduino15/packages/MiniCore/hardware/avr/3.1.1/cores/MCUdude_corefiles/wiring.c:211
#ifndef CORRECT_EXACT_MICROS
  timer0_overflow_count++;
    1ed8:	80 91 8c 02 	lds	r24, 0x028C	; 0x80028c <timer0_overflow_count>
    1edc:	90 91 8d 02 	lds	r25, 0x028D	; 0x80028d <timer0_overflow_count+0x1>
    1ee0:	a0 91 8e 02 	lds	r26, 0x028E	; 0x80028e <timer0_overflow_count+0x2>
    1ee4:	b0 91 8f 02 	lds	r27, 0x028F	; 0x80028f <timer0_overflow_count+0x3>
    1ee8:	01 96       	adiw	r24, 0x01	; 1
    1eea:	a1 1d       	adc	r26, r1
    1eec:	b1 1d       	adc	r27, r1
    1eee:	80 93 8c 02 	sts	0x028C, r24	; 0x80028c <timer0_overflow_count>
    1ef2:	90 93 8d 02 	sts	0x028D, r25	; 0x80028d <timer0_overflow_count+0x1>
    1ef6:	a0 93 8e 02 	sts	0x028E, r26	; 0x80028e <timer0_overflow_count+0x2>
    1efa:	b0 93 8f 02 	sts	0x028F, r27	; 0x80028f <timer0_overflow_count+0x3>
/Users/leyry/Library/Arduino15/packages/MiniCore/hardware/avr/3.1.1/cores/MCUdude_corefiles/wiring.c:213
#endif
}
    1efe:	bf 91       	pop	r27
    1f00:	af 91       	pop	r26
    1f02:	9f 91       	pop	r25
    1f04:	8f 91       	pop	r24
    1f06:	3f 91       	pop	r19
    1f08:	2f 91       	pop	r18
    1f0a:	0f 90       	pop	r0
    1f0c:	0f be       	out	0x3f, r0	; 63
    1f0e:	0f 90       	pop	r0
    1f10:	1f 90       	pop	r1
    1f12:	18 95       	reti
/Users/leyry/Library/Arduino15/packages/MiniCore/hardware/avr/3.1.1/cores/MCUdude_corefiles/wiring.c:205
  if (f >= FRACT_MAX) {
    f -= FRACT_MAX;
    m += MILLIS_INC + 1;
  }
  else {
    m += MILLIS_INC;
    1f14:	02 96       	adiw	r24, 0x02	; 2
    1f16:	a1 1d       	adc	r26, r1
    1f18:	b1 1d       	adc	r27, r1
    1f1a:	d4 cf       	rjmp	.-88     	; 0x1ec4 <__vector_16+0x3c>

00001f1c <__vector_6>:
__vector_6():
/Users/leyry/Documents/Electronique/Thermonuino/main/lib/Thermonuino-commons/src/ThermioSlavePower.cpp:27
  if (gPinChangeCallback != nullptr) {
    gPinChangeCallback();
  }
}

ISR(WDT_vect) {
    1f1c:	1f 92       	push	r1
    1f1e:	0f 92       	push	r0
    1f20:	0f b6       	in	r0, 0x3f	; 63
    1f22:	0f 92       	push	r0
    1f24:	11 24       	eor	r1, r1
    1f26:	8f 93       	push	r24
    1f28:	9f 93       	push	r25
/Users/leyry/Documents/Electronique/Thermonuino/main/lib/Thermonuino-commons/src/ThermioSlavePower.cpp:28
  gWatchdogTicks++;
    1f2a:	80 91 76 02 	lds	r24, 0x0276	; 0x800276 <(anonymous namespace)::gWatchdogTicks>
    1f2e:	90 91 77 02 	lds	r25, 0x0277	; 0x800277 <(anonymous namespace)::gWatchdogTicks+0x1>
    1f32:	01 96       	adiw	r24, 0x01	; 1
    1f34:	90 93 77 02 	sts	0x0277, r25	; 0x800277 <(anonymous namespace)::gWatchdogTicks+0x1>
    1f38:	80 93 76 02 	sts	0x0276, r24	; 0x800276 <(anonymous namespace)::gWatchdogTicks>
/Users/leyry/Documents/Electronique/Thermonuino/main/lib/Thermonuino-commons/src/ThermioSlavePower.cpp:29
}
    1f3c:	9f 91       	pop	r25
    1f3e:	8f 91       	pop	r24
    1f40:	0f 90       	pop	r0
    1f42:	0f be       	out	0x3f, r0	; 63
    1f44:	0f 90       	pop	r0
    1f46:	1f 90       	pop	r1
    1f48:	18 95       	reti

00001f4a <__vector_4>:
__vector_4():
/Users/leyry/Documents/Electronique/Thermonuino/main/lib/Thermonuino-commons/src/ThermioSlavePower.cpp:13
volatile bool gPinWake = false;
volatile uint16_t gWatchdogTicks = 0;
ThermioSlavePower::PinChangeCallback gPinChangeCallback = nullptr;
}

ISR(PCINT1_vect) {
    1f4a:	1f 92       	push	r1
    1f4c:	0f 92       	push	r0
    1f4e:	0f b6       	in	r0, 0x3f	; 63
    1f50:	0f 92       	push	r0
    1f52:	11 24       	eor	r1, r1
    1f54:	2f 93       	push	r18
    1f56:	3f 93       	push	r19
    1f58:	4f 93       	push	r20
    1f5a:	5f 93       	push	r21
    1f5c:	6f 93       	push	r22
    1f5e:	7f 93       	push	r23
    1f60:	8f 93       	push	r24
    1f62:	9f 93       	push	r25
    1f64:	af 93       	push	r26
    1f66:	bf 93       	push	r27
    1f68:	ef 93       	push	r30
    1f6a:	ff 93       	push	r31
/Users/leyry/Documents/Electronique/Thermonuino/main/lib/Thermonuino-commons/src/ThermioSlavePower.cpp:14
  gPinWake = true;
    1f6c:	81 e0       	ldi	r24, 0x01	; 1
    1f6e:	80 93 75 02 	sts	0x0275, r24	; 0x800275 <(anonymous namespace)::gPinWake>
/Users/leyry/Documents/Electronique/Thermonuino/main/lib/Thermonuino-commons/src/ThermioSlavePower.cpp:15
  if (gPinChangeCallback != nullptr) {
    1f72:	e0 91 7d 02 	lds	r30, 0x027D	; 0x80027d <(anonymous namespace)::gPinChangeCallback>
    1f76:	f0 91 7e 02 	lds	r31, 0x027E	; 0x80027e <(anonymous namespace)::gPinChangeCallback+0x1>
    1f7a:	30 97       	sbiw	r30, 0x00	; 0
    1f7c:	09 f0       	breq	.+2      	; 0x1f80 <__vector_4+0x36>
/Users/leyry/Documents/Electronique/Thermonuino/main/lib/Thermonuino-commons/src/ThermioSlavePower.cpp:16
    gPinChangeCallback();
    1f7e:	09 95       	icall
/Users/leyry/Documents/Electronique/Thermonuino/main/lib/Thermonuino-commons/src/ThermioSlavePower.cpp:18
  }
}
    1f80:	ff 91       	pop	r31
    1f82:	ef 91       	pop	r30
    1f84:	bf 91       	pop	r27
    1f86:	af 91       	pop	r26
    1f88:	9f 91       	pop	r25
    1f8a:	8f 91       	pop	r24
    1f8c:	7f 91       	pop	r23
    1f8e:	6f 91       	pop	r22
    1f90:	5f 91       	pop	r21
    1f92:	4f 91       	pop	r20
    1f94:	3f 91       	pop	r19
    1f96:	2f 91       	pop	r18
    1f98:	0f 90       	pop	r0
    1f9a:	0f be       	out	0x3f, r0	; 63
    1f9c:	0f 90       	pop	r0
    1f9e:	1f 90       	pop	r1
    1fa0:	18 95       	reti

00001fa2 <__vector_5>:
__vector_5():
    1fa2:	1f 92       	push	r1
    1fa4:	0f 92       	push	r0
    1fa6:	0f b6       	in	r0, 0x3f	; 63
    1fa8:	0f 92       	push	r0
    1faa:	11 24       	eor	r1, r1
    1fac:	2f 93       	push	r18
    1fae:	3f 93       	push	r19
    1fb0:	4f 93       	push	r20
    1fb2:	5f 93       	push	r21
    1fb4:	6f 93       	push	r22
    1fb6:	7f 93       	push	r23
    1fb8:	8f 93       	push	r24
    1fba:	9f 93       	push	r25
    1fbc:	af 93       	push	r26
    1fbe:	bf 93       	push	r27
    1fc0:	ef 93       	push	r30
    1fc2:	ff 93       	push	r31
    1fc4:	0e 94 a5 0f 	call	0x1f4a	; 0x1f4a <__vector_4>
    1fc8:	ff 91       	pop	r31
    1fca:	ef 91       	pop	r30
    1fcc:	bf 91       	pop	r27
    1fce:	af 91       	pop	r26
    1fd0:	9f 91       	pop	r25
    1fd2:	8f 91       	pop	r24
    1fd4:	7f 91       	pop	r23
    1fd6:	6f 91       	pop	r22
    1fd8:	5f 91       	pop	r21
    1fda:	4f 91       	pop	r20
    1fdc:	3f 91       	pop	r19
    1fde:	2f 91       	pop	r18
    1fe0:	0f 90       	pop	r0
    1fe2:	0f be       	out	0x3f, r0	; 63
    1fe4:	0f 90       	pop	r0
    1fe6:	1f 90       	pop	r1
    1fe8:	18 95       	reti

00001fea <__vector_24>:
__vector_24():
/Users/leyry/Library/Arduino15/packages/MiniCore/hardware/avr/3.1.1/libraries/Wire/src/utility/twi.c:534
  }
  return(flag);
}

ISR(TWI_vect)
{
    1fea:	1f 92       	push	r1
    1fec:	0f 92       	push	r0
    1fee:	0f b6       	in	r0, 0x3f	; 63
    1ff0:	0f 92       	push	r0
    1ff2:	11 24       	eor	r1, r1
    1ff4:	2f 93       	push	r18
    1ff6:	3f 93       	push	r19
    1ff8:	4f 93       	push	r20
    1ffa:	5f 93       	push	r21
    1ffc:	6f 93       	push	r22
    1ffe:	7f 93       	push	r23
    2000:	8f 93       	push	r24
    2002:	9f 93       	push	r25
    2004:	af 93       	push	r26
    2006:	bf 93       	push	r27
    2008:	ef 93       	push	r30
    200a:	ff 93       	push	r31
/Users/leyry/Library/Arduino15/packages/MiniCore/hardware/avr/3.1.1/libraries/Wire/src/utility/twi.c:535
  switch(TW_STATUS){
    200c:	80 91 b9 00 	lds	r24, 0x00B9	; 0x8000b9 <__DATA_REGION_ORIGIN__+0x59>
    2010:	88 7f       	andi	r24, 0xF8	; 248
    2012:	80 36       	cpi	r24, 0x60	; 96
    2014:	09 f4       	brne	.+2      	; 0x2018 <__vector_24+0x2e>
    2016:	4a c0       	rjmp	.+148    	; 0x20ac <__vector_24+0xc2>
    2018:	f0 f5       	brcc	.+124    	; 0x2096 <__vector_24+0xac>
    201a:	88 32       	cpi	r24, 0x28	; 40
    201c:	09 f4       	brne	.+2      	; 0x2020 <__vector_24+0x36>
    201e:	a7 c0       	rjmp	.+334    	; 0x216e <__vector_24+0x184>
    2020:	18 f5       	brcc	.+70     	; 0x2068 <__vector_24+0x7e>
    2022:	80 31       	cpi	r24, 0x10	; 16
    2024:	09 f4       	brne	.+2      	; 0x2028 <__vector_24+0x3e>
    2026:	9b c0       	rjmp	.+310    	; 0x215e <__vector_24+0x174>
    2028:	b8 f4       	brcc	.+46     	; 0x2058 <__vector_24+0x6e>
    202a:	88 23       	and	r24, r24
    202c:	09 f4       	brne	.+2      	; 0x2030 <__vector_24+0x46>
    202e:	05 c1       	rjmp	.+522    	; 0x223a <__vector_24+0x250>
    2030:	88 30       	cpi	r24, 0x08	; 8
    2032:	09 f4       	brne	.+2      	; 0x2036 <__vector_24+0x4c>
    2034:	94 c0       	rjmp	.+296    	; 0x215e <__vector_24+0x174>
/Users/leyry/Library/Arduino15/packages/MiniCore/hardware/avr/3.1.1/libraries/Wire/src/utility/twi.c:696
    case TW_BUS_ERROR: // bus error, illegal stop/start
      twi_error = TW_BUS_ERROR;
      twi_stop();
      break;
  }
}
    2036:	ff 91       	pop	r31
    2038:	ef 91       	pop	r30
    203a:	bf 91       	pop	r27
    203c:	af 91       	pop	r26
    203e:	9f 91       	pop	r25
    2040:	8f 91       	pop	r24
    2042:	7f 91       	pop	r23
    2044:	6f 91       	pop	r22
    2046:	5f 91       	pop	r21
    2048:	4f 91       	pop	r20
    204a:	3f 91       	pop	r19
    204c:	2f 91       	pop	r18
    204e:	0f 90       	pop	r0
    2050:	0f be       	out	0x3f, r0	; 63
    2052:	0f 90       	pop	r0
    2054:	1f 90       	pop	r1
    2056:	18 95       	reti
/Users/leyry/Library/Arduino15/packages/MiniCore/hardware/avr/3.1.1/libraries/Wire/src/utility/twi.c:535
  return(flag);
}

ISR(TWI_vect)
{
  switch(TW_STATUS){
    2058:	88 31       	cpi	r24, 0x18	; 24
    205a:	09 f4       	brne	.+2      	; 0x205e <__vector_24+0x74>
    205c:	88 c0       	rjmp	.+272    	; 0x216e <__vector_24+0x184>
    205e:	80 32       	cpi	r24, 0x20	; 32
    2060:	51 f7       	brne	.-44     	; 0x2036 <__vector_24+0x4c>
/Users/leyry/Library/Arduino15/packages/MiniCore/hardware/avr/3.1.1/libraries/Wire/src/utility/twi.c:570
    case TW_MT_SLA_NACK:  // address sent, nack received
      twi_error = TW_MT_SLA_NACK;
      twi_stop();
      break;
    case TW_MT_DATA_NACK: // data sent, nack received
      twi_error = TW_MT_DATA_NACK;
    2062:	80 93 e9 02 	sts	0x02E9, r24	; 0x8002e9 <twi_error>
    2066:	14 c0       	rjmp	.+40     	; 0x2090 <__vector_24+0xa6>
/Users/leyry/Library/Arduino15/packages/MiniCore/hardware/avr/3.1.1/libraries/Wire/src/utility/twi.c:535
  return(flag);
}

ISR(TWI_vect)
{
  switch(TW_STATUS){
    2068:	80 34       	cpi	r24, 0x40	; 64
    206a:	09 f4       	brne	.+2      	; 0x206e <__vector_24+0x84>
    206c:	a5 c0       	rjmp	.+330    	; 0x21b8 <__vector_24+0x1ce>
    206e:	40 f4       	brcc	.+16     	; 0x2080 <__vector_24+0x96>
    2070:	80 33       	cpi	r24, 0x30	; 48
    2072:	b9 f3       	breq	.-18     	; 0x2062 <__vector_24+0x78>
    2074:	88 33       	cpi	r24, 0x38	; 56
    2076:	f9 f6       	brne	.-66     	; 0x2036 <__vector_24+0x4c>
/Users/leyry/Library/Arduino15/packages/MiniCore/hardware/avr/3.1.1/libraries/Wire/src/utility/twi.c:574
    case TW_MT_DATA_NACK: // data sent, nack received
      twi_error = TW_MT_DATA_NACK;
      twi_stop();
      break;
    case TW_MT_ARB_LOST: // lost bus arbitration
      twi_error = TW_MT_ARB_LOST;
    2078:	80 93 e9 02 	sts	0x02E9, r24	; 0x8002e9 <twi_error>
twi_reply():
/Users/leyry/Library/Arduino15/packages/MiniCore/hardware/avr/3.1.1/libraries/Wire/src/utility/twi.c:421
 */
void twi_reply(uint8_t ack)
{
  // transmit master read ready signal, with or without ack
  if(ack){
    TWCR = _BV(TWEN) | _BV(TWIE) | _BV(TWINT) | _BV(TWEA);
    207c:	85 ec       	ldi	r24, 0xC5	; 197
    207e:	bc c0       	rjmp	.+376    	; 0x21f8 <__vector_24+0x20e>
__vector_24():
/Users/leyry/Library/Arduino15/packages/MiniCore/hardware/avr/3.1.1/libraries/Wire/src/utility/twi.c:535
  return(flag);
}

ISR(TWI_vect)
{
  switch(TW_STATUS){
    2080:	80 35       	cpi	r24, 0x50	; 80
    2082:	09 f4       	brne	.+2      	; 0x2086 <__vector_24+0x9c>
    2084:	89 c0       	rjmp	.+274    	; 0x2198 <__vector_24+0x1ae>
    2086:	88 35       	cpi	r24, 0x58	; 88
    2088:	09 f4       	brne	.+2      	; 0x208c <__vector_24+0xa2>
    208a:	9e c0       	rjmp	.+316    	; 0x21c8 <__vector_24+0x1de>
    208c:	88 34       	cpi	r24, 0x48	; 72
    208e:	99 f6       	brne	.-90     	; 0x2036 <__vector_24+0x4c>
/Users/leyry/Library/Arduino15/packages/MiniCore/hardware/avr/3.1.1/libraries/Wire/src/utility/twi.c:693
    // All
    case TW_NO_INFO:   // no state information
      break;
    case TW_BUS_ERROR: // bus error, illegal stop/start
      twi_error = TW_BUS_ERROR;
      twi_stop();
    2090:	0e 94 c3 05 	call	0xb86	; 0xb86 <twi_stop>
    2094:	d0 cf       	rjmp	.-96     	; 0x2036 <__vector_24+0x4c>
/Users/leyry/Library/Arduino15/packages/MiniCore/hardware/avr/3.1.1/libraries/Wire/src/utility/twi.c:535
  return(flag);
}

ISR(TWI_vect)
{
  switch(TW_STATUS){
    2096:	88 39       	cpi	r24, 0x98	; 152
    2098:	09 f4       	brne	.+2      	; 0x209c <__vector_24+0xb2>
    209a:	94 c0       	rjmp	.+296    	; 0x21c4 <__vector_24+0x1da>
    209c:	38 f5       	brcc	.+78     	; 0x20ec <__vector_24+0x102>
    209e:	88 37       	cpi	r24, 0x78	; 120
    20a0:	29 f0       	breq	.+10     	; 0x20ac <__vector_24+0xc2>
    20a2:	50 f4       	brcc	.+20     	; 0x20b8 <__vector_24+0xce>
    20a4:	88 36       	cpi	r24, 0x68	; 104
    20a6:	11 f0       	breq	.+4      	; 0x20ac <__vector_24+0xc2>
    20a8:	80 37       	cpi	r24, 0x70	; 112
    20aa:	29 f6       	brne	.-118    	; 0x2036 <__vector_24+0x4c>
/Users/leyry/Library/Arduino15/packages/MiniCore/hardware/avr/3.1.1/libraries/Wire/src/utility/twi.c:616
    case TW_SR_SLA_ACK:   // addressed, returned ack
    case TW_SR_GCALL_ACK: // addressed generally, returned ack
    case TW_SR_ARB_LOST_SLA_ACK:   // lost arbitration, returned ack
    case TW_SR_ARB_LOST_GCALL_ACK: // lost arbitration, returned ack
      // enter slave receiver mode
      twi_state = TWI_SRX;
    20ac:	83 e0       	ldi	r24, 0x03	; 3
    20ae:	80 93 eb 02 	sts	0x02EB, r24	; 0x8002eb <twi_state>
/Users/leyry/Library/Arduino15/packages/MiniCore/hardware/avr/3.1.1/libraries/Wire/src/utility/twi.c:618
      // indicate that rx buffer can be overwritten and ack
      twi_rxBufferIndex = 0;
    20b2:	10 92 74 02 	sts	0x0274, r1	; 0x800274 <twi_rxBufferIndex>
    20b6:	57 c0       	rjmp	.+174    	; 0x2166 <__vector_24+0x17c>
/Users/leyry/Library/Arduino15/packages/MiniCore/hardware/avr/3.1.1/libraries/Wire/src/utility/twi.c:535
  return(flag);
}

ISR(TWI_vect)
{
  switch(TW_STATUS){
    20b8:	88 38       	cpi	r24, 0x88	; 136
    20ba:	09 f4       	brne	.+2      	; 0x20be <__vector_24+0xd4>
    20bc:	83 c0       	rjmp	.+262    	; 0x21c4 <__vector_24+0x1da>
    20be:	80 39       	cpi	r24, 0x90	; 144
    20c0:	19 f0       	breq	.+6      	; 0x20c8 <__vector_24+0xde>
    20c2:	80 38       	cpi	r24, 0x80	; 128
    20c4:	09 f0       	breq	.+2      	; 0x20c8 <__vector_24+0xde>
    20c6:	b7 cf       	rjmp	.-146    	; 0x2036 <__vector_24+0x4c>
/Users/leyry/Library/Arduino15/packages/MiniCore/hardware/avr/3.1.1/libraries/Wire/src/utility/twi.c:624
      twi_reply(1);
      break;
    case TW_SR_DATA_ACK:       // data received, returned ack
    case TW_SR_GCALL_DATA_ACK: // data received generally, returned ack
      // if there is still room in the rx buffer
      if(twi_rxBufferIndex < TWI_BUFFER_SIZE){
    20c8:	80 91 74 02 	lds	r24, 0x0274	; 0x800274 <twi_rxBufferIndex>
    20cc:	80 32       	cpi	r24, 0x20	; 32
    20ce:	08 f0       	brcs	.+2      	; 0x20d2 <__vector_24+0xe8>
    20d0:	79 c0       	rjmp	.+242    	; 0x21c4 <__vector_24+0x1da>
/Users/leyry/Library/Arduino15/packages/MiniCore/hardware/avr/3.1.1/libraries/Wire/src/utility/twi.c:626
        // put byte in buffer and ack
        twi_rxBuffer[twi_rxBufferIndex++] = TWDR;
    20d2:	e0 91 74 02 	lds	r30, 0x0274	; 0x800274 <twi_rxBufferIndex>
    20d6:	81 e0       	ldi	r24, 0x01	; 1
    20d8:	8e 0f       	add	r24, r30
    20da:	80 93 74 02 	sts	0x0274, r24	; 0x800274 <twi_rxBufferIndex>
    20de:	80 91 bb 00 	lds	r24, 0x00BB	; 0x8000bb <__DATA_REGION_ORIGIN__+0x5b>
    20e2:	f0 e0       	ldi	r31, 0x00	; 0
    20e4:	ec 5a       	subi	r30, 0xAC	; 172
    20e6:	fd 4f       	sbci	r31, 0xFD	; 253
    20e8:	80 83       	st	Z, r24
    20ea:	3d c0       	rjmp	.+122    	; 0x2166 <__vector_24+0x17c>
/Users/leyry/Library/Arduino15/packages/MiniCore/hardware/avr/3.1.1/libraries/Wire/src/utility/twi.c:535
  return(flag);
}

ISR(TWI_vect)
{
  switch(TW_STATUS){
    20ec:	80 3b       	cpi	r24, 0xB0	; 176
    20ee:	39 f0       	breq	.+14     	; 0x20fe <__vector_24+0x114>
    20f0:	e0 f4       	brcc	.+56     	; 0x212a <__vector_24+0x140>
    20f2:	80 3a       	cpi	r24, 0xA0	; 160
    20f4:	09 f4       	brne	.+2      	; 0x20f8 <__vector_24+0x10e>
    20f6:	85 c0       	rjmp	.+266    	; 0x2202 <__vector_24+0x218>
    20f8:	88 3a       	cpi	r24, 0xA8	; 168
    20fa:	09 f0       	breq	.+2      	; 0x20fe <__vector_24+0x114>
    20fc:	9c cf       	rjmp	.-200    	; 0x2036 <__vector_24+0x4c>
/Users/leyry/Library/Arduino15/packages/MiniCore/hardware/avr/3.1.1/libraries/Wire/src/utility/twi.c:655

    // Slave Transmitter
    case TW_ST_SLA_ACK:          // addressed, returned ack
    case TW_ST_ARB_LOST_SLA_ACK: // arbitration lost, returned ack
      // enter slave transmitter mode
      twi_state = TWI_STX;
    20fe:	84 e0       	ldi	r24, 0x04	; 4
    2100:	80 93 eb 02 	sts	0x02EB, r24	; 0x8002eb <twi_state>
/Users/leyry/Library/Arduino15/packages/MiniCore/hardware/avr/3.1.1/libraries/Wire/src/utility/twi.c:657
      // ready the tx buffer index for iteration
      twi_txBufferIndex = 0;
    2104:	10 92 53 02 	sts	0x0253, r1	; 0x800253 <twi_txBufferIndex>
/Users/leyry/Library/Arduino15/packages/MiniCore/hardware/avr/3.1.1/libraries/Wire/src/utility/twi.c:659
      // set tx buffer length to be zero, to verify if user changes it
      twi_txBufferLength = 0;
    2108:	10 92 52 02 	sts	0x0252, r1	; 0x800252 <twi_txBufferLength>
/Users/leyry/Library/Arduino15/packages/MiniCore/hardware/avr/3.1.1/libraries/Wire/src/utility/twi.c:662
      // request for txBuffer to be filled and length to be set
      // note: user must call twi_transmit(bytes, length) to do this
      twi_onSlaveTransmit();
    210c:	e0 91 7a 02 	lds	r30, 0x027A	; 0x80027a <twi_onSlaveTransmit>
    2110:	f0 91 7b 02 	lds	r31, 0x027B	; 0x80027b <twi_onSlaveTransmit+0x1>
    2114:	09 95       	icall
/Users/leyry/Library/Arduino15/packages/MiniCore/hardware/avr/3.1.1/libraries/Wire/src/utility/twi.c:664
      // if they didn't change buffer & length, initialize it
      if(0 == twi_txBufferLength){
    2116:	80 91 52 02 	lds	r24, 0x0252	; 0x800252 <twi_txBufferLength>
    211a:	81 11       	cpse	r24, r1
    211c:	0f c0       	rjmp	.+30     	; 0x213c <__vector_24+0x152>
/Users/leyry/Library/Arduino15/packages/MiniCore/hardware/avr/3.1.1/libraries/Wire/src/utility/twi.c:665
        twi_txBufferLength = 1;
    211e:	81 e0       	ldi	r24, 0x01	; 1
    2120:	80 93 52 02 	sts	0x0252, r24	; 0x800252 <twi_txBufferLength>
/Users/leyry/Library/Arduino15/packages/MiniCore/hardware/avr/3.1.1/libraries/Wire/src/utility/twi.c:666
        twi_txBuffer[0] = 0x00;
    2124:	10 92 32 02 	sts	0x0232, r1	; 0x800232 <twi_txBuffer>
    2128:	09 c0       	rjmp	.+18     	; 0x213c <__vector_24+0x152>
/Users/leyry/Library/Arduino15/packages/MiniCore/hardware/avr/3.1.1/libraries/Wire/src/utility/twi.c:535
  return(flag);
}

ISR(TWI_vect)
{
  switch(TW_STATUS){
    212a:	80 3c       	cpi	r24, 0xC0	; 192
    212c:	09 f4       	brne	.+2      	; 0x2130 <__vector_24+0x146>
    212e:	a6 cf       	rjmp	.-180    	; 0x207c <__vector_24+0x92>
    2130:	88 3c       	cpi	r24, 0xC8	; 200
    2132:	09 f4       	brne	.+2      	; 0x2136 <__vector_24+0x14c>
    2134:	a3 cf       	rjmp	.-186    	; 0x207c <__vector_24+0x92>
    2136:	88 3b       	cpi	r24, 0xB8	; 184
    2138:	09 f0       	breq	.+2      	; 0x213c <__vector_24+0x152>
    213a:	7d cf       	rjmp	.-262    	; 0x2036 <__vector_24+0x4c>
/Users/leyry/Library/Arduino15/packages/MiniCore/hardware/avr/3.1.1/libraries/Wire/src/utility/twi.c:672
      }
      // transmit first byte from buffer, fall
      /* fall through */
    case TW_ST_DATA_ACK: // byte sent, ack returned
      // copy data to output register
      TWDR = twi_txBuffer[twi_txBufferIndex++];
    213c:	e0 91 53 02 	lds	r30, 0x0253	; 0x800253 <twi_txBufferIndex>
    2140:	81 e0       	ldi	r24, 0x01	; 1
    2142:	8e 0f       	add	r24, r30
    2144:	80 93 53 02 	sts	0x0253, r24	; 0x800253 <twi_txBufferIndex>
    2148:	f0 e0       	ldi	r31, 0x00	; 0
    214a:	ee 5c       	subi	r30, 0xCE	; 206
    214c:	fd 4f       	sbci	r31, 0xFD	; 253
    214e:	80 81       	ld	r24, Z
    2150:	80 93 bb 00 	sts	0x00BB, r24	; 0x8000bb <__DATA_REGION_ORIGIN__+0x5b>
/Users/leyry/Library/Arduino15/packages/MiniCore/hardware/avr/3.1.1/libraries/Wire/src/utility/twi.c:674
      // if there is more to send, ack, otherwise nack
      if(twi_txBufferIndex < twi_txBufferLength){
    2154:	90 91 53 02 	lds	r25, 0x0253	; 0x800253 <twi_txBufferIndex>
    2158:	80 91 52 02 	lds	r24, 0x0252	; 0x800252 <twi_txBufferLength>
    215c:	31 c0       	rjmp	.+98     	; 0x21c0 <__vector_24+0x1d6>
/Users/leyry/Library/Arduino15/packages/MiniCore/hardware/avr/3.1.1/libraries/Wire/src/utility/twi.c:540
  switch(TW_STATUS){
    // All Master
    case TW_START:     // sent start condition
    case TW_REP_START: // sent repeated start condition
      // copy device address and r/w bit to output register and ack
      TWDR = twi_slarw;
    215e:	80 91 e4 02 	lds	r24, 0x02E4	; 0x8002e4 <twi_slarw>
/Users/leyry/Library/Arduino15/packages/MiniCore/hardware/avr/3.1.1/libraries/Wire/src/utility/twi.c:550
    case TW_MT_SLA_ACK:  // slave receiver acked address
    case TW_MT_DATA_ACK: // slave receiver acked data
      // if there is data to send, send it, otherwise stop
      if(twi_masterBufferIndex < twi_masterBufferLength){
        // copy data to output register and ack
        TWDR = twi_masterBuffer[twi_masterBufferIndex++];
    2162:	80 93 bb 00 	sts	0x00BB, r24	; 0x8000bb <__DATA_REGION_ORIGIN__+0x5b>
twi_reply():
/Users/leyry/Library/Arduino15/packages/MiniCore/hardware/avr/3.1.1/libraries/Wire/src/utility/twi.c:421
 */
void twi_reply(uint8_t ack)
{
  // transmit master read ready signal, with or without ack
  if(ack){
    TWCR = _BV(TWEN) | _BV(TWIE) | _BV(TWINT) | _BV(TWEA);
    2166:	85 ec       	ldi	r24, 0xC5	; 197
/Users/leyry/Library/Arduino15/packages/MiniCore/hardware/avr/3.1.1/libraries/Wire/src/utility/twi.c:423
  }else{
    TWCR = _BV(TWEN) | _BV(TWIE) | _BV(TWINT);
    2168:	80 93 bc 00 	sts	0x00BC, r24	; 0x8000bc <__DATA_REGION_ORIGIN__+0x5c>
    216c:	64 cf       	rjmp	.-312    	; 0x2036 <__vector_24+0x4c>
__vector_24():
/Users/leyry/Library/Arduino15/packages/MiniCore/hardware/avr/3.1.1/libraries/Wire/src/utility/twi.c:548

    // Master Transmitter
    case TW_MT_SLA_ACK:  // slave receiver acked address
    case TW_MT_DATA_ACK: // slave receiver acked data
      // if there is data to send, send it, otherwise stop
      if(twi_masterBufferIndex < twi_masterBufferLength){
    216e:	90 91 e6 02 	lds	r25, 0x02E6	; 0x8002e6 <twi_masterBufferIndex>
    2172:	80 91 e5 02 	lds	r24, 0x02E5	; 0x8002e5 <twi_masterBufferLength>
    2176:	98 17       	cp	r25, r24
    2178:	b8 f5       	brcc	.+110    	; 0x21e8 <__vector_24+0x1fe>
/Users/leyry/Library/Arduino15/packages/MiniCore/hardware/avr/3.1.1/libraries/Wire/src/utility/twi.c:550
        // copy data to output register and ack
        TWDR = twi_masterBuffer[twi_masterBufferIndex++];
    217a:	80 91 e7 02 	lds	r24, 0x02E7	; 0x8002e7 <twi_masterBuffer>
    217e:	90 91 e8 02 	lds	r25, 0x02E8	; 0x8002e8 <twi_masterBuffer+0x1>
    2182:	e0 91 e6 02 	lds	r30, 0x02E6	; 0x8002e6 <twi_masterBufferIndex>
    2186:	21 e0       	ldi	r18, 0x01	; 1
    2188:	2e 0f       	add	r18, r30
    218a:	20 93 e6 02 	sts	0x02E6, r18	; 0x8002e6 <twi_masterBufferIndex>
    218e:	e8 0f       	add	r30, r24
    2190:	f9 2f       	mov	r31, r25
    2192:	f1 1d       	adc	r31, r1
    2194:	80 81       	ld	r24, Z
    2196:	e5 cf       	rjmp	.-54     	; 0x2162 <__vector_24+0x178>
/Users/leyry/Library/Arduino15/packages/MiniCore/hardware/avr/3.1.1/libraries/Wire/src/utility/twi.c:581
      break;

    // Master Receiver
    case TW_MR_DATA_ACK: // data received, ack sent
      // put byte into buffer
      twi_masterBuffer[twi_masterBufferIndex++] = TWDR;
    2198:	20 91 e7 02 	lds	r18, 0x02E7	; 0x8002e7 <twi_masterBuffer>
    219c:	30 91 e8 02 	lds	r19, 0x02E8	; 0x8002e8 <twi_masterBuffer+0x1>
    21a0:	e0 91 e6 02 	lds	r30, 0x02E6	; 0x8002e6 <twi_masterBufferIndex>
    21a4:	81 e0       	ldi	r24, 0x01	; 1
    21a6:	8e 0f       	add	r24, r30
    21a8:	80 93 e6 02 	sts	0x02E6, r24	; 0x8002e6 <twi_masterBufferIndex>
    21ac:	80 91 bb 00 	lds	r24, 0x00BB	; 0x8000bb <__DATA_REGION_ORIGIN__+0x5b>
    21b0:	e2 0f       	add	r30, r18
    21b2:	f3 2f       	mov	r31, r19
    21b4:	f1 1d       	adc	r31, r1
    21b6:	80 83       	st	Z, r24
/Users/leyry/Library/Arduino15/packages/MiniCore/hardware/avr/3.1.1/libraries/Wire/src/utility/twi.c:585
      /* fall through */
    case TW_MR_SLA_ACK:  // address sent, ack received
      // ack if more bytes are expected, otherwise nack
      if(twi_masterBufferIndex < twi_masterBufferLength){
    21b8:	90 91 e6 02 	lds	r25, 0x02E6	; 0x8002e6 <twi_masterBufferIndex>
    21bc:	80 91 e5 02 	lds	r24, 0x02E5	; 0x8002e5 <twi_masterBufferLength>
/Users/leyry/Library/Arduino15/packages/MiniCore/hardware/avr/3.1.1/libraries/Wire/src/utility/twi.c:674
      /* fall through */
    case TW_ST_DATA_ACK: // byte sent, ack returned
      // copy data to output register
      TWDR = twi_txBuffer[twi_txBufferIndex++];
      // if there is more to send, ack, otherwise nack
      if(twi_txBufferIndex < twi_txBufferLength){
    21c0:	98 17       	cp	r25, r24
    21c2:	88 f2       	brcs	.-94     	; 0x2166 <__vector_24+0x17c>
twi_reply():
/Users/leyry/Library/Arduino15/packages/MiniCore/hardware/avr/3.1.1/libraries/Wire/src/utility/twi.c:423
{
  // transmit master read ready signal, with or without ack
  if(ack){
    TWCR = _BV(TWEN) | _BV(TWIE) | _BV(TWINT) | _BV(TWEA);
  }else{
    TWCR = _BV(TWEN) | _BV(TWIE) | _BV(TWINT);
    21c4:	85 e8       	ldi	r24, 0x85	; 133
    21c6:	d0 cf       	rjmp	.-96     	; 0x2168 <__vector_24+0x17e>
__vector_24():
/Users/leyry/Library/Arduino15/packages/MiniCore/hardware/avr/3.1.1/libraries/Wire/src/utility/twi.c:593
        twi_reply(0);
      }
      break;
    case TW_MR_DATA_NACK: // data received, nack sent
      // put final byte into buffer
      twi_masterBuffer[twi_masterBufferIndex++] = TWDR;
    21c8:	20 91 e7 02 	lds	r18, 0x02E7	; 0x8002e7 <twi_masterBuffer>
    21cc:	30 91 e8 02 	lds	r19, 0x02E8	; 0x8002e8 <twi_masterBuffer+0x1>
    21d0:	e0 91 e6 02 	lds	r30, 0x02E6	; 0x8002e6 <twi_masterBufferIndex>
    21d4:	81 e0       	ldi	r24, 0x01	; 1
    21d6:	8e 0f       	add	r24, r30
    21d8:	80 93 e6 02 	sts	0x02E6, r24	; 0x8002e6 <twi_masterBufferIndex>
    21dc:	80 91 bb 00 	lds	r24, 0x00BB	; 0x8000bb <__DATA_REGION_ORIGIN__+0x5b>
    21e0:	e2 0f       	add	r30, r18
    21e2:	f3 2f       	mov	r31, r19
    21e4:	f1 1d       	adc	r31, r1
    21e6:	80 83       	st	Z, r24
/Users/leyry/Library/Arduino15/packages/MiniCore/hardware/avr/3.1.1/libraries/Wire/src/utility/twi.c:594
  if (twi_sendStop)
    21e8:	80 91 ea 02 	lds	r24, 0x02EA	; 0x8002ea <twi_sendStop>
    21ec:	81 11       	cpse	r24, r1
    21ee:	50 cf       	rjmp	.-352    	; 0x2090 <__vector_24+0xa6>
/Users/leyry/Library/Arduino15/packages/MiniCore/hardware/avr/3.1.1/libraries/Wire/src/utility/twi.c:597
          twi_stop();
  else {
    twi_inRepStart = true;  // we're going to send the START
    21f0:	81 e0       	ldi	r24, 0x01	; 1
    21f2:	80 93 e3 02 	sts	0x02E3, r24	; 0x8002e3 <twi_inRepStart>
/Users/leyry/Library/Arduino15/packages/MiniCore/hardware/avr/3.1.1/libraries/Wire/src/utility/twi.c:601
    // don't enable the interrupt. We'll generate the start, but we
    // avoid handling the interrupt until we're in the next transaction,
    // at the point where we would normally issue the start.
    TWCR = _BV(TWINT) | _BV(TWSTA)| _BV(TWEN) ;
    21f6:	84 ea       	ldi	r24, 0xA4	; 164
twi_reply():
/Users/leyry/Library/Arduino15/packages/MiniCore/hardware/avr/3.1.1/libraries/Wire/src/utility/twi.c:421
 */
void twi_reply(uint8_t ack)
{
  // transmit master read ready signal, with or without ack
  if(ack){
    TWCR = _BV(TWEN) | _BV(TWIE) | _BV(TWINT) | _BV(TWEA);
    21f8:	80 93 bc 00 	sts	0x00BC, r24	; 0x8000bc <__DATA_REGION_ORIGIN__+0x5c>
__vector_24():
/Users/leyry/Library/Arduino15/packages/MiniCore/hardware/avr/3.1.1/libraries/Wire/src/utility/twi.c:685
    case TW_ST_DATA_NACK: // received nack, we are done
    case TW_ST_LAST_DATA: // received ack, but we are done already!
      // ack future responses
      twi_reply(1);
      // leave slave receiver state
      twi_state = TWI_READY;
    21fc:	10 92 eb 02 	sts	0x02EB, r1	; 0x8002eb <twi_state>
    2200:	1a cf       	rjmp	.-460    	; 0x2036 <__vector_24+0x4c>
twi_releaseBus():
/Users/leyry/Library/Arduino15/packages/MiniCore/hardware/avr/3.1.1/libraries/Wire/src/utility/twi.c:474
 * Output   none
 */
void twi_releaseBus(void)
{
  // release bus
  TWCR = _BV(TWEN) | _BV(TWIE) | _BV(TWEA) | _BV(TWINT);
    2202:	85 ec       	ldi	r24, 0xC5	; 197
    2204:	80 93 bc 00 	sts	0x00BC, r24	; 0x8000bc <__DATA_REGION_ORIGIN__+0x5c>
/Users/leyry/Library/Arduino15/packages/MiniCore/hardware/avr/3.1.1/libraries/Wire/src/utility/twi.c:477

  // update twi state
  twi_state = TWI_READY;
    2208:	10 92 eb 02 	sts	0x02EB, r1	; 0x8002eb <twi_state>
__vector_24():
/Users/leyry/Library/Arduino15/packages/MiniCore/hardware/avr/3.1.1/libraries/Wire/src/utility/twi.c:637
      break;
    case TW_SR_STOP: // stop or repeated start condition received
      // ack future responses and leave slave receiver state
      twi_releaseBus();
      // put a null char after data if there's room
      if(twi_rxBufferIndex < TWI_BUFFER_SIZE){
    220c:	80 91 74 02 	lds	r24, 0x0274	; 0x800274 <twi_rxBufferIndex>
    2210:	80 32       	cpi	r24, 0x20	; 32
    2212:	30 f4       	brcc	.+12     	; 0x2220 <__vector_24+0x236>
/Users/leyry/Library/Arduino15/packages/MiniCore/hardware/avr/3.1.1/libraries/Wire/src/utility/twi.c:638
        twi_rxBuffer[twi_rxBufferIndex] = '\0';
    2214:	e0 91 74 02 	lds	r30, 0x0274	; 0x800274 <twi_rxBufferIndex>
    2218:	f0 e0       	ldi	r31, 0x00	; 0
    221a:	ec 5a       	subi	r30, 0xAC	; 172
    221c:	fd 4f       	sbci	r31, 0xFD	; 253
    221e:	10 82       	st	Z, r1
/Users/leyry/Library/Arduino15/packages/MiniCore/hardware/avr/3.1.1/libraries/Wire/src/utility/twi.c:641
      }
      // callback to user defined callback
      twi_onSlaveReceive(twi_rxBuffer, twi_rxBufferIndex);
    2220:	60 91 74 02 	lds	r22, 0x0274	; 0x800274 <twi_rxBufferIndex>
    2224:	70 e0       	ldi	r23, 0x00	; 0
    2226:	e0 91 78 02 	lds	r30, 0x0278	; 0x800278 <twi_onSlaveReceive>
    222a:	f0 91 79 02 	lds	r31, 0x0279	; 0x800279 <twi_onSlaveReceive+0x1>
    222e:	84 e5       	ldi	r24, 0x54	; 84
    2230:	92 e0       	ldi	r25, 0x02	; 2
    2232:	09 95       	icall
/Users/leyry/Library/Arduino15/packages/MiniCore/hardware/avr/3.1.1/libraries/Wire/src/utility/twi.c:643
      // since we submit rx buffer to "wire" library, we can reset it
      twi_rxBufferIndex = 0;
    2234:	10 92 74 02 	sts	0x0274, r1	; 0x800274 <twi_rxBufferIndex>
    2238:	fe ce       	rjmp	.-516    	; 0x2036 <__vector_24+0x4c>
/Users/leyry/Library/Arduino15/packages/MiniCore/hardware/avr/3.1.1/libraries/Wire/src/utility/twi.c:692

    // All
    case TW_NO_INFO:   // no state information
      break;
    case TW_BUS_ERROR: // bus error, illegal stop/start
      twi_error = TW_BUS_ERROR;
    223a:	10 92 e9 02 	sts	0x02E9, r1	; 0x8002e9 <twi_error>
    223e:	28 cf       	rjmp	.-432    	; 0x2090 <__vector_24+0xa6>

00002240 <global constructors keyed to 65535_0_SondeBatteryService.cpp.o.2553>:
_GLOBAL__I_65535_0_SondeBatteryService.cpp.o.2553():
    2240:	cf 93       	push	r28
    2242:	df 93       	push	r29
    2244:	00 d0       	rcall	.+0      	; 0x2246 <global constructors keyed to 65535_0_SondeBatteryService.cpp.o.2553+0x6>
    2246:	00 d0       	rcall	.+0      	; 0x2248 <global constructors keyed to 65535_0_SondeBatteryService.cpp.o.2553+0x8>
    2248:	1f 92       	push	r1
    224a:	cd b7       	in	r28, 0x3d	; 61
    224c:	de b7       	in	r29, 0x3e	; 62
    224e:	ec ee       	ldi	r30, 0xEC	; 236
    2250:	f2 e0       	ldi	r31, 0x02	; 2
    2252:	13 82       	std	Z+3, r1	; 0x03
    2254:	12 82       	std	Z+2, r1	; 0x02
    2256:	88 ee       	ldi	r24, 0xE8	; 232
    2258:	93 e0       	ldi	r25, 0x03	; 3
    225a:	a0 e0       	ldi	r26, 0x00	; 0
    225c:	b0 e0       	ldi	r27, 0x00	; 0
    225e:	84 83       	std	Z+4, r24	; 0x04
    2260:	95 83       	std	Z+5, r25	; 0x05
    2262:	a6 83       	std	Z+6, r26	; 0x06
    2264:	b7 83       	std	Z+7, r27	; 0x07
    2266:	81 ee       	ldi	r24, 0xE1	; 225
    2268:	91 e0       	ldi	r25, 0x01	; 1
    226a:	91 83       	std	Z+1, r25	; 0x01
    226c:	80 83       	st	Z, r24
    226e:	85 e0       	ldi	r24, 0x05	; 5
    2270:	e4 ef       	ldi	r30, 0xF4	; 244
    2272:	f1 e0       	ldi	r31, 0x01	; 1
    2274:	a1 e5       	ldi	r26, 0x51	; 81
    2276:	b3 e0       	ldi	r27, 0x03	; 3
    2278:	01 90       	ld	r0, Z+
    227a:	0d 92       	st	X+, r0
    227c:	8a 95       	dec	r24
    227e:	e1 f7       	brne	.-8      	; 0x2278 <global constructors keyed to 65535_0_SondeBatteryService.cpp.o.2553+0x38>
    2280:	e1 e5       	ldi	r30, 0x51	; 81
    2282:	f3 e0       	ldi	r31, 0x03	; 3
    2284:	21 e5       	ldi	r18, 0x51	; 81
    2286:	25 83       	std	Z+5, r18	; 0x05
    2288:	16 82       	std	Z+6, r1	; 0x06
    228a:	85 e0       	ldi	r24, 0x05	; 5
    228c:	ef ee       	ldi	r30, 0xEF	; 239
    228e:	f1 e0       	ldi	r31, 0x01	; 1
    2290:	aa e4       	ldi	r26, 0x4A	; 74
    2292:	b3 e0       	ldi	r27, 0x03	; 3
    2294:	01 90       	ld	r0, Z+
    2296:	0d 92       	st	X+, r0
    2298:	8a 95       	dec	r24
    229a:	e1 f7       	brne	.-8      	; 0x2294 <global constructors keyed to 65535_0_SondeBatteryService.cpp.o.2553+0x54>
    229c:	8a e4       	ldi	r24, 0x4A	; 74
    229e:	93 e0       	ldi	r25, 0x03	; 3
    22a0:	fc 01       	movw	r30, r24
    22a2:	25 83       	std	Z+5, r18	; 0x05
    22a4:	21 e0       	ldi	r18, 0x01	; 1
    22a6:	26 83       	std	Z+6, r18	; 0x06
    22a8:	e0 e4       	ldi	r30, 0x40	; 64
    22aa:	f3 e0       	ldi	r31, 0x03	; 3
    22ac:	2e e0       	ldi	r18, 0x0E	; 14
    22ae:	20 83       	st	Z, r18
    22b0:	11 82       	std	Z+1, r1	; 0x01
    22b2:	12 82       	std	Z+2, r1	; 0x02
    22b4:	13 82       	std	Z+3, r1	; 0x03
    22b6:	14 82       	std	Z+4, r1	; 0x04
    22b8:	16 82       	std	Z+6, r1	; 0x06
    22ba:	15 82       	std	Z+5, r1	; 0x05
    22bc:	17 82       	std	Z+7, r1	; 0x07
    22be:	10 86       	std	Z+8, r1	; 0x08
    22c0:	11 86       	std	Z+9, r1	; 0x09
    22c2:	25 e0       	ldi	r18, 0x05	; 5
    22c4:	e8 ec       	ldi	r30, 0xC8	; 200
    22c6:	f1 e0       	ldi	r31, 0x01	; 1
    22c8:	de 01       	movw	r26, r28
    22ca:	11 96       	adiw	r26, 0x01	; 1
    22cc:	01 90       	ld	r0, Z+
    22ce:	0d 92       	st	X+, r0
    22d0:	2a 95       	dec	r18
    22d2:	e1 f7       	brne	.-8      	; 0x22cc <global constructors keyed to 65535_0_SondeBatteryService.cpp.o.2553+0x8c>
    22d4:	25 e0       	ldi	r18, 0x05	; 5
    22d6:	fe 01       	movw	r30, r28
    22d8:	31 96       	adiw	r30, 0x01	; 1
    22da:	a8 e1       	ldi	r26, 0x18	; 24
    22dc:	b3 e0       	ldi	r27, 0x03	; 3
    22de:	01 90       	ld	r0, Z+
    22e0:	0d 92       	st	X+, r0
    22e2:	2a 95       	dec	r18
    22e4:	e1 f7       	brne	.-8      	; 0x22de <global constructors keyed to 65535_0_SondeBatteryService.cpp.o.2553+0x9e>
    22e6:	e8 e1       	ldi	r30, 0x18	; 24
    22e8:	f3 e0       	ldi	r31, 0x03	; 3
    22ea:	16 82       	std	Z+6, r1	; 0x06
    22ec:	15 82       	std	Z+5, r1	; 0x05
    22ee:	10 86       	std	Z+8, r1	; 0x08
    22f0:	17 82       	std	Z+7, r1	; 0x07
    22f2:	12 86       	std	Z+10, r1	; 0x0a
    22f4:	11 86       	std	Z+9, r1	; 0x09
    22f6:	13 86       	std	Z+11, r1	; 0x0b
    22f8:	14 86       	std	Z+12, r1	; 0x0c
    22fa:	15 86       	std	Z+13, r1	; 0x0d
    22fc:	16 8a       	std	Z+22, r1	; 0x16
    22fe:	17 8a       	std	Z+23, r1	; 0x17
    2300:	10 8e       	std	Z+24, r1	; 0x18
    2302:	11 8e       	std	Z+25, r1	; 0x19
    2304:	12 8e       	std	Z+26, r1	; 0x1a
    2306:	13 8e       	std	Z+27, r1	; 0x1b
    2308:	14 8e       	std	Z+28, r1	; 0x1c
    230a:	15 8e       	std	Z+29, r1	; 0x1d
    230c:	16 8e       	std	Z+30, r1	; 0x1e
    230e:	17 8e       	std	Z+31, r1	; 0x1f
    2310:	10 a2       	std	Z+32, r1	; 0x20
    2312:	11 a2       	std	Z+33, r1	; 0x21
    2314:	12 a2       	std	Z+34, r1	; 0x22
    2316:	13 a2       	std	Z+35, r1	; 0x23
    2318:	14 a2       	std	Z+36, r1	; 0x24
    231a:	15 a2       	std	Z+37, r1	; 0x25
    231c:	16 a2       	std	Z+38, r1	; 0x26
    231e:	17 a2       	std	Z+39, r1	; 0x27
    2320:	ec e0       	ldi	r30, 0x0C	; 12
    2322:	f3 e0       	ldi	r31, 0x03	; 3
    2324:	91 83       	std	Z+1, r25	; 0x01
    2326:	80 83       	st	Z, r24
    2328:	12 82       	std	Z+2, r1	; 0x02
    232a:	13 82       	std	Z+3, r1	; 0x03
    232c:	14 82       	std	Z+4, r1	; 0x04
    232e:	15 82       	std	Z+5, r1	; 0x05
    2330:	16 82       	std	Z+6, r1	; 0x06
    2332:	17 82       	std	Z+7, r1	; 0x07
    2334:	10 86       	std	Z+8, r1	; 0x08
    2336:	11 86       	std	Z+9, r1	; 0x09
    2338:	12 86       	std	Z+10, r1	; 0x0a
    233a:	13 86       	std	Z+11, r1	; 0x0b
    233c:	84 e1       	ldi	r24, 0x14	; 20
    233e:	e0 e0       	ldi	r30, 0x00	; 0
    2340:	f1 e0       	ldi	r31, 0x01	; 1
    2342:	a8 ef       	ldi	r26, 0xF8	; 248
    2344:	b2 e0       	ldi	r27, 0x02	; 2
    2346:	01 90       	ld	r0, Z+
    2348:	0d 92       	st	X+, r0
    234a:	8a 95       	dec	r24
    234c:	e1 f7       	brne	.-8      	; 0x2346 <global constructors keyed to 65535_0_SondeBatteryService.cpp.o.2553+0x106>
    234e:	0f 90       	pop	r0
    2350:	0f 90       	pop	r0
    2352:	0f 90       	pop	r0
    2354:	0f 90       	pop	r0
    2356:	0f 90       	pop	r0
    2358:	df 91       	pop	r29
    235a:	cf 91       	pop	r28
    235c:	08 95       	ret

0000235e <main>:
main():
/Users/leyry/Library/Arduino15/packages/MiniCore/hardware/avr/3.1.1/cores/MCUdude_corefiles/wiring.c:945

void init()
{
  // this needs to be called before setup() or some functions won't
  // work there
  sei();
    235e:	78 94       	sei
/Users/leyry/Library/Arduino15/packages/MiniCore/hardware/avr/3.1.1/cores/MCUdude_corefiles/wiring.c:957

  // On the ATmega168, timer 0 is also used for fast hardware pwm
  // (using phase-correct PWM would mean that timer 0 overflowed half as often
  // resulting in different millis() behavior on the ATmega8 and ATmega168)
#if defined(TCCR0A) && defined(WGM01)
  TCCR0A |= _BV(WGM01) | _BV(WGM00);
    2360:	84 b5       	in	r24, 0x24	; 36
    2362:	83 60       	ori	r24, 0x03	; 3
    2364:	84 bd       	out	0x24, r24	; 36
/Users/leyry/Library/Arduino15/packages/MiniCore/hardware/avr/3.1.1/cores/MCUdude_corefiles/wiring.c:972
  #if defined(WGM00) && defined(WGM01) // The ATmega8 doesn't have WGM00 and WGM01
    TCCR0 |= _BV(WGM01) | _BV(WGM00);
  #endif
#elif defined(TCCR0B) && defined(CS01) && defined(CS00)
  // This combination is for the standard 168/328/640/1280/1281/2560/2561
  TCCR0B |= _BV(CS01) | _BV(CS00);
    2366:	85 b5       	in	r24, 0x25	; 37
    2368:	83 60       	ori	r24, 0x03	; 3
    236a:	85 bd       	out	0x25, r24	; 37
/Users/leyry/Library/Arduino15/packages/MiniCore/hardware/avr/3.1.1/cores/MCUdude_corefiles/wiring.c:984

// Enable timer 0 overflow interrupt
#if defined(TIMSK) && defined(TOIE0)
  TIMSK |= _BV(TOIE0);
#elif defined(TIMSK0) && defined(TOIE0)
  TIMSK0 |= _BV(TOIE0);
    236c:	80 91 6e 00 	lds	r24, 0x006E	; 0x80006e <__DATA_REGION_ORIGIN__+0xe>
    2370:	81 60       	ori	r24, 0x01	; 1
    2372:	80 93 6e 00 	sts	0x006E, r24	; 0x80006e <__DATA_REGION_ORIGIN__+0xe>
/Users/leyry/Library/Arduino15/packages/MiniCore/hardware/avr/3.1.1/cores/MCUdude_corefiles/wiring.c:995
// this is better for motors as it ensures an even waveform
// note, however, that fast pwm mode can achieve a frequency of up
// 8 MHz (with a 16 MHz clock) at 50% duty cycle

#if defined(TCCR1B) && defined(CS11) && defined(CS10)
  TCCR1B = _BV(CS11); // Set timer 1 prescale factor to 64
    2376:	82 e0       	ldi	r24, 0x02	; 2
    2378:	80 93 81 00 	sts	0x0081, r24	; 0x800081 <__DATA_REGION_ORIGIN__+0x21>
/Users/leyry/Library/Arduino15/packages/MiniCore/hardware/avr/3.1.1/cores/MCUdude_corefiles/wiring.c:997
#if F_CPU >= 8000000L
  TCCR1B |= _BV(CS10);
    237c:	80 91 81 00 	lds	r24, 0x0081	; 0x800081 <__DATA_REGION_ORIGIN__+0x21>
    2380:	81 60       	ori	r24, 0x01	; 1
    2382:	80 93 81 00 	sts	0x0081, r24	; 0x800081 <__DATA_REGION_ORIGIN__+0x21>
/Users/leyry/Library/Arduino15/packages/MiniCore/hardware/avr/3.1.1/cores/MCUdude_corefiles/wiring.c:1006
#if F_CPU >= 8000000L
  TCCR1 |= _BV(CS10);
#endif
#endif
#if defined(TCCR1A) && defined(WGM10)
  TCCR1A |= _BV(WGM10); // Put timer 1 in 8-bit phase correct pwm mode
    2386:	80 91 80 00 	lds	r24, 0x0080	; 0x800080 <__DATA_REGION_ORIGIN__+0x20>
    238a:	81 60       	ori	r24, 0x01	; 1
    238c:	80 93 80 00 	sts	0x0080, r24	; 0x800080 <__DATA_REGION_ORIGIN__+0x20>
/Users/leyry/Library/Arduino15/packages/MiniCore/hardware/avr/3.1.1/cores/MCUdude_corefiles/wiring.c:1013

// Set timer 2 prescale factor to 64
#if defined(TCCR2) && defined(CS22)
  TCCR2 |= _BV(CS22);
#elif defined(TCCR2B) && defined(CS22)
  TCCR2B |= _BV(CS22);
    2390:	80 91 b1 00 	lds	r24, 0x00B1	; 0x8000b1 <__DATA_REGION_ORIGIN__+0x51>
    2394:	84 60       	ori	r24, 0x04	; 4
    2396:	80 93 b1 00 	sts	0x00B1, r24	; 0x8000b1 <__DATA_REGION_ORIGIN__+0x51>
/Users/leyry/Library/Arduino15/packages/MiniCore/hardware/avr/3.1.1/cores/MCUdude_corefiles/wiring.c:1022

// Configure timer 2 for phase correct pwm (8-bit)
#if defined(TCCR2) && defined(WGM20)
  TCCR2 |= _BV(WGM20);
#elif defined(TCCR2A) && defined(WGM20)
  TCCR2A |= _BV(WGM20);
    239a:	80 91 b0 00 	lds	r24, 0x00B0	; 0x8000b0 <__DATA_REGION_ORIGIN__+0x50>
    239e:	81 60       	ori	r24, 0x01	; 1
    23a0:	80 93 b0 00 	sts	0x00B0, r24	; 0x8000b0 <__DATA_REGION_ORIGIN__+0x50>
/Users/leyry/Library/Arduino15/packages/MiniCore/hardware/avr/3.1.1/cores/MCUdude_corefiles/wiring.c:1052
#if defined(ADCSRA)
  // set a2d prescaler so we are inside the desired 50-200 KHz range.
  #if F_CPU >= 16000000 // 16 MHz / 128 = 125 KHz
    ADCSRA = _BV(ADPS2) | _BV(ADPS1) | _BV(ADPS0) | _BV(ADEN);
  #elif F_CPU >= 8000000 // 8 MHz / 64 = 125 KHz
    ADCSRA = _BV(ADPS2) | _BV(ADPS1) | _BV(ADEN);
    23a4:	86 e8       	ldi	r24, 0x86	; 134
    23a6:	80 93 7a 00 	sts	0x007A, r24	; 0x80007a <__DATA_REGION_ORIGIN__+0x1a>
/Users/leyry/Library/Arduino15/packages/MiniCore/hardware/avr/3.1.1/cores/MCUdude_corefiles/wiring.c:1070
  // here so they can be used as normal digital i/o; they will be
  // reconnected in Serial.begin()
#if defined(UCSRB)
  UCSRB = 0;
#elif defined(UCSR0B)
  UCSR0B = 0;
    23aa:	10 92 c1 00 	sts	0x00C1, r1	; 0x8000c1 <__DATA_REGION_ORIGIN__+0x61>
setup():
/Users/leyry/Documents/Electronique/Thermonuino/main/modules/sonde/sonde.ino:223
}

void setup() {
  pinMode(PIN_LED, OUTPUT);
    23ae:	61 e0       	ldi	r22, 0x01	; 1
    23b0:	85 e0       	ldi	r24, 0x05	; 5
    23b2:	0e 94 d1 04 	call	0x9a2	; 0x9a2 <pinMode>
/Users/leyry/Documents/Electronique/Thermonuino/main/modules/sonde/sonde.ino:224
  pinMode(PIN_RF_CSN, OUTPUT);
    23b6:	61 e0       	ldi	r22, 0x01	; 1
    23b8:	8a e0       	ldi	r24, 0x0A	; 10
    23ba:	0e 94 d1 04 	call	0x9a2	; 0x9a2 <pinMode>
/Users/leyry/Documents/Electronique/Thermonuino/main/modules/sonde/sonde.ino:225
  ledOff();
    23be:	0e 94 ee 06 	call	0xddc	; 0xddc <ledOff()>
/Users/leyry/Documents/Electronique/Thermonuino/main/modules/sonde/sonde.ino:226
  isolateRfSpi();
    23c2:	0e 94 ea 06 	call	0xdd4	; 0xdd4 <isolateRfSpi()>
begin():
/Users/leyry/Library/Arduino15/packages/MiniCore/hardware/avr/3.1.1/libraries/Wire/src/Wire.cpp:61

// Public Methods //////////////////////////////////////////////////////////////

void TwoWire::begin(void)
{
  rxBufferIndex = 0;
    23c6:	10 92 97 02 	sts	0x0297, r1	; 0x800297 <TwoWire::rxBufferIndex>
/Users/leyry/Library/Arduino15/packages/MiniCore/hardware/avr/3.1.1/libraries/Wire/src/Wire.cpp:62
  rxBufferLength = 0;
    23ca:	10 92 96 02 	sts	0x0296, r1	; 0x800296 <TwoWire::rxBufferLength>
/Users/leyry/Library/Arduino15/packages/MiniCore/hardware/avr/3.1.1/libraries/Wire/src/Wire.cpp:64

  txBufferIndex = 0;
    23ce:	10 92 a0 02 	sts	0x02A0, r1	; 0x8002a0 <TwoWire::txBufferIndex>
/Users/leyry/Library/Arduino15/packages/MiniCore/hardware/avr/3.1.1/libraries/Wire/src/Wire.cpp:65
  txBufferLength = 0;
    23d2:	10 92 c2 02 	sts	0x02C2, r1	; 0x8002c2 <TwoWire::txBufferLength>
twi_init():
/Users/leyry/Library/Arduino15/packages/MiniCore/hardware/avr/3.1.1/libraries/Wire/src/utility/twi.c:84
 * Output   none
 */
void twi_init(void)
{
  // initialize state
  twi_state = TWI_READY;
    23d6:	10 92 eb 02 	sts	0x02EB, r1	; 0x8002eb <twi_state>
/Users/leyry/Library/Arduino15/packages/MiniCore/hardware/avr/3.1.1/libraries/Wire/src/utility/twi.c:85
  twi_sendStop = true; // default value
    23da:	81 e0       	ldi	r24, 0x01	; 1
    23dc:	80 93 ea 02 	sts	0x02EA, r24	; 0x8002ea <twi_sendStop>
/Users/leyry/Library/Arduino15/packages/MiniCore/hardware/avr/3.1.1/libraries/Wire/src/utility/twi.c:86
  twi_inRepStart = false;
    23e0:	10 92 e3 02 	sts	0x02E3, r1	; 0x8002e3 <twi_inRepStart>
/Users/leyry/Library/Arduino15/packages/MiniCore/hardware/avr/3.1.1/libraries/Wire/src/utility/twi.c:89

  // activate internal pullups for twi.
  digitalWrite(SDA, 1);
    23e4:	61 e0       	ldi	r22, 0x01	; 1
    23e6:	82 e1       	ldi	r24, 0x12	; 18
    23e8:	0e 94 a3 04 	call	0x946	; 0x946 <digitalWrite>
/Users/leyry/Library/Arduino15/packages/MiniCore/hardware/avr/3.1.1/libraries/Wire/src/utility/twi.c:90
  digitalWrite(SCL, 1);
    23ec:	61 e0       	ldi	r22, 0x01	; 1
    23ee:	83 e1       	ldi	r24, 0x13	; 19
    23f0:	0e 94 a3 04 	call	0x946	; 0x946 <digitalWrite>
/Users/leyry/Library/Arduino15/packages/MiniCore/hardware/avr/3.1.1/libraries/Wire/src/utility/twi.c:93

  // initialize twi prescaler and bit rate
  cbi(TWSR, TWPS0);
    23f4:	80 91 b9 00 	lds	r24, 0x00B9	; 0x8000b9 <__DATA_REGION_ORIGIN__+0x59>
    23f8:	8e 7f       	andi	r24, 0xFE	; 254
    23fa:	80 93 b9 00 	sts	0x00B9, r24	; 0x8000b9 <__DATA_REGION_ORIGIN__+0x59>
/Users/leyry/Library/Arduino15/packages/MiniCore/hardware/avr/3.1.1/libraries/Wire/src/utility/twi.c:94
  cbi(TWSR, TWPS1);
    23fe:	80 91 b9 00 	lds	r24, 0x00B9	; 0x8000b9 <__DATA_REGION_ORIGIN__+0x59>
    2402:	8d 7f       	andi	r24, 0xFD	; 253
    2404:	80 93 b9 00 	sts	0x00B9, r24	; 0x8000b9 <__DATA_REGION_ORIGIN__+0x59>
/Users/leyry/Library/Arduino15/packages/MiniCore/hardware/avr/3.1.1/libraries/Wire/src/utility/twi.c:95
  TWBR = ((F_CPU / TWI_FREQ) - 16) / 2;
    2408:	80 e2       	ldi	r24, 0x20	; 32
    240a:	80 93 b8 00 	sts	0x00B8, r24	; 0x8000b8 <__DATA_REGION_ORIGIN__+0x58>
/Users/leyry/Library/Arduino15/packages/MiniCore/hardware/avr/3.1.1/libraries/Wire/src/utility/twi.c:103
  SCL Frequency = CPU Clock Frequency / (16 + (2 * TWBR))
  note: TWBR should be 10 or higher for master mode
  It is 72 for a 16mhz Wiring board with 100kHz TWI */

  // enable twi module, acks, and twi interrupt
  TWCR = _BV(TWEN) | _BV(TWIE) | _BV(TWEA);
    240e:	85 e4       	ldi	r24, 0x45	; 69
    2410:	80 93 bc 00 	sts	0x00BC, r24	; 0x8000bc <__DATA_REGION_ORIGIN__+0x5c>
twi_attachSlaveTxEvent():
/Users/leyry/Library/Arduino15/packages/MiniCore/hardware/avr/3.1.1/libraries/Wire/src/utility/twi.c:408
 * Input    function: callback function to use
 * Output   none
 */
void twi_attachSlaveTxEvent( void (*function)(void) )
{
  twi_onSlaveTransmit = function;
    2414:	81 ec       	ldi	r24, 0xC1	; 193
    2416:	95 e0       	ldi	r25, 0x05	; 5
    2418:	90 93 7b 02 	sts	0x027B, r25	; 0x80027b <twi_onSlaveTransmit+0x1>
    241c:	80 93 7a 02 	sts	0x027A, r24	; 0x80027a <twi_onSlaveTransmit>
twi_attachSlaveRxEvent():
/Users/leyry/Library/Arduino15/packages/MiniCore/hardware/avr/3.1.1/libraries/Wire/src/utility/twi.c:397
 * Input    function: callback function to use
 * Output   none
 */
void twi_attachSlaveRxEvent( void (*function)(uint8_t*, int) )
{
  twi_onSlaveReceive = function;
    2420:	82 ec       	ldi	r24, 0xC2	; 194
    2422:	95 e0       	ldi	r25, 0x05	; 5
    2424:	90 93 79 02 	sts	0x0279, r25	; 0x800279 <twi_onSlaveReceive+0x1>
    2428:	80 93 78 02 	sts	0x0278, r24	; 0x800278 <twi_onSlaveReceive>
begin():
/Users/leyry/Library/Arduino15/packages/MiniCore/hardware/avr/3.1.1/libraries/SPI/src/SPI.cpp:28
uint8_t SPIClass::inTransactionFlag = 0;
#endif

void SPIClass::begin()
{
  uint8_t sreg = SREG;
    242c:	cf b7       	in	r28, 0x3f	; 63
/Users/leyry/Library/Arduino15/packages/MiniCore/hardware/avr/3.1.1/libraries/SPI/src/SPI.cpp:29
  noInterrupts(); // Protect from a scheduler and prevent transactionBegin
    242e:	f8 94       	cli
/Users/leyry/Library/Arduino15/packages/MiniCore/hardware/avr/3.1.1/libraries/SPI/src/SPI.cpp:30
  if (!initialized) {
    2430:	80 91 7c 02 	lds	r24, 0x027C	; 0x80027c <SPIClass::initialized>
    2434:	81 11       	cpse	r24, r1
    2436:	27 c0       	rjmp	.+78     	; 0x2486 <main+0x128>
/Users/leyry/Library/Arduino15/packages/MiniCore/hardware/avr/3.1.1/libraries/SPI/src/SPI.cpp:32
    // Set SS to high so a connected chip will be "deselected" by default
    uint8_t port = digitalPinToPort(SS);
    2438:	e0 e9       	ldi	r30, 0x90	; 144
    243a:	f0 e0       	ldi	r31, 0x00	; 0
    243c:	84 91       	lpm	r24, Z
/Users/leyry/Library/Arduino15/packages/MiniCore/hardware/avr/3.1.1/libraries/SPI/src/SPI.cpp:33
    uint8_t bit = digitalPinToBitMask(SS);
    243e:	e7 ea       	ldi	r30, 0xA7	; 167
    2440:	f0 e0       	ldi	r31, 0x00	; 0
    2442:	94 91       	lpm	r25, Z
/Users/leyry/Library/Arduino15/packages/MiniCore/hardware/avr/3.1.1/libraries/SPI/src/SPI.cpp:34
    volatile uint8_t *reg = portModeRegister(port);
    2444:	e8 2f       	mov	r30, r24
    2446:	f0 e0       	ldi	r31, 0x00	; 0
    2448:	ee 0f       	add	r30, r30
    244a:	ff 1f       	adc	r31, r31
    244c:	e8 59       	subi	r30, 0x98	; 152
    244e:	ff 4f       	sbci	r31, 0xFF	; 255
    2450:	a5 91       	lpm	r26, Z+
    2452:	b4 91       	lpm	r27, Z
/Users/leyry/Library/Arduino15/packages/MiniCore/hardware/avr/3.1.1/libraries/SPI/src/SPI.cpp:38

    // if the SS pin is not already configured as an output
    // then set it high (to enable the internal pull-up resistor)
    if(!(*reg & bit)){
    2454:	ec 91       	ld	r30, X
    2456:	e9 23       	and	r30, r25
    2458:	21 f4       	brne	.+8      	; 0x2462 <main+0x104>
/Users/leyry/Library/Arduino15/packages/MiniCore/hardware/avr/3.1.1/libraries/SPI/src/SPI.cpp:39
      digitalWrite(SS, HIGH);
    245a:	61 e0       	ldi	r22, 0x01	; 1
    245c:	8a e0       	ldi	r24, 0x0A	; 10
    245e:	0e 94 a3 04 	call	0x946	; 0x946 <digitalWrite>
/Users/leyry/Library/Arduino15/packages/MiniCore/hardware/avr/3.1.1/libraries/SPI/src/SPI.cpp:45
    }

    // When the SS pin is set as OUTPUT, it can be used as
    // a general purpose output port (it doesn't influence
    // SPI operations).
    pinMode(SS, OUTPUT);
    2462:	61 e0       	ldi	r22, 0x01	; 1
    2464:	8a e0       	ldi	r24, 0x0A	; 10
    2466:	0e 94 d1 04 	call	0x9a2	; 0x9a2 <pinMode>
/Users/leyry/Library/Arduino15/packages/MiniCore/hardware/avr/3.1.1/libraries/SPI/src/SPI.cpp:50

    // Warning: if the SS pin ever becomes a LOW INPUT then SPI
    // automatically switches to Slave, so the data direction of
    // the SS pin MUST be kept as OUTPUT.
    SPCR |= _BV(MSTR);
    246a:	8c b5       	in	r24, 0x2c	; 44
    246c:	80 61       	ori	r24, 0x10	; 16
    246e:	8c bd       	out	0x2c, r24	; 44
/Users/leyry/Library/Arduino15/packages/MiniCore/hardware/avr/3.1.1/libraries/SPI/src/SPI.cpp:51
    SPCR |= _BV(SPE);
    2470:	8c b5       	in	r24, 0x2c	; 44
    2472:	80 64       	ori	r24, 0x40	; 64
    2474:	8c bd       	out	0x2c, r24	; 44
/Users/leyry/Library/Arduino15/packages/MiniCore/hardware/avr/3.1.1/libraries/SPI/src/SPI.cpp:59
    // MISO pin automatically overrides to INPUT.
    // By doing this AFTER enabling SPI, we avoid accidentally
    // clocking in a single bit since the lines go directly
    // from "input" to SPI control.
    // http://code.google.com/p/arduino/issues/detail?id=888
    pinMode(SCK, OUTPUT);
    2476:	61 e0       	ldi	r22, 0x01	; 1
    2478:	8d e0       	ldi	r24, 0x0D	; 13
    247a:	0e 94 d1 04 	call	0x9a2	; 0x9a2 <pinMode>
/Users/leyry/Library/Arduino15/packages/MiniCore/hardware/avr/3.1.1/libraries/SPI/src/SPI.cpp:60
    pinMode(MOSI, OUTPUT);
    247e:	61 e0       	ldi	r22, 0x01	; 1
    2480:	8b e0       	ldi	r24, 0x0B	; 11
    2482:	0e 94 d1 04 	call	0x9a2	; 0x9a2 <pinMode>
/Users/leyry/Library/Arduino15/packages/MiniCore/hardware/avr/3.1.1/libraries/SPI/src/SPI.cpp:62
  }
  initialized++; // reference count
    2486:	80 91 7c 02 	lds	r24, 0x027C	; 0x80027c <SPIClass::initialized>
    248a:	8f 5f       	subi	r24, 0xFF	; 255
    248c:	80 93 7c 02 	sts	0x027C, r24	; 0x80027c <SPIClass::initialized>
/Users/leyry/Library/Arduino15/packages/MiniCore/hardware/avr/3.1.1/libraries/SPI/src/SPI.cpp:63
  SREG = sreg;
    2490:	cf bf       	out	0x3f, r28	; 63
/Users/leyry/Documents/Electronique/Thermonuino/main/modules/sonde/graphics/ThermioEink097.h:34
                 const SPISettings &settings = SPISettings(500000, MSBFIRST, SPI_MODE0))
      : pins_(pins), settings_(settings) {
  }

  void begin() {
    pinMode(pins_.cs, OUTPUT);
    2492:	61 e0       	ldi	r22, 0x01	; 1
    2494:	80 91 51 03 	lds	r24, 0x0351	; 0x800351 <eink>
    2498:	0e 94 d1 04 	call	0x9a2	; 0x9a2 <pinMode>
/Users/leyry/Documents/Electronique/Thermonuino/main/modules/sonde/graphics/ThermioEink097.h:35
    pinMode(pins_.dc, OUTPUT);
    249c:	61 e0       	ldi	r22, 0x01	; 1
    249e:	80 91 52 03 	lds	r24, 0x0352	; 0x800352 <eink+0x1>
    24a2:	0e 94 d1 04 	call	0x9a2	; 0x9a2 <pinMode>
/Users/leyry/Documents/Electronique/Thermonuino/main/modules/sonde/graphics/ThermioEink097.h:36
    pinMode(pins_.rst, OUTPUT);
    24a6:	61 e0       	ldi	r22, 0x01	; 1
    24a8:	80 91 53 03 	lds	r24, 0x0353	; 0x800353 <eink+0x2>
    24ac:	0e 94 d1 04 	call	0x9a2	; 0x9a2 <pinMode>
/Users/leyry/Documents/Electronique/Thermonuino/main/modules/sonde/graphics/ThermioEink097.h:37
    pinMode(pins_.busy, INPUT);
    24b0:	60 e0       	ldi	r22, 0x00	; 0
    24b2:	80 91 54 03 	lds	r24, 0x0354	; 0x800354 <eink+0x3>
    24b6:	0e 94 d1 04 	call	0x9a2	; 0x9a2 <pinMode>
/Users/leyry/Documents/Electronique/Thermonuino/main/modules/sonde/graphics/ThermioEink097.h:38
    pinMode(pins_.rfCsn, OUTPUT);
    24ba:	61 e0       	ldi	r22, 0x01	; 1
    24bc:	80 91 55 03 	lds	r24, 0x0355	; 0x800355 <eink+0x4>
    24c0:	0e 94 d1 04 	call	0x9a2	; 0x9a2 <pinMode>
/Users/leyry/Documents/Electronique/Thermonuino/main/modules/sonde/graphics/ThermioEink097.h:40

    digitalWrite(pins_.cs, HIGH);
    24c4:	61 e0       	ldi	r22, 0x01	; 1
    24c6:	80 91 51 03 	lds	r24, 0x0351	; 0x800351 <eink>
    24ca:	0e 94 a3 04 	call	0x946	; 0x946 <digitalWrite>
/Users/leyry/Documents/Electronique/Thermonuino/main/modules/sonde/graphics/ThermioEink097.h:41
    digitalWrite(pins_.dc, LOW);
    24ce:	60 e0       	ldi	r22, 0x00	; 0
    24d0:	80 91 52 03 	lds	r24, 0x0352	; 0x800352 <eink+0x1>
    24d4:	0e 94 a3 04 	call	0x946	; 0x946 <digitalWrite>
/Users/leyry/Documents/Electronique/Thermonuino/main/modules/sonde/graphics/ThermioEink097.h:42
    digitalWrite(pins_.rst, HIGH);
    24d8:	61 e0       	ldi	r22, 0x01	; 1
    24da:	80 91 53 03 	lds	r24, 0x0353	; 0x800353 <eink+0x2>
    24de:	0e 94 a3 04 	call	0x946	; 0x946 <digitalWrite>
/Users/leyry/Documents/Electronique/Thermonuino/main/modules/sonde/graphics/ThermioEink097.h:43
    digitalWrite(pins_.rfCsn, HIGH);
    24e2:	61 e0       	ldi	r22, 0x01	; 1
    24e4:	80 91 55 03 	lds	r24, 0x0355	; 0x800355 <eink+0x4>
    24e8:	0e 94 a3 04 	call	0x946	; 0x946 <digitalWrite>
/Users/leyry/Documents/Electronique/Thermonuino/main/modules/sonde/SondeInputService.cpp:8
#include <ThermioSlavePower.h>

SondeInputService *SondeInputService::activeInstance_ = nullptr;

void SondeInputService::begin() {
  pinMode(pins_.bodyDetect, INPUT);
    24ec:	60 e0       	ldi	r22, 0x00	; 0
    24ee:	80 91 18 03 	lds	r24, 0x0318	; 0x800318 <inputService>
    24f2:	0e 94 d1 04 	call	0x9a2	; 0x9a2 <pinMode>
/Users/leyry/Documents/Electronique/Thermonuino/main/modules/sonde/SondeInputService.cpp:9
  pinMode(pins_.cmdSens1, INPUT_PULLUP);
    24f6:	62 e0       	ldi	r22, 0x02	; 2
    24f8:	80 91 19 03 	lds	r24, 0x0319	; 0x800319 <inputService+0x1>
    24fc:	0e 94 d1 04 	call	0x9a2	; 0x9a2 <pinMode>
/Users/leyry/Documents/Electronique/Thermonuino/main/modules/sonde/SondeInputService.cpp:10
  pinMode(pins_.cmdSens2, INPUT_PULLUP);
    2500:	62 e0       	ldi	r22, 0x02	; 2
    2502:	80 91 1a 03 	lds	r24, 0x031A	; 0x80031a <inputService+0x2>
    2506:	0e 94 d1 04 	call	0x9a2	; 0x9a2 <pinMode>
/Users/leyry/Documents/Electronique/Thermonuino/main/modules/sonde/SondeInputService.cpp:11
  pinMode(pins_.cmdButton, INPUT_PULLUP);
    250a:	62 e0       	ldi	r22, 0x02	; 2
    250c:	80 91 1b 03 	lds	r24, 0x031B	; 0x80031b <inputService+0x3>
    2510:	0e 94 d1 04 	call	0x9a2	; 0x9a2 <pinMode>
/Users/leyry/Documents/Electronique/Thermonuino/main/modules/sonde/SondeInputService.cpp:12
  pinMode(pins_.wake, INPUT);
    2514:	60 e0       	ldi	r22, 0x00	; 0
    2516:	80 91 1c 03 	lds	r24, 0x031C	; 0x80031c <inputService+0x4>
    251a:	0e 94 d1 04 	call	0x9a2	; 0x9a2 <pinMode>
/Users/leyry/Documents/Electronique/Thermonuino/main/modules/sonde/SondeInputService.cpp:14

  sens1InputRegister_ = portInputRegister(digitalPinToPort(pins_.cmdSens1));
    251e:	40 91 19 03 	lds	r20, 0x0319	; 0x800319 <inputService+0x1>
    2522:	50 e0       	ldi	r21, 0x00	; 0
    2524:	fa 01       	movw	r30, r20
    2526:	ea 57       	subi	r30, 0x7A	; 122
    2528:	ff 4f       	sbci	r31, 0xFF	; 255
    252a:	e4 91       	lpm	r30, Z
    252c:	f0 e0       	ldi	r31, 0x00	; 0
    252e:	ee 0f       	add	r30, r30
    2530:	ff 1f       	adc	r31, r31
    2532:	e4 58       	subi	r30, 0x84	; 132
    2534:	ff 4f       	sbci	r31, 0xFF	; 255
    2536:	c5 91       	lpm	r28, Z+
    2538:	d4 91       	lpm	r29, Z
    253a:	d0 93 1e 03 	sts	0x031E, r29	; 0x80031e <inputService+0x6>
    253e:	c0 93 1d 03 	sts	0x031D, r28	; 0x80031d <inputService+0x5>
/Users/leyry/Documents/Electronique/Thermonuino/main/modules/sonde/SondeInputService.cpp:15
  sens2InputRegister_ = portInputRegister(digitalPinToPort(pins_.cmdSens2));
    2542:	20 91 1a 03 	lds	r18, 0x031A	; 0x80031a <inputService+0x2>
    2546:	30 e0       	ldi	r19, 0x00	; 0
    2548:	f9 01       	movw	r30, r18
    254a:	ea 57       	subi	r30, 0x7A	; 122
    254c:	ff 4f       	sbci	r31, 0xFF	; 255
    254e:	e4 91       	lpm	r30, Z
    2550:	f0 e0       	ldi	r31, 0x00	; 0
    2552:	ee 0f       	add	r30, r30
    2554:	ff 1f       	adc	r31, r31
    2556:	e4 58       	subi	r30, 0x84	; 132
    2558:	ff 4f       	sbci	r31, 0xFF	; 255
    255a:	a5 91       	lpm	r26, Z+
    255c:	b4 91       	lpm	r27, Z
    255e:	b0 93 20 03 	sts	0x0320, r27	; 0x800320 <inputService+0x8>
    2562:	a0 93 1f 03 	sts	0x031F, r26	; 0x80031f <inputService+0x7>
/Users/leyry/Documents/Electronique/Thermonuino/main/modules/sonde/SondeInputService.cpp:16
  buttonInputRegister_ = portInputRegister(digitalPinToPort(pins_.cmdButton));
    2566:	80 91 1b 03 	lds	r24, 0x031B	; 0x80031b <inputService+0x3>
    256a:	90 e0       	ldi	r25, 0x00	; 0
    256c:	fc 01       	movw	r30, r24
    256e:	ea 57       	subi	r30, 0x7A	; 122
    2570:	ff 4f       	sbci	r31, 0xFF	; 255
    2572:	e4 91       	lpm	r30, Z
    2574:	f0 e0       	ldi	r31, 0x00	; 0
    2576:	ee 0f       	add	r30, r30
    2578:	ff 1f       	adc	r31, r31
    257a:	e4 58       	subi	r30, 0x84	; 132
    257c:	ff 4f       	sbci	r31, 0xFF	; 255
    257e:	65 91       	lpm	r22, Z+
    2580:	74 91       	lpm	r23, Z
    2582:	70 93 22 03 	sts	0x0322, r23	; 0x800322 <inputService+0xa>
    2586:	60 93 21 03 	sts	0x0321, r22	; 0x800321 <inputService+0x9>
/Users/leyry/Documents/Electronique/Thermonuino/main/modules/sonde/SondeInputService.cpp:17
  sens1BitMask_ = digitalPinToBitMask(pins_.cmdSens1);
    258a:	43 56       	subi	r20, 0x63	; 99
    258c:	5f 4f       	sbci	r21, 0xFF	; 255
    258e:	fa 01       	movw	r30, r20
    2590:	44 91       	lpm	r20, Z
    2592:	40 93 23 03 	sts	0x0323, r20	; 0x800323 <inputService+0xb>
/Users/leyry/Documents/Electronique/Thermonuino/main/modules/sonde/SondeInputService.cpp:18
  sens2BitMask_ = digitalPinToBitMask(pins_.cmdSens2);
    2596:	23 56       	subi	r18, 0x63	; 99
    2598:	3f 4f       	sbci	r19, 0xFF	; 255
    259a:	f9 01       	movw	r30, r18
    259c:	24 91       	lpm	r18, Z
    259e:	20 93 24 03 	sts	0x0324, r18	; 0x800324 <inputService+0xc>
/Users/leyry/Documents/Electronique/Thermonuino/main/modules/sonde/SondeInputService.cpp:19
  buttonBitMask_ = digitalPinToBitMask(pins_.cmdButton);
    25a2:	83 56       	subi	r24, 0x63	; 99
    25a4:	9f 4f       	sbci	r25, 0xFF	; 255
    25a6:	fc 01       	movw	r30, r24
    25a8:	84 91       	lpm	r24, Z
    25aa:	80 93 25 03 	sts	0x0325, r24	; 0x800325 <inputService+0xd>
/Users/leyry/Documents/Electronique/Thermonuino/main/modules/sonde/SondeInputService.cpp:20
  sens1PressedLatch_ = (*sens1InputRegister_ & sens1BitMask_) == 0;
    25ae:	e8 81       	ld	r30, Y
    25b0:	e4 23       	and	r30, r20
    25b2:	91 e0       	ldi	r25, 0x01	; 1
    25b4:	09 f0       	breq	.+2      	; 0x25b8 <main+0x25a>
    25b6:	90 e0       	ldi	r25, 0x00	; 0
    25b8:	90 93 30 03 	sts	0x0330, r25	; 0x800330 <inputService+0x18>
/Users/leyry/Documents/Electronique/Thermonuino/main/modules/sonde/SondeInputService.cpp:21
  sens2PressedLatch_ = (*sens2InputRegister_ & sens2BitMask_) == 0;
    25bc:	ec 91       	ld	r30, X
    25be:	e2 23       	and	r30, r18
    25c0:	91 e0       	ldi	r25, 0x01	; 1
    25c2:	09 f0       	breq	.+2      	; 0x25c6 <main+0x268>
    25c4:	90 e0       	ldi	r25, 0x00	; 0
    25c6:	90 93 31 03 	sts	0x0331, r25	; 0x800331 <inputService+0x19>
/Users/leyry/Documents/Electronique/Thermonuino/main/modules/sonde/SondeInputService.cpp:22
  buttonPressedLatch_ = (*buttonInputRegister_ & buttonBitMask_) == 0;
    25ca:	db 01       	movw	r26, r22
    25cc:	ec 91       	ld	r30, X
    25ce:	e8 23       	and	r30, r24
    25d0:	81 e0       	ldi	r24, 0x01	; 1
    25d2:	09 f0       	breq	.+2      	; 0x25d6 <main+0x278>
    25d4:	80 e0       	ldi	r24, 0x00	; 0
    25d6:	80 93 32 03 	sts	0x0332, r24	; 0x800332 <inputService+0x1a>
/Users/leyry/Documents/Electronique/Thermonuino/main/modules/sonde/SondeInputService.cpp:23
  activeInstance_ = this;
    25da:	88 e1       	ldi	r24, 0x18	; 24
    25dc:	93 e0       	ldi	r25, 0x03	; 3
    25de:	90 93 80 02 	sts	0x0280, r25	; 0x800280 <SondeInputService::activeInstance_+0x1>
    25e2:	80 93 7f 02 	sts	0x027F, r24	; 0x80027f <SondeInputService::activeInstance_>
registerPinChangeCallback():
/Users/leyry/Documents/Electronique/Thermonuino/main/lib/Thermonuino-commons/src/ThermioSlavePower.cpp:52
  PCICR |= _BV(PCIE2);
  PCMSK2 |= pcintMask;
}

void registerPinChangeCallback(PinChangeCallback callback) {
  noInterrupts();
    25e6:	f8 94       	cli
/Users/leyry/Documents/Electronique/Thermonuino/main/lib/Thermonuino-commons/src/ThermioSlavePower.cpp:53
  gPinChangeCallback = callback;
    25e8:	8c eb       	ldi	r24, 0xBC	; 188
    25ea:	9d e0       	ldi	r25, 0x0D	; 13
    25ec:	90 93 7e 02 	sts	0x027E, r25	; 0x80027e <(anonymous namespace)::gPinChangeCallback+0x1>
    25f0:	80 93 7d 02 	sts	0x027D, r24	; 0x80027d <(anonymous namespace)::gPinChangeCallback>
/Users/leyry/Documents/Electronique/Thermonuino/main/lib/Thermonuino-commons/src/ThermioSlavePower.cpp:54
  interrupts();
    25f4:	78 94       	sei
begin():
/Users/leyry/Documents/Electronique/Thermonuino/main/modules/sonde/SondeInputService.cpp:25
  ThermioSlavePower::registerPinChangeCallback(handlePinChangeInterrupt);
  configurePinChangeInterrupt(pins_.cmdSens1);
    25f6:	80 91 19 03 	lds	r24, 0x0319	; 0x800319 <inputService+0x1>
    25fa:	0e 94 c4 01 	call	0x388	; 0x388 <SondeInputService::configurePinChangeInterrupt(unsigned char) [clone .constprop.45]>
/Users/leyry/Documents/Electronique/Thermonuino/main/modules/sonde/SondeInputService.cpp:26
  configurePinChangeInterrupt(pins_.cmdSens2);
    25fe:	80 91 1a 03 	lds	r24, 0x031A	; 0x80031a <inputService+0x2>
    2602:	0e 94 c4 01 	call	0x388	; 0x388 <SondeInputService::configurePinChangeInterrupt(unsigned char) [clone .constprop.45]>
/Users/leyry/Documents/Electronique/Thermonuino/main/modules/sonde/SondeInputService.cpp:27
  configurePinChangeInterrupt(pins_.cmdButton);
    2606:	80 91 1b 03 	lds	r24, 0x031B	; 0x80031b <inputService+0x3>
    260a:	0e 94 c4 01 	call	0x388	; 0x388 <SondeInputService::configurePinChangeInterrupt(unsigned char) [clone .constprop.45]>
/Users/leyry/Documents/Electronique/Thermonuino/main/modules/sonde/SondeInputService.cpp:29

  lastRawSwitch_ = readRawSwitch();
    260e:	0e 94 70 04 	call	0x8e0	; 0x8e0 <SondeInputService::readRawSwitch() [clone .constprop.47]>
    2612:	80 93 3b 03 	sts	0x033B, r24	; 0x80033b <inputService+0x23>
/Users/leyry/Documents/Electronique/Thermonuino/main/modules/sonde/SondeInputService.cpp:30
  stableSwitch_ = lastRawSwitch_;
    2616:	80 93 3c 03 	sts	0x033C, r24	; 0x80033c <inputService+0x24>
/Users/leyry/Documents/Electronique/Thermonuino/main/modules/sonde/SondeInputService.cpp:31
  stableCount_ = 0;
    261a:	10 92 3d 03 	sts	0x033D, r1	; 0x80033d <inputService+0x25>
/Users/leyry/Documents/Electronique/Thermonuino/main/modules/sonde/SondeInputService.cpp:32
  if (digitalRead(pins_.bodyDetect) == HIGH) {
    261e:	80 91 18 03 	lds	r24, 0x0318	; 0x800318 <inputService>
    2622:	0e 94 47 04 	call	0x88e	; 0x88e <digitalRead>
    2626:	01 97       	sbiw	r24, 0x01	; 1
    2628:	71 f4       	brne	.+28     	; 0x2646 <main+0x2e8>
/Users/leyry/Documents/Electronique/Thermonuino/main/modules/sonde/SondeInputService.cpp:33
    motionDetectedUntilAt_ = millis() + MotionHoldMs;
    262a:	0e 94 64 05 	call	0xac8	; 0xac8 <millis>
    262e:	60 56       	subi	r22, 0x60	; 96
    2630:	74 44       	sbci	r23, 0x44	; 68
    2632:	82 4f       	sbci	r24, 0xF2	; 242
    2634:	9f 4f       	sbci	r25, 0xFF	; 255
    2636:	60 93 37 03 	sts	0x0337, r22	; 0x800337 <inputService+0x1f>
    263a:	70 93 38 03 	sts	0x0338, r23	; 0x800338 <inputService+0x20>
    263e:	80 93 39 03 	sts	0x0339, r24	; 0x800339 <inputService+0x21>
    2642:	90 93 3a 03 	sts	0x033A, r25	; 0x80033a <inputService+0x22>
/Users/leyry/Documents/Electronique/Thermonuino/main/modules/sonde/SondeInputService.cpp:35
  }
  motionDetected_ = (int32_t)(motionDetectedUntilAt_ - millis()) > 0;
    2646:	c0 90 37 03 	lds	r12, 0x0337	; 0x800337 <inputService+0x1f>
    264a:	d0 90 38 03 	lds	r13, 0x0338	; 0x800338 <inputService+0x20>
    264e:	e0 90 39 03 	lds	r14, 0x0339	; 0x800339 <inputService+0x21>
    2652:	f0 90 3a 03 	lds	r15, 0x033A	; 0x80033a <inputService+0x22>
    2656:	0e 94 64 05 	call	0xac8	; 0xac8 <millis>
    265a:	c6 1a       	sub	r12, r22
    265c:	d7 0a       	sbc	r13, r23
    265e:	e8 0a       	sbc	r14, r24
    2660:	f9 0a       	sbc	r15, r25
    2662:	81 e0       	ldi	r24, 0x01	; 1
    2664:	1c 14       	cp	r1, r12
    2666:	1d 04       	cpc	r1, r13
    2668:	1e 04       	cpc	r1, r14
    266a:	1f 04       	cpc	r1, r15
    266c:	0c f0       	brlt	.+2      	; 0x2670 <main+0x312>
    266e:	80 e0       	ldi	r24, 0x00	; 0
    2670:	80 93 3e 03 	sts	0x033E, r24	; 0x80033e <inputService+0x26>
/Users/leyry/Documents/Electronique/Thermonuino/main/modules/sonde/SondeBatteryService.cpp:4
#include "SondeBatteryService.h"

void SondeBatteryService::begin() {
  pinMode(pins_.batterySense, INPUT);
    2674:	60 e0       	ldi	r22, 0x00	; 0
    2676:	80 91 40 03 	lds	r24, 0x0340	; 0x800340 <batteryService>
    267a:	0e 94 d1 04 	call	0x9a2	; 0x9a2 <pinMode>
/Users/leyry/Documents/Electronique/Thermonuino/main/modules/sonde/SondeBatteryService.cpp:5
  nextRefreshAt_ = 0;
    267e:	10 92 41 03 	sts	0x0341, r1	; 0x800341 <batteryService+0x1>
    2682:	10 92 42 03 	sts	0x0342, r1	; 0x800342 <batteryService+0x2>
    2686:	10 92 43 03 	sts	0x0343, r1	; 0x800343 <batteryService+0x3>
    268a:	10 92 44 03 	sts	0x0344, r1	; 0x800344 <batteryService+0x4>
/Users/leyry/Documents/Electronique/Thermonuino/main/modules/sonde/SondeRfStatusService.cpp:4
#include "SondeRfStatusService.h"

void SondeRfStatusService::begin() {
  radio_.beginPins();
    268e:	c0 91 0c 03 	lds	r28, 0x030C	; 0x80030c <rfStatusService>
    2692:	d0 91 0d 03 	lds	r29, 0x030D	; 0x80030d <rfStatusService+0x1>
beginPins():
/Users/leyry/Documents/Electronique/Thermonuino/main/lib/Thermonuino-commons/src/ThermioRfCc1101.cpp:7

ThermioRfCc1101::ThermioRfCc1101(const Pins &pins, const SPISettings &settings)
    : pins_(pins), settings_(settings) {}

void ThermioRfCc1101::beginPins() {
  pinMode(pins_.csn, OUTPUT);
    2696:	61 e0       	ldi	r22, 0x01	; 1
    2698:	88 81       	ld	r24, Y
    269a:	0e 94 d1 04 	call	0x9a2	; 0x9a2 <pinMode>
/Users/leyry/Documents/Electronique/Thermonuino/main/lib/Thermonuino-commons/src/ThermioRfCc1101.cpp:8
  pinMode(pins_.gdo0, INPUT);
    269e:	60 e0       	ldi	r22, 0x00	; 0
    26a0:	89 81       	ldd	r24, Y+1	; 0x01
    26a2:	0e 94 d1 04 	call	0x9a2	; 0x9a2 <pinMode>
/Users/leyry/Documents/Electronique/Thermonuino/main/lib/Thermonuino-commons/src/ThermioRfCc1101.cpp:9
  pinMode(pins_.mosi, OUTPUT);
    26a6:	61 e0       	ldi	r22, 0x01	; 1
    26a8:	8a 81       	ldd	r24, Y+2	; 0x02
    26aa:	0e 94 d1 04 	call	0x9a2	; 0x9a2 <pinMode>
/Users/leyry/Documents/Electronique/Thermonuino/main/lib/Thermonuino-commons/src/ThermioRfCc1101.cpp:10
  pinMode(pins_.miso, INPUT);
    26ae:	60 e0       	ldi	r22, 0x00	; 0
    26b0:	8b 81       	ldd	r24, Y+3	; 0x03
    26b2:	0e 94 d1 04 	call	0x9a2	; 0x9a2 <pinMode>
/Users/leyry/Documents/Electronique/Thermonuino/main/lib/Thermonuino-commons/src/ThermioRfCc1101.cpp:11
  pinMode(pins_.sck, OUTPUT);
    26b6:	61 e0       	ldi	r22, 0x01	; 1
    26b8:	8c 81       	ldd	r24, Y+4	; 0x04
    26ba:	0e 94 d1 04 	call	0x9a2	; 0x9a2 <pinMode>
/Users/leyry/Documents/Electronique/Thermonuino/main/lib/Thermonuino-commons/src/ThermioRfCc1101.cpp:12
  digitalWrite(pins_.csn, HIGH);
    26be:	61 e0       	ldi	r22, 0x01	; 1
    26c0:	88 81       	ld	r24, Y
    26c2:	0e 94 a3 04 	call	0x946	; 0x946 <digitalWrite>
/Users/leyry/Documents/Electronique/Thermonuino/main/lib/Thermonuino-commons/src/ThermioRfCc1101.cpp:13
  digitalWrite(pins_.mosi, LOW);
    26c6:	60 e0       	ldi	r22, 0x00	; 0
    26c8:	8a 81       	ldd	r24, Y+2	; 0x02
    26ca:	0e 94 a3 04 	call	0x946	; 0x946 <digitalWrite>
/Users/leyry/Documents/Electronique/Thermonuino/main/lib/Thermonuino-commons/src/ThermioRfCc1101.cpp:14
  digitalWrite(pins_.sck, LOW);
    26ce:	60 e0       	ldi	r22, 0x00	; 0
    26d0:	8c 81       	ldd	r24, Y+4	; 0x04
    26d2:	0e 94 a3 04 	call	0x946	; 0x946 <digitalWrite>
begin():
/Users/leyry/Documents/Electronique/Thermonuino/main/modules/sonde/SondeRfStatusService.cpp:5
  radio_.sleep();
    26d6:	80 91 0c 03 	lds	r24, 0x030C	; 0x80030c <rfStatusService>
    26da:	90 91 0d 03 	lds	r25, 0x030D	; 0x80030d <rfStatusService+0x1>
    26de:	0e 94 c5 07 	call	0xf8a	; 0xf8a <ThermioRfCc1101::sleep()>
/Users/leyry/Documents/Electronique/Thermonuino/main/modules/sonde/SondeRfStatusService.cpp:6
  nextSpiRefreshAt_ = 0;
    26e2:	10 92 0e 03 	sts	0x030E, r1	; 0x80030e <rfStatusService+0x2>
    26e6:	10 92 0f 03 	sts	0x030F, r1	; 0x80030f <rfStatusService+0x3>
    26ea:	10 92 10 03 	sts	0x0310, r1	; 0x800310 <rfStatusService+0x4>
    26ee:	10 92 11 03 	sts	0x0311, r1	; 0x800311 <rfStatusService+0x5>
setup():
/Users/leyry/Documents/Electronique/Thermonuino/main/modules/sonde/sonde.ino:241
    ui.page = FORCE_SCREEN_TEST_PAGE;
    updateDisplay();
    return;
  }

  if (ENABLE_RF_STARTUP_SELF_TEST && !rfStatusService.spiOk()) {
    26f2:	80 91 16 03 	lds	r24, 0x0316	; 0x800316 <rfStatusService+0xa>
    26f6:	81 11       	cpse	r24, r1
    26f8:	1d c0       	rjmp	.+58     	; 0x2734 <main+0x3d6>
/Users/leyry/Documents/Electronique/Thermonuino/main/modules/sonde/sonde.ino:242
    rfStatusService.update(millis(), true);
    26fa:	0e 94 64 05 	call	0xac8	; 0xac8 <millis>
    26fe:	41 e0       	ldi	r20, 0x01	; 1
    2700:	0e 94 e2 07 	call	0xfc4	; 0xfc4 <SondeRfStatusService::update(unsigned long, bool) [clone .constprop.36]>
/Users/leyry/Documents/Electronique/Thermonuino/main/modules/sonde/sonde.ino:243
    if (!rfStatusService.spiOk()) {
    2704:	80 91 16 03 	lds	r24, 0x0316	; 0x800316 <rfStatusService+0xa>
    2708:	81 11       	cpse	r24, r1
    270a:	14 c0       	rjmp	.+40     	; 0x2734 <main+0x3d6>
/Users/leyry/Documents/Electronique/Thermonuino/main/modules/sonde/sonde.ino:244
      startupTerminalMode = true;
    270c:	81 e0       	ldi	r24, 0x01	; 1
    270e:	80 93 86 02 	sts	0x0286, r24	; 0x800286 <startupTerminalMode>
/Users/leyry/Documents/Electronique/Thermonuino/main/modules/sonde/sonde.ino:245
      ui.page = UI_PAGE_RF_ERROR;
    2712:	85 e0       	ldi	r24, 0x05	; 5
    2714:	80 93 00 01 	sts	0x0100, r24	; 0x800100 <__data_start>
/Users/leyry/Documents/Electronique/Thermonuino/main/modules/sonde/sonde.ino:246
      updateDisplay();
    2718:	0e 94 10 0c 	call	0x1820	; 0x1820 <updateDisplay()>
main():
/Users/leyry/Library/Arduino15/packages/MiniCore/hardware/avr/3.1.1/cores/MCUdude_corefiles/main.cpp:47
  
  setup();
    
  for (;;) {
    loop();
    if (serialEventRun) serialEventRun();
    271c:	c0 e0       	ldi	r28, 0x00	; 0
    271e:	d0 e0       	ldi	r29, 0x00	; 0
update():
/Users/leyry/Documents/Electronique/Thermonuino/main/modules/sonde/SondeInputService.cpp:42

SondeInputEvent SondeInputService::update(uint32_t now) {
  if (digitalRead(pins_.bodyDetect) == HIGH) {
    motionDetectedUntilAt_ = now + MotionHoldMs;
  }
  motionDetected_ = (int32_t)(motionDetectedUntilAt_ - now) > 0;
    2720:	11 e0       	ldi	r17, 0x01	; 1
enterBatteryTerminalMode():
/Users/leyry/Documents/Electronique/Thermonuino/main/modules/sonde/sonde.ino:160
    return false;
  }

  batteryTerminalMode = true;
  criticalBatteryReportUntilAt = now + CRITICAL_BATTERY_REPORT_MS;
  ui.page = UI_PAGE_BATTERY_DEAD;
    2722:	02 e0       	ldi	r16, 0x02	; 2
loop():
/Users/leyry/Documents/Electronique/Thermonuino/main/modules/sonde/sonde.ino:262
  updateDisplay();
  nextClockRefreshAt = millis() + UI_CLOCK_REFRESH_MS;
}

void loop() {
  if (FORCE_SCREEN_TEST_PAGE != UI_PAGE_HOME || startupTerminalMode) {
    2724:	80 91 86 02 	lds	r24, 0x0286	; 0x800286 <startupTerminalMode>
    2728:	88 23       	and	r24, r24
    272a:	09 f4       	brne	.+2      	; 0x272e <main+0x3d0>
    272c:	3f c0       	rjmp	.+126    	; 0x27ac <main+0x44e>
/Users/leyry/Documents/Electronique/Thermonuino/main/modules/sonde/sonde.ino:319
                         FULL_PARTIAL_REFRESH_W,
                         FULL_PARTIAL_REFRESH_H);
  }

  if (lastDisplayOk) {
    ledOff();
    272e:	0e 94 ee 06 	call	0xddc	; 0xddc <ledOff()>
    2732:	b3 c1       	rjmp	.+870    	; 0x2a9a <main+0x73c>
begin():
/Users/leyry/Documents/Electronique/Thermonuino/main/modules/sonde/SondeDataService.cpp:6
#include "SondeDataService.h"

#include <Wire.h>

void SondeDataService::begin() {
  nextSensorRefreshAt_ = 0;
    2734:	10 92 98 02 	sts	0x0298, r1	; 0x800298 <dataService>
    2738:	10 92 99 02 	sts	0x0299, r1	; 0x800299 <dataService+0x1>
    273c:	10 92 9a 02 	sts	0x029A, r1	; 0x80029a <dataService+0x2>
    2740:	10 92 9b 02 	sts	0x029B, r1	; 0x80029b <dataService+0x3>
setup():
/Users/leyry/Documents/Electronique/Thermonuino/main/modules/sonde/sonde.ino:252
      return;
    }
  }

  dataService.begin();
  batteryService.update(millis(), true);
    2744:	0e 94 64 05 	call	0xac8	; 0xac8 <millis>
    2748:	41 e0       	ldi	r20, 0x01	; 1
    274a:	0e 94 91 00 	call	0x122	; 0x122 <SondeBatteryService::update(unsigned long, bool) [clone .constprop.70]>
/Users/leyry/Documents/Electronique/Thermonuino/main/modules/sonde/sonde.ino:253
  rfStatusService.update(millis(), true);
    274e:	0e 94 64 05 	call	0xac8	; 0xac8 <millis>
    2752:	41 e0       	ldi	r20, 0x01	; 1
    2754:	0e 94 e2 07 	call	0xfc4	; 0xfc4 <SondeRfStatusService::update(unsigned long, bool) [clone .constprop.36]>
/Users/leyry/Documents/Electronique/Thermonuino/main/modules/sonde/sonde.ino:254
  enterBatteryTerminalMode(millis());
    2758:	0e 94 64 05 	call	0xac8	; 0xac8 <millis>
enterBatteryTerminalMode():
/Users/leyry/Documents/Electronique/Thermonuino/main/modules/sonde/sonde.ino:154
  ui.setpointDeciC = nextSetpoint;
  return true;
}

bool enterBatteryTerminalMode(uint32_t now) {
  if (!batteryService.batteryCritical() || batteryTerminalMode) {
    275c:	80 91 49 03 	lds	r24, 0x0349	; 0x800349 <batteryService+0x9>
    2760:	88 23       	and	r24, r24
    2762:	51 f0       	breq	.+20     	; 0x2778 <main+0x41a>
    2764:	80 91 85 02 	lds	r24, 0x0285	; 0x800285 <batteryTerminalMode>
    2768:	81 11       	cpse	r24, r1
    276a:	06 c0       	rjmp	.+12     	; 0x2778 <main+0x41a>
/Users/leyry/Documents/Electronique/Thermonuino/main/modules/sonde/sonde.ino:158
    return false;
  }

  batteryTerminalMode = true;
    276c:	81 e0       	ldi	r24, 0x01	; 1
    276e:	80 93 85 02 	sts	0x0285, r24	; 0x800285 <batteryTerminalMode>
/Users/leyry/Documents/Electronique/Thermonuino/main/modules/sonde/sonde.ino:160
  criticalBatteryReportUntilAt = now + CRITICAL_BATTERY_REPORT_MS;
  ui.page = UI_PAGE_BATTERY_DEAD;
    2772:	82 e0       	ldi	r24, 0x02	; 2
    2774:	80 93 00 01 	sts	0x0100, r24	; 0x800100 <__data_start>
setup():
/Users/leyry/Documents/Electronique/Thermonuino/main/modules/sonde/sonde.ino:255

  dataService.begin();
  batteryService.update(millis(), true);
  rfStatusService.update(millis(), true);
  enterBatteryTerminalMode(millis());
  ui.motionDetected = inputService.motionDetected();
    2778:	80 91 3e 03 	lds	r24, 0x033E	; 0x80033e <inputService+0x26>
    277c:	80 93 11 01 	sts	0x0111, r24	; 0x800111 <__data_start+0x11>
/Users/leyry/Documents/Electronique/Thermonuino/main/modules/sonde/sonde.ino:256
  dataService.update(millis(), true);
    2780:	0e 94 64 05 	call	0xac8	; 0xac8 <millis>
    2784:	41 e0       	ldi	r20, 0x01	; 1
    2786:	0e 94 35 0e 	call	0x1c6a	; 0x1c6a <SondeDataService::update(unsigned long, bool) [clone .constprop.50]>
/Users/leyry/Documents/Electronique/Thermonuino/main/modules/sonde/sonde.ino:257
  updateDisplay();
    278a:	0e 94 10 0c 	call	0x1820	; 0x1820 <updateDisplay()>
/Users/leyry/Documents/Electronique/Thermonuino/main/modules/sonde/sonde.ino:258
  nextClockRefreshAt = millis() + UI_CLOCK_REFRESH_MS;
    278e:	0e 94 64 05 	call	0xac8	; 0xac8 <millis>
    2792:	60 52       	subi	r22, 0x20	; 32
    2794:	7c 46       	sbci	r23, 0x6C	; 108
    2796:	8b 4f       	sbci	r24, 0xFB	; 251
    2798:	9f 4f       	sbci	r25, 0xFF	; 255
    279a:	60 93 81 02 	sts	0x0281, r22	; 0x800281 <nextClockRefreshAt>
    279e:	70 93 82 02 	sts	0x0282, r23	; 0x800282 <nextClockRefreshAt+0x1>
    27a2:	80 93 83 02 	sts	0x0283, r24	; 0x800283 <nextClockRefreshAt+0x2>
    27a6:	90 93 84 02 	sts	0x0284, r25	; 0x800284 <nextClockRefreshAt+0x3>
    27aa:	b8 cf       	rjmp	.-144    	; 0x271c <main+0x3be>
loop():
/Users/leyry/Documents/Electronique/Thermonuino/main/modules/sonde/sonde.ino:268
    ledOff();
    isolateRfSpi();
    return;
  }

  const uint32_t now = millis();
    27ac:	0e 94 64 05 	call	0xac8	; 0xac8 <millis>
    27b0:	6b 01       	movw	r12, r22
    27b2:	7c 01       	movw	r14, r24
/Users/leyry/Documents/Electronique/Thermonuino/main/modules/sonde/sonde.ino:269
  if (batteryTerminalMode) {
    27b4:	80 91 85 02 	lds	r24, 0x0285	; 0x800285 <batteryTerminalMode>
    27b8:	81 11       	cpse	r24, r1
    27ba:	b9 cf       	rjmp	.-142    	; 0x272e <main+0x3d0>
/Users/leyry/Documents/Electronique/Thermonuino/main/modules/sonde/sonde.ino:275
    ledOff();
    isolateRfSpi();
    return;
  }

  bool displayNeedsRefresh = dataService.update(now);
    27bc:	40 e0       	ldi	r20, 0x00	; 0
    27be:	c7 01       	movw	r24, r14
    27c0:	b6 01       	movw	r22, r12
    27c2:	0e 94 35 0e 	call	0x1c6a	; 0x1c6a <SondeDataService::update(unsigned long, bool) [clone .constprop.50]>
    27c6:	b8 2e       	mov	r11, r24
/Users/leyry/Documents/Electronique/Thermonuino/main/modules/sonde/sonde.ino:276
  if (batteryService.update(now)) {
    27c8:	40 e0       	ldi	r20, 0x00	; 0
    27ca:	c7 01       	movw	r24, r14
    27cc:	b6 01       	movw	r22, r12
    27ce:	0e 94 91 00 	call	0x122	; 0x122 <SondeBatteryService::update(unsigned long, bool) [clone .constprop.70]>
    27d2:	a8 2e       	mov	r10, r24
    27d4:	81 11       	cpse	r24, r1
    27d6:	01 c0       	rjmp	.+2      	; 0x27da <main+0x47c>
main():
/Users/leyry/Documents/Electronique/Thermonuino/main/modules/sonde/sonde.ino:275
    ledOff();
    isolateRfSpi();
    return;
  }

  bool displayNeedsRefresh = dataService.update(now);
    27d8:	ab 2c       	mov	r10, r11
loop():
/Users/leyry/Documents/Electronique/Thermonuino/main/modules/sonde/sonde.ino:279
  if (batteryService.update(now)) {
    displayNeedsRefresh = true;
  }
  if (rfStatusService.update(now)) {
    27da:	40 e0       	ldi	r20, 0x00	; 0
    27dc:	c7 01       	movw	r24, r14
    27de:	b6 01       	movw	r22, r12
    27e0:	0e 94 e2 07 	call	0xfc4	; 0xfc4 <SondeRfStatusService::update(unsigned long, bool) [clone .constprop.36]>
    27e4:	b8 2e       	mov	r11, r24
    27e6:	81 11       	cpse	r24, r1
    27e8:	01 c0       	rjmp	.+2      	; 0x27ec <main+0x48e>
    27ea:	ba 2c       	mov	r11, r10
batteryCritical():
/Users/leyry/Documents/Electronique/Thermonuino/main/modules/sonde/SondeBatteryService.cpp:43
bool SondeBatteryService::batteryLow() const {
  return batteryLow_;
}

bool SondeBatteryService::batteryCritical() const {
  return batteryCritical_;
    27ec:	80 91 49 03 	lds	r24, 0x0349	; 0x800349 <batteryService+0x9>
enterBatteryTerminalMode():
/Users/leyry/Documents/Electronique/Thermonuino/main/modules/sonde/sonde.ino:154
  ui.setpointDeciC = nextSetpoint;
  return true;
}

bool enterBatteryTerminalMode(uint32_t now) {
  if (!batteryService.batteryCritical() || batteryTerminalMode) {
    27f0:	88 23       	and	r24, r24
    27f2:	29 f0       	breq	.+10     	; 0x27fe <main+0x4a0>
/Users/leyry/Documents/Electronique/Thermonuino/main/modules/sonde/sonde.ino:158
    return false;
  }

  batteryTerminalMode = true;
    27f4:	10 93 85 02 	sts	0x0285, r17	; 0x800285 <batteryTerminalMode>
/Users/leyry/Documents/Electronique/Thermonuino/main/modules/sonde/sonde.ino:160
  criticalBatteryReportUntilAt = now + CRITICAL_BATTERY_REPORT_MS;
  ui.page = UI_PAGE_BATTERY_DEAD;
    27f8:	00 93 00 01 	sts	0x0100, r16	; 0x800100 <__data_start>
main():
/Users/leyry/Documents/Electronique/Thermonuino/main/modules/sonde/sonde.ino:283
  }
  if (rfStatusService.update(now)) {
    displayNeedsRefresh = true;
  }
  if (enterBatteryTerminalMode(now)) {
    displayNeedsRefresh = true;
    27fc:	b8 2e       	mov	r11, r24
update():
/Users/leyry/Documents/Electronique/Thermonuino/main/modules/sonde/SondeInputService.cpp:39
  }
  motionDetected_ = (int32_t)(motionDetectedUntilAt_ - millis()) > 0;
}

SondeInputEvent SondeInputService::update(uint32_t now) {
  if (digitalRead(pins_.bodyDetect) == HIGH) {
    27fe:	80 91 18 03 	lds	r24, 0x0318	; 0x800318 <inputService>
    2802:	0e 94 47 04 	call	0x88e	; 0x88e <digitalRead>
    2806:	01 97       	sbiw	r24, 0x01	; 1
    2808:	71 f4       	brne	.+28     	; 0x2826 <main+0x4c8>
/Users/leyry/Documents/Electronique/Thermonuino/main/modules/sonde/SondeInputService.cpp:40
    motionDetectedUntilAt_ = now + MotionHoldMs;
    280a:	d7 01       	movw	r26, r14
    280c:	c6 01       	movw	r24, r12
    280e:	80 56       	subi	r24, 0x60	; 96
    2810:	94 44       	sbci	r25, 0x44	; 68
    2812:	a2 4f       	sbci	r26, 0xF2	; 242
    2814:	bf 4f       	sbci	r27, 0xFF	; 255
    2816:	80 93 37 03 	sts	0x0337, r24	; 0x800337 <inputService+0x1f>
    281a:	90 93 38 03 	sts	0x0338, r25	; 0x800338 <inputService+0x20>
    281e:	a0 93 39 03 	sts	0x0339, r26	; 0x800339 <inputService+0x21>
    2822:	b0 93 3a 03 	sts	0x033A, r27	; 0x80033a <inputService+0x22>
/Users/leyry/Documents/Electronique/Thermonuino/main/modules/sonde/SondeInputService.cpp:42
  }
  motionDetected_ = (int32_t)(motionDetectedUntilAt_ - now) > 0;
    2826:	80 91 37 03 	lds	r24, 0x0337	; 0x800337 <inputService+0x1f>
    282a:	90 91 38 03 	lds	r25, 0x0338	; 0x800338 <inputService+0x20>
    282e:	a0 91 39 03 	lds	r26, 0x0339	; 0x800339 <inputService+0x21>
    2832:	b0 91 3a 03 	lds	r27, 0x033A	; 0x80033a <inputService+0x22>
    2836:	8c 19       	sub	r24, r12
    2838:	9d 09       	sbc	r25, r13
    283a:	ae 09       	sbc	r26, r14
    283c:	bf 09       	sbc	r27, r15
    283e:	21 e0       	ldi	r18, 0x01	; 1
    2840:	18 16       	cp	r1, r24
    2842:	19 06       	cpc	r1, r25
    2844:	1a 06       	cpc	r1, r26
    2846:	1b 06       	cpc	r1, r27
    2848:	0c f0       	brlt	.+2      	; 0x284c <main+0x4ee>
    284a:	20 e0       	ldi	r18, 0x00	; 0
    284c:	20 93 3e 03 	sts	0x033E, r18	; 0x80033e <inputService+0x26>
popQueuedEvent():
/Users/leyry/Documents/Electronique/Thermonuino/main/modules/sonde/SondeInputService.cpp:166
  queuedEvents_[queueHead_] = event;
  queueHead_ = nextHead;
}

SondeInputEvent SondeInputService::popQueuedEvent() {
  noInterrupts();
    2850:	f8 94       	cli
/Users/leyry/Documents/Electronique/Thermonuino/main/modules/sonde/SondeInputService.cpp:167
  if (queueTail_ == queueHead_) {
    2852:	90 91 2f 03 	lds	r25, 0x032F	; 0x80032f <inputService+0x17>
    2856:	80 91 2e 03 	lds	r24, 0x032E	; 0x80032e <inputService+0x16>
    285a:	98 13       	cpse	r25, r24
    285c:	18 c0       	rjmp	.+48     	; 0x288e <main+0x530>
/Users/leyry/Documents/Electronique/Thermonuino/main/modules/sonde/SondeInputService.cpp:168
    interrupts();
    285e:	78 94       	sei
update():
/Users/leyry/Documents/Electronique/Thermonuino/main/modules/sonde/SondeInputService.cpp:50
  if (queuedEvent != SONDE_INPUT_NONE) {
    suppressNextStablePress_ = true;
    return queuedEvent;
  }

  if ((uint32_t)(now - lastSwitchReadAt_) < DebounceMs) {
    2860:	80 91 33 03 	lds	r24, 0x0333	; 0x800333 <inputService+0x1b>
    2864:	90 91 34 03 	lds	r25, 0x0334	; 0x800334 <inputService+0x1c>
    2868:	a0 91 35 03 	lds	r26, 0x0335	; 0x800335 <inputService+0x1d>
    286c:	b0 91 36 03 	lds	r27, 0x0336	; 0x800336 <inputService+0x1e>
    2870:	36 01       	movw	r6, r12
    2872:	47 01       	movw	r8, r14
    2874:	68 1a       	sub	r6, r24
    2876:	79 0a       	sbc	r7, r25
    2878:	8a 0a       	sbc	r8, r26
    287a:	9b 0a       	sbc	r9, r27
    287c:	d4 01       	movw	r26, r8
    287e:	c3 01       	movw	r24, r6
    2880:	83 97       	sbiw	r24, 0x23	; 35
    2882:	a1 05       	cpc	r26, r1
    2884:	b1 05       	cpc	r27, r1
    2886:	08 f0       	brcs	.+2      	; 0x288a <main+0x52c>
    2888:	5f c0       	rjmp	.+190    	; 0x2948 <main+0x5ea>
main():
/Users/leyry/Documents/Electronique/Thermonuino/main/modules/sonde/SondeInputService.cpp:76

  if (previous == SWITCH_NONE && stableSwitch_ != SWITCH_NONE &&
      stableSwitch_ != SWITCH_INVALID) {
    if (suppressNextStablePress_) {
      suppressNextStablePress_ = false;
      return SONDE_INPUT_NONE;
    288a:	a1 2c       	mov	r10, r1
    288c:	13 c0       	rjmp	.+38     	; 0x28b4 <main+0x556>
popQueuedEvent():
/Users/leyry/Documents/Electronique/Thermonuino/main/modules/sonde/SondeInputService.cpp:172
  if (queueTail_ == queueHead_) {
    interrupts();
    return SONDE_INPUT_NONE;
  }

  const SondeInputEvent event = (SondeInputEvent)queuedEvents_[queueTail_];
    288e:	e0 91 2f 03 	lds	r30, 0x032F	; 0x80032f <inputService+0x17>
    2892:	f0 e0       	ldi	r31, 0x00	; 0
    2894:	e8 5e       	subi	r30, 0xE8	; 232
    2896:	fc 4f       	sbci	r31, 0xFC	; 252
    2898:	a6 84       	ldd	r10, Z+14	; 0x0e
/Users/leyry/Documents/Electronique/Thermonuino/main/modules/sonde/SondeInputService.cpp:173
  queueTail_ = (queueTail_ + 1) % EventQueueSize;
    289a:	80 91 2f 03 	lds	r24, 0x032F	; 0x80032f <inputService+0x17>
    289e:	90 e0       	ldi	r25, 0x00	; 0
    28a0:	01 96       	adiw	r24, 0x01	; 1
    28a2:	87 70       	andi	r24, 0x07	; 7
    28a4:	99 27       	eor	r25, r25
    28a6:	80 93 2f 03 	sts	0x032F, r24	; 0x80032f <inputService+0x17>
/Users/leyry/Documents/Electronique/Thermonuino/main/modules/sonde/SondeInputService.cpp:174
  interrupts();
    28aa:	78 94       	sei
update():
/Users/leyry/Documents/Electronique/Thermonuino/main/modules/sonde/SondeInputService.cpp:45
    motionDetectedUntilAt_ = now + MotionHoldMs;
  }
  motionDetected_ = (int32_t)(motionDetectedUntilAt_ - now) > 0;

  const SondeInputEvent queuedEvent = popQueuedEvent();
  if (queuedEvent != SONDE_INPUT_NONE) {
    28ac:	aa 20       	and	r10, r10
    28ae:	c1 f2       	breq	.-80     	; 0x2860 <main+0x502>
/Users/leyry/Documents/Electronique/Thermonuino/main/modules/sonde/SondeInputService.cpp:46
    suppressNextStablePress_ = true;
    28b0:	10 93 3f 03 	sts	0x033F, r17	; 0x80033f <inputService+0x27>
loop():
/Users/leyry/Documents/Electronique/Thermonuino/main/modules/sonde/sonde.ino:288
  }

  const SondeInputEvent inputEvent = inputService.update(now);

  ui.motionDetected = inputService.motionDetected();
    28b4:	80 91 3e 03 	lds	r24, 0x033E	; 0x80033e <inputService+0x26>
    28b8:	80 93 11 01 	sts	0x0111, r24	; 0x800111 <__data_start+0x11>
applyInputEvent():
/Users/leyry/Documents/Electronique/Thermonuino/main/modules/sonde/sonde.ino:124
  ui.consoleOk = rfStatusService.consoleOk(millis());
  ui.bootMinutes = millis() / 60000UL;
}

bool applyInputEvent(SondeInputEvent event) {
  if (ui.page != UI_PAGE_HOME) {
    28bc:	80 91 00 01 	lds	r24, 0x0100	; 0x800100 <__data_start>
    28c0:	81 11       	cpse	r24, r1
    28c2:	a0 c0       	rjmp	.+320    	; 0x2a04 <main+0x6a6>
/Users/leyry/Documents/Electronique/Thermonuino/main/modules/sonde/sonde.ino:128
    return false;
  }

  if (event != SONDE_INPUT_PLUS && event != SONDE_INPUT_MINUS) {
    28c4:	8f ef       	ldi	r24, 0xFF	; 255
    28c6:	8a 0d       	add	r24, r10
    28c8:	82 30       	cpi	r24, 0x02	; 2
    28ca:	08 f0       	brcs	.+2      	; 0x28ce <main+0x570>
    28cc:	9b c0       	rjmp	.+310    	; 0x2a04 <main+0x6a6>
/Users/leyry/Documents/Electronique/Thermonuino/main/modules/sonde/sonde.ino:132
    return false;
  }

  ui.motionDetected = true;
    28ce:	10 93 11 01 	sts	0x0111, r17	; 0x800111 <__data_start+0x11>
/Users/leyry/Documents/Electronique/Thermonuino/main/modules/sonde/sonde.ino:133
  dataService.pauseUntil(millis() + SENSOR_PAUSE_AFTER_INPUT_MS);
    28d2:	0e 94 64 05 	call	0xac8	; 0xac8 <millis>
    28d6:	dc 01       	movw	r26, r24
    28d8:	cb 01       	movw	r24, r22
    28da:	80 54       	subi	r24, 0x40	; 64
    28dc:	9b 42       	sbci	r25, 0x2B	; 43
    28de:	ae 4f       	sbci	r26, 0xFE	; 254
    28e0:	bf 4f       	sbci	r27, 0xFF	; 255
pauseUntil():
/Users/leyry/Documents/Electronique/Thermonuino/main/modules/sonde/SondeDataService.cpp:31
  }
  return changed;
}

void SondeDataService::pauseUntil(uint32_t until) {
  if ((int32_t)(until - nextSensorRefreshAt_) > 0) {
    28e2:	40 90 98 02 	lds	r4, 0x0298	; 0x800298 <dataService>
    28e6:	50 90 99 02 	lds	r5, 0x0299	; 0x800299 <dataService+0x1>
    28ea:	60 90 9a 02 	lds	r6, 0x029A	; 0x80029a <dataService+0x2>
    28ee:	70 90 9b 02 	lds	r7, 0x029B	; 0x80029b <dataService+0x3>
    28f2:	9c 01       	movw	r18, r24
    28f4:	ad 01       	movw	r20, r26
    28f6:	24 19       	sub	r18, r4
    28f8:	35 09       	sbc	r19, r5
    28fa:	46 09       	sbc	r20, r6
    28fc:	57 09       	sbc	r21, r7
    28fe:	29 01       	movw	r4, r18
    2900:	3a 01       	movw	r6, r20
    2902:	14 14       	cp	r1, r4
    2904:	15 04       	cpc	r1, r5
    2906:	16 04       	cpc	r1, r6
    2908:	17 04       	cpc	r1, r7
    290a:	44 f4       	brge	.+16     	; 0x291c <main+0x5be>
/Users/leyry/Documents/Electronique/Thermonuino/main/modules/sonde/SondeDataService.cpp:32
    nextSensorRefreshAt_ = until;
    290c:	80 93 98 02 	sts	0x0298, r24	; 0x800298 <dataService>
    2910:	90 93 99 02 	sts	0x0299, r25	; 0x800299 <dataService+0x1>
    2914:	a0 93 9a 02 	sts	0x029A, r26	; 0x80029a <dataService+0x2>
    2918:	b0 93 9b 02 	sts	0x029B, r27	; 0x80029b <dataService+0x3>
applyInputEvent():
/Users/leyry/Documents/Electronique/Thermonuino/main/modules/sonde/sonde.ino:134
  armSetpointEditTimeoutAfterRefresh = true;
    291c:	10 93 94 02 	sts	0x0294, r17	; 0x800294 <armSetpointEditTimeoutAfterRefresh>
/Users/leyry/Documents/Electronique/Thermonuino/main/modules/sonde/sonde.ino:136

  if (!ui.setpointEditing) {
    2920:	80 91 13 01 	lds	r24, 0x0113	; 0x800113 <__data_start+0x13>
    2924:	81 11       	cpse	r24, r1
    2926:	4d c0       	rjmp	.+154    	; 0x29c2 <main+0x664>
/Users/leyry/Documents/Electronique/Thermonuino/main/modules/sonde/sonde.ino:137
    ui.setpointEditing = true;
    2928:	10 93 13 01 	sts	0x0113, r17	; 0x800113 <__data_start+0x13>
loop():
/Users/leyry/Documents/Electronique/Thermonuino/main/modules/sonde/sonde.ino:290

  const SondeInputEvent inputEvent = inputService.update(now);

  ui.motionDetected = inputService.motionDetected();
  if (applyInputEvent(inputEvent)) {
    if (!displayNeedsRefresh) {
    292c:	b1 10       	cpse	r11, r1
    292e:	6a c0       	rjmp	.+212    	; 0x2a04 <main+0x6a6>
updateDisplayPartial():
/Users/leyry/Documents/Electronique/Thermonuino/main/modules/sonde/sonde.ino:188
  }
  eink.sleep();
}

void updateDisplayPartial(uint8_t x, uint8_t y, uint8_t w, uint8_t h) {
  if (!lastDisplayOk) {
    2930:	80 91 95 02 	lds	r24, 0x0295	; 0x800295 <lastDisplayOk>
    2934:	81 11       	cpse	r24, r1
    2936:	63 c0       	rjmp	.+198    	; 0x29fe <main+0x6a0>
/Users/leyry/Documents/Electronique/Thermonuino/main/modules/sonde/sonde.ino:189
    updateDisplay();
    2938:	0e 94 10 0c 	call	0x1820	; 0x1820 <updateDisplay()>
main():
/Users/leyry/Library/Arduino15/packages/MiniCore/hardware/avr/3.1.1/cores/MCUdude_corefiles/main.cpp:47
    293c:	20 97       	sbiw	r28, 0x00	; 0
    293e:	09 f4       	brne	.+2      	; 0x2942 <main+0x5e4>
    2940:	f1 ce       	rjmp	.-542    	; 0x2724 <main+0x3c6>
    2942:	0e 94 00 00 	call	0	; 0x0 <__vectors>
    2946:	ee ce       	rjmp	.-548    	; 0x2724 <main+0x3c6>
update():
/Users/leyry/Documents/Electronique/Thermonuino/main/modules/sonde/SondeInputService.cpp:53
  }

  if ((uint32_t)(now - lastSwitchReadAt_) < DebounceMs) {
    return SONDE_INPUT_NONE;
  }
  lastSwitchReadAt_ = now;
    2948:	c0 92 33 03 	sts	0x0333, r12	; 0x800333 <inputService+0x1b>
    294c:	d0 92 34 03 	sts	0x0334, r13	; 0x800334 <inputService+0x1c>
    2950:	e0 92 35 03 	sts	0x0335, r14	; 0x800335 <inputService+0x1d>
    2954:	f0 92 36 03 	sts	0x0336, r15	; 0x800336 <inputService+0x1e>
/Users/leyry/Documents/Electronique/Thermonuino/main/modules/sonde/SondeInputService.cpp:55

  const SwitchState raw = readRawSwitch();
    2958:	0e 94 70 04 	call	0x8e0	; 0x8e0 <SondeInputService::readRawSwitch() [clone .constprop.47]>
/Users/leyry/Documents/Electronique/Thermonuino/main/modules/sonde/SondeInputService.cpp:56
  if (raw == lastRawSwitch_) {
    295c:	90 91 3b 03 	lds	r25, 0x033B	; 0x80033b <inputService+0x23>
    2960:	89 13       	cpse	r24, r25
    2962:	20 c0       	rjmp	.+64     	; 0x29a4 <main+0x646>
/Users/leyry/Documents/Electronique/Thermonuino/main/modules/sonde/SondeInputService.cpp:57
    if (stableCount_ < 3) {
    2964:	90 91 3d 03 	lds	r25, 0x033D	; 0x80033d <inputService+0x25>
    2968:	93 30       	cpi	r25, 0x03	; 3
    296a:	18 f4       	brcc	.+6      	; 0x2972 <main+0x614>
/Users/leyry/Documents/Electronique/Thermonuino/main/modules/sonde/SondeInputService.cpp:58
      stableCount_++;
    296c:	9f 5f       	subi	r25, 0xFF	; 255
    296e:	90 93 3d 03 	sts	0x033D, r25	; 0x80033d <inputService+0x25>
/Users/leyry/Documents/Electronique/Thermonuino/main/modules/sonde/SondeInputService.cpp:65
  } else {
    lastRawSwitch_ = raw;
    stableCount_ = 0;
  }

  if (stableCount_ < 2 || raw == stableSwitch_) {
    2972:	90 91 3d 03 	lds	r25, 0x033D	; 0x80033d <inputService+0x25>
    2976:	92 30       	cpi	r25, 0x02	; 2
    2978:	08 f4       	brcc	.+2      	; 0x297c <main+0x61e>
    297a:	87 cf       	rjmp	.-242    	; 0x288a <main+0x52c>
    297c:	90 91 3c 03 	lds	r25, 0x033C	; 0x80033c <inputService+0x24>
    2980:	89 17       	cp	r24, r25
    2982:	09 f4       	brne	.+2      	; 0x2986 <main+0x628>
    2984:	82 cf       	rjmp	.-252    	; 0x288a <main+0x52c>
/Users/leyry/Documents/Electronique/Thermonuino/main/modules/sonde/SondeInputService.cpp:70
    return SONDE_INPUT_NONE;
  }

  const SwitchState previous = stableSwitch_;
  stableSwitch_ = raw;
    2986:	80 93 3c 03 	sts	0x033C, r24	; 0x80033c <inputService+0x24>
/Users/leyry/Documents/Electronique/Thermonuino/main/modules/sonde/SondeInputService.cpp:72

  if (previous == SWITCH_NONE && stableSwitch_ != SWITCH_NONE &&
    298a:	91 11       	cpse	r25, r1
    298c:	7e cf       	rjmp	.-260    	; 0x288a <main+0x52c>
    298e:	98 2f       	mov	r25, r24
    2990:	9b 7f       	andi	r25, 0xFB	; 251
    2992:	09 f4       	brne	.+2      	; 0x2996 <main+0x638>
    2994:	7a cf       	rjmp	.-268    	; 0x288a <main+0x52c>
/Users/leyry/Documents/Electronique/Thermonuino/main/modules/sonde/SondeInputService.cpp:74
      stableSwitch_ != SWITCH_INVALID) {
    if (suppressNextStablePress_) {
    2996:	90 91 3f 03 	lds	r25, 0x033F	; 0x80033f <inputService+0x27>
    299a:	99 23       	and	r25, r25
    299c:	41 f0       	breq	.+16     	; 0x29ae <main+0x650>
/Users/leyry/Documents/Electronique/Thermonuino/main/modules/sonde/SondeInputService.cpp:75
      suppressNextStablePress_ = false;
    299e:	10 92 3f 03 	sts	0x033F, r1	; 0x80033f <inputService+0x27>
    29a2:	73 cf       	rjmp	.-282    	; 0x288a <main+0x52c>
/Users/leyry/Documents/Electronique/Thermonuino/main/modules/sonde/SondeInputService.cpp:61
  if (raw == lastRawSwitch_) {
    if (stableCount_ < 3) {
      stableCount_++;
    }
  } else {
    lastRawSwitch_ = raw;
    29a4:	80 93 3b 03 	sts	0x033B, r24	; 0x80033b <inputService+0x23>
/Users/leyry/Documents/Electronique/Thermonuino/main/modules/sonde/SondeInputService.cpp:62
    stableCount_ = 0;
    29a8:	10 92 3d 03 	sts	0x033D, r1	; 0x80033d <inputService+0x25>
    29ac:	e2 cf       	rjmp	.-60     	; 0x2972 <main+0x614>
    29ae:	81 50       	subi	r24, 0x01	; 1
    29b0:	83 30       	cpi	r24, 0x03	; 3
    29b2:	08 f0       	brcs	.+2      	; 0x29b6 <main+0x658>
    29b4:	6a cf       	rjmp	.-300    	; 0x288a <main+0x52c>
    29b6:	e8 2f       	mov	r30, r24
    29b8:	f0 e0       	ldi	r31, 0x00	; 0
    29ba:	e3 53       	subi	r30, 0x33	; 51
    29bc:	fe 4f       	sbci	r31, 0xFE	; 254
    29be:	a0 80       	ld	r10, Z
    29c0:	79 cf       	rjmp	.-270    	; 0x28b4 <main+0x556>
applyInputEvent():
/Users/leyry/Documents/Electronique/Thermonuino/main/modules/sonde/sonde.ino:141
  if (!ui.setpointEditing) {
    ui.setpointEditing = true;
    return true;
  }

  int16_t nextSetpoint = ui.setpointDeciC;
    29c2:	80 91 03 01 	lds	r24, 0x0103	; 0x800103 <__data_start+0x3>
    29c6:	90 91 04 01 	lds	r25, 0x0104	; 0x800104 <__data_start+0x4>
/Users/leyry/Documents/Electronique/Thermonuino/main/modules/sonde/sonde.ino:142
  nextSetpoint += event == SONDE_INPUT_PLUS ? SETPOINT_STEP_DECI_C : -SETPOINT_STEP_DECI_C;
    29ca:	31 e0       	ldi	r19, 0x01	; 1
    29cc:	a3 12       	cpse	r10, r19
    29ce:	14 c0       	rjmp	.+40     	; 0x29f8 <main+0x69a>
main():
    29d0:	25 e0       	ldi	r18, 0x05	; 5
    29d2:	30 e0       	ldi	r19, 0x00	; 0
applyInputEvent():
    29d4:	82 0f       	add	r24, r18
    29d6:	93 1f       	adc	r25, r19
    29d8:	8d 32       	cpi	r24, 0x2D	; 45
    29da:	41 e0       	ldi	r20, 0x01	; 1
    29dc:	94 07       	cpc	r25, r20
    29de:	14 f0       	brlt	.+4      	; 0x29e4 <main+0x686>
    29e0:	8c e2       	ldi	r24, 0x2C	; 44
    29e2:	91 e0       	ldi	r25, 0x01	; 1
/Users/leyry/Documents/Electronique/Thermonuino/main/modules/sonde/sonde.ino:149
    nextSetpoint = SETPOINT_MIN_DECI_C;
  }
  if (nextSetpoint > SETPOINT_MAX_DECI_C) {
    nextSetpoint = SETPOINT_MAX_DECI_C;
  }
  ui.setpointDeciC = nextSetpoint;
    29e4:	82 33       	cpi	r24, 0x32	; 50
    29e6:	91 05       	cpc	r25, r1
    29e8:	14 f4       	brge	.+4      	; 0x29ee <main+0x690>
    29ea:	82 e3       	ldi	r24, 0x32	; 50
    29ec:	90 e0       	ldi	r25, 0x00	; 0
    29ee:	90 93 04 01 	sts	0x0104, r25	; 0x800104 <__data_start+0x4>
    29f2:	80 93 03 01 	sts	0x0103, r24	; 0x800103 <__data_start+0x3>
    29f6:	9a cf       	rjmp	.-204    	; 0x292c <main+0x5ce>
main():
/Users/leyry/Documents/Electronique/Thermonuino/main/modules/sonde/sonde.ino:142
    ui.setpointEditing = true;
    return true;
  }

  int16_t nextSetpoint = ui.setpointDeciC;
  nextSetpoint += event == SONDE_INPUT_PLUS ? SETPOINT_STEP_DECI_C : -SETPOINT_STEP_DECI_C;
    29f8:	2b ef       	ldi	r18, 0xFB	; 251
    29fa:	3f ef       	ldi	r19, 0xFF	; 255
    29fc:	eb cf       	rjmp	.-42     	; 0x29d4 <main+0x676>
updateDisplayPartial():
    29fe:	0e 94 34 0d 	call	0x1a68	; 0x1a68 <updateDisplayPartial(unsigned char, unsigned char, unsigned char, unsigned char) [clone .part.6] [clone .constprop.5]>
    2a02:	9c cf       	rjmp	.-200    	; 0x293c <main+0x5de>
loop():
/Users/leyry/Documents/Electronique/Thermonuino/main/modules/sonde/sonde.ino:300
      return;
    }
    displayNeedsRefresh = true;
  }

  if (ui.setpointEditing && !armSetpointEditTimeoutAfterRefresh &&
    2a04:	80 91 13 01 	lds	r24, 0x0113	; 0x800113 <__data_start+0x13>
    2a08:	88 23       	and	r24, r24
    2a0a:	c9 f0       	breq	.+50     	; 0x2a3e <main+0x6e0>
    2a0c:	90 91 94 02 	lds	r25, 0x0294	; 0x800294 <armSetpointEditTimeoutAfterRefresh>
    2a10:	91 11       	cpse	r25, r1
    2a12:	15 c0       	rjmp	.+42     	; 0x2a3e <main+0x6e0>
/Users/leyry/Documents/Electronique/Thermonuino/main/modules/sonde/sonde.ino:301
      (int32_t)(now - setpointEditUntilAt) >= 0) {
    2a14:	40 91 90 02 	lds	r20, 0x0290	; 0x800290 <setpointEditUntilAt>
    2a18:	50 91 91 02 	lds	r21, 0x0291	; 0x800291 <setpointEditUntilAt+0x1>
    2a1c:	60 91 92 02 	lds	r22, 0x0292	; 0x800292 <setpointEditUntilAt+0x2>
    2a20:	70 91 93 02 	lds	r23, 0x0293	; 0x800293 <setpointEditUntilAt+0x3>
    2a24:	36 01       	movw	r6, r12
    2a26:	47 01       	movw	r8, r14
    2a28:	64 1a       	sub	r6, r20
    2a2a:	75 0a       	sbc	r7, r21
    2a2c:	86 0a       	sbc	r8, r22
    2a2e:	97 0a       	sbc	r9, r23
    2a30:	b4 01       	movw	r22, r8
    2a32:	a3 01       	movw	r20, r6
/Users/leyry/Documents/Electronique/Thermonuino/main/modules/sonde/sonde.ino:300
      return;
    }
    displayNeedsRefresh = true;
  }

  if (ui.setpointEditing && !armSetpointEditTimeoutAfterRefresh &&
    2a34:	77 fd       	sbrc	r23, 7
    2a36:	03 c0       	rjmp	.+6      	; 0x2a3e <main+0x6e0>
/Users/leyry/Documents/Electronique/Thermonuino/main/modules/sonde/sonde.ino:302
      (int32_t)(now - setpointEditUntilAt) >= 0) {
    ui.setpointEditing = false;
    2a38:	10 92 13 01 	sts	0x0113, r1	; 0x800113 <__data_start+0x13>
main():
/Users/leyry/Documents/Electronique/Thermonuino/main/modules/sonde/sonde.ino:303
    displayNeedsRefresh = true;
    2a3c:	b8 2e       	mov	r11, r24
loop():
/Users/leyry/Documents/Electronique/Thermonuino/main/modules/sonde/sonde.ino:306
  }

  if ((int32_t)(now - nextClockRefreshAt) >= 0) {
    2a3e:	80 91 81 02 	lds	r24, 0x0281	; 0x800281 <nextClockRefreshAt>
    2a42:	90 91 82 02 	lds	r25, 0x0282	; 0x800282 <nextClockRefreshAt+0x1>
    2a46:	a0 91 83 02 	lds	r26, 0x0283	; 0x800283 <nextClockRefreshAt+0x2>
    2a4a:	b0 91 84 02 	lds	r27, 0x0284	; 0x800284 <nextClockRefreshAt+0x3>
    2a4e:	a7 01       	movw	r20, r14
    2a50:	96 01       	movw	r18, r12
    2a52:	28 1b       	sub	r18, r24
    2a54:	39 0b       	sbc	r19, r25
    2a56:	4a 0b       	sbc	r20, r26
    2a58:	5b 0b       	sbc	r21, r27
    2a5a:	da 01       	movw	r26, r20
    2a5c:	c9 01       	movw	r24, r18
    2a5e:	b7 fd       	sbrc	r27, 7
    2a60:	16 c0       	rjmp	.+44     	; 0x2a8e <main+0x730>
/Users/leyry/Documents/Electronique/Thermonuino/main/modules/sonde/sonde.ino:307
    nextClockRefreshAt = now + UI_CLOCK_REFRESH_MS;
    2a62:	30 ee       	ldi	r19, 0xE0	; 224
    2a64:	c3 0e       	add	r12, r19
    2a66:	33 e9       	ldi	r19, 0x93	; 147
    2a68:	d3 1e       	adc	r13, r19
    2a6a:	34 e0       	ldi	r19, 0x04	; 4
    2a6c:	e3 1e       	adc	r14, r19
    2a6e:	f1 1c       	adc	r15, r1
    2a70:	c0 92 81 02 	sts	0x0281, r12	; 0x800281 <nextClockRefreshAt>
    2a74:	d0 92 82 02 	sts	0x0282, r13	; 0x800282 <nextClockRefreshAt+0x1>
    2a78:	e0 92 83 02 	sts	0x0283, r14	; 0x800283 <nextClockRefreshAt+0x2>
    2a7c:	f0 92 84 02 	sts	0x0284, r15	; 0x800284 <nextClockRefreshAt+0x3>
updateDisplayPartial():
/Users/leyry/Documents/Electronique/Thermonuino/main/modules/sonde/sonde.ino:188
  }
  eink.sleep();
}

void updateDisplayPartial(uint8_t x, uint8_t y, uint8_t w, uint8_t h) {
  if (!lastDisplayOk) {
    2a80:	80 91 95 02 	lds	r24, 0x0295	; 0x800295 <lastDisplayOk>
    2a84:	81 11       	cpse	r24, r1
    2a86:	0c c0       	rjmp	.+24     	; 0x2aa0 <main+0x742>
/Users/leyry/Documents/Electronique/Thermonuino/main/modules/sonde/sonde.ino:189
    updateDisplay();
    2a88:	0e 94 10 0c 	call	0x1820	; 0x1820 <updateDisplay()>
    2a8c:	02 c0       	rjmp	.+4      	; 0x2a92 <main+0x734>
loop():
/Users/leyry/Documents/Electronique/Thermonuino/main/modules/sonde/sonde.ino:311
  if ((int32_t)(now - nextClockRefreshAt) >= 0) {
    nextClockRefreshAt = now + UI_CLOCK_REFRESH_MS;
    displayNeedsRefresh = true;
  }

  if (displayNeedsRefresh) {
    2a8e:	b1 10       	cpse	r11, r1
    2a90:	f7 cf       	rjmp	.-18     	; 0x2a80 <main+0x722>
/Users/leyry/Documents/Electronique/Thermonuino/main/modules/sonde/sonde.ino:318
                         FULL_PARTIAL_REFRESH_Y,
                         FULL_PARTIAL_REFRESH_W,
                         FULL_PARTIAL_REFRESH_H);
  }

  if (lastDisplayOk) {
    2a92:	80 91 95 02 	lds	r24, 0x0295	; 0x800295 <lastDisplayOk>
    2a96:	81 11       	cpse	r24, r1
    2a98:	4a ce       	rjmp	.-876    	; 0x272e <main+0x3d0>
/Users/leyry/Documents/Electronique/Thermonuino/main/modules/sonde/sonde.ino:321
    ledOff();
  }
  isolateRfSpi();
    2a9a:	0e 94 ea 06 	call	0xdd4	; 0xdd4 <isolateRfSpi()>
    2a9e:	4e cf       	rjmp	.-356    	; 0x293c <main+0x5de>
updateDisplayPartial():
    2aa0:	0e 94 34 0d 	call	0x1a68	; 0x1a68 <updateDisplayPartial(unsigned char, unsigned char, unsigned char, unsigned char) [clone .part.6] [clone .constprop.5]>
    2aa4:	f6 cf       	rjmp	.-20     	; 0x2a92 <main+0x734>

00002aa6 <__mulsi3>:
__mulsi3():
/Users/jenkins/jenkins/workspace/avr-gcc-staging/label/mac-mini/gcc-build/avr/avr5/libgcc/../../../../gcc/libgcc/config/avr/lib1funcs.S:648
    2aa6:	db 01       	movw	r26, r22
/Users/jenkins/jenkins/workspace/avr-gcc-staging/label/mac-mini/gcc-build/avr/avr5/libgcc/../../../../gcc/libgcc/config/avr/lib1funcs.S:649
    2aa8:	8f 93       	push	r24
/Users/jenkins/jenkins/workspace/avr-gcc-staging/label/mac-mini/gcc-build/avr/avr5/libgcc/../../../../gcc/libgcc/config/avr/lib1funcs.S:650
    2aaa:	9f 93       	push	r25
/Users/jenkins/jenkins/workspace/avr-gcc-staging/label/mac-mini/gcc-build/avr/avr5/libgcc/../../../../gcc/libgcc/config/avr/lib1funcs.S:651
    2aac:	0e 94 ce 15 	call	0x2b9c	; 0x2b9c <__muluhisi3>
/Users/jenkins/jenkins/workspace/avr-gcc-staging/label/mac-mini/gcc-build/avr/avr5/libgcc/../../../../gcc/libgcc/config/avr/lib1funcs.S:652
    2ab0:	bf 91       	pop	r27
/Users/jenkins/jenkins/workspace/avr-gcc-staging/label/mac-mini/gcc-build/avr/avr5/libgcc/../../../../gcc/libgcc/config/avr/lib1funcs.S:653
    2ab2:	af 91       	pop	r26
/Users/jenkins/jenkins/workspace/avr-gcc-staging/label/mac-mini/gcc-build/avr/avr5/libgcc/../../../../gcc/libgcc/config/avr/lib1funcs.S:655
    2ab4:	a2 9f       	mul	r26, r18
/Users/jenkins/jenkins/workspace/avr-gcc-staging/label/mac-mini/gcc-build/avr/avr5/libgcc/../../../../gcc/libgcc/config/avr/lib1funcs.S:656
    2ab6:	80 0d       	add	r24, r0
/Users/jenkins/jenkins/workspace/avr-gcc-staging/label/mac-mini/gcc-build/avr/avr5/libgcc/../../../../gcc/libgcc/config/avr/lib1funcs.S:657
    2ab8:	91 1d       	adc	r25, r1
/Users/jenkins/jenkins/workspace/avr-gcc-staging/label/mac-mini/gcc-build/avr/avr5/libgcc/../../../../gcc/libgcc/config/avr/lib1funcs.S:658
    2aba:	a3 9f       	mul	r26, r19
/Users/jenkins/jenkins/workspace/avr-gcc-staging/label/mac-mini/gcc-build/avr/avr5/libgcc/../../../../gcc/libgcc/config/avr/lib1funcs.S:659
    2abc:	90 0d       	add	r25, r0
/Users/jenkins/jenkins/workspace/avr-gcc-staging/label/mac-mini/gcc-build/avr/avr5/libgcc/../../../../gcc/libgcc/config/avr/lib1funcs.S:660
    2abe:	b2 9f       	mul	r27, r18
/Users/jenkins/jenkins/workspace/avr-gcc-staging/label/mac-mini/gcc-build/avr/avr5/libgcc/../../../../gcc/libgcc/config/avr/lib1funcs.S:661
    2ac0:	90 0d       	add	r25, r0
/Users/jenkins/jenkins/workspace/avr-gcc-staging/label/mac-mini/gcc-build/avr/avr5/libgcc/../../../../gcc/libgcc/config/avr/lib1funcs.S:662
    2ac2:	11 24       	eor	r1, r1
/Users/jenkins/jenkins/workspace/avr-gcc-staging/label/mac-mini/gcc-build/avr/avr5/libgcc/../../../../gcc/libgcc/config/avr/lib1funcs.S:663
    2ac4:	08 95       	ret

00002ac6 <__udivmodqi4>:
__udivmodqi4():
/Users/jenkins/jenkins/workspace/avr-gcc-staging/label/mac-mini/gcc-build/avr/avr5/libgcc/../../../../gcc/libgcc/config/avr/lib1funcs.S:1346
    2ac6:	99 1b       	sub	r25, r25
/Users/jenkins/jenkins/workspace/avr-gcc-staging/label/mac-mini/gcc-build/avr/avr5/libgcc/../../../../gcc/libgcc/config/avr/lib1funcs.S:1347
    2ac8:	79 e0       	ldi	r23, 0x09	; 9
/Users/jenkins/jenkins/workspace/avr-gcc-staging/label/mac-mini/gcc-build/avr/avr5/libgcc/../../../../gcc/libgcc/config/avr/lib1funcs.S:1348
    2aca:	04 c0       	rjmp	.+8      	; 0x2ad4 <__udivmodqi4_ep>

00002acc <__udivmodqi4_loop>:
/Users/jenkins/jenkins/workspace/avr-gcc-staging/label/mac-mini/gcc-build/avr/avr5/libgcc/../../../../gcc/libgcc/config/avr/lib1funcs.S:1350
    2acc:	99 1f       	adc	r25, r25
/Users/jenkins/jenkins/workspace/avr-gcc-staging/label/mac-mini/gcc-build/avr/avr5/libgcc/../../../../gcc/libgcc/config/avr/lib1funcs.S:1351
    2ace:	96 17       	cp	r25, r22
/Users/jenkins/jenkins/workspace/avr-gcc-staging/label/mac-mini/gcc-build/avr/avr5/libgcc/../../../../gcc/libgcc/config/avr/lib1funcs.S:1352
    2ad0:	08 f0       	brcs	.+2      	; 0x2ad4 <__udivmodqi4_ep>
/Users/jenkins/jenkins/workspace/avr-gcc-staging/label/mac-mini/gcc-build/avr/avr5/libgcc/../../../../gcc/libgcc/config/avr/lib1funcs.S:1353
    2ad2:	96 1b       	sub	r25, r22

00002ad4 <__udivmodqi4_ep>:
/Users/jenkins/jenkins/workspace/avr-gcc-staging/label/mac-mini/gcc-build/avr/avr5/libgcc/../../../../gcc/libgcc/config/avr/lib1funcs.S:1355
    2ad4:	88 1f       	adc	r24, r24
/Users/jenkins/jenkins/workspace/avr-gcc-staging/label/mac-mini/gcc-build/avr/avr5/libgcc/../../../../gcc/libgcc/config/avr/lib1funcs.S:1356
    2ad6:	7a 95       	dec	r23
/Users/jenkins/jenkins/workspace/avr-gcc-staging/label/mac-mini/gcc-build/avr/avr5/libgcc/../../../../gcc/libgcc/config/avr/lib1funcs.S:1357
    2ad8:	c9 f7       	brne	.-14     	; 0x2acc <__udivmodqi4_loop>
/Users/jenkins/jenkins/workspace/avr-gcc-staging/label/mac-mini/gcc-build/avr/avr5/libgcc/../../../../gcc/libgcc/config/avr/lib1funcs.S:1358
    2ada:	80 95       	com	r24
/Users/jenkins/jenkins/workspace/avr-gcc-staging/label/mac-mini/gcc-build/avr/avr5/libgcc/../../../../gcc/libgcc/config/avr/lib1funcs.S:1360
    2adc:	08 95       	ret

00002ade <__udivmodhi4>:
__udivmodhi4():
/Users/jenkins/jenkins/workspace/avr-gcc-staging/label/mac-mini/gcc-build/avr/avr5/libgcc/../../../../gcc/libgcc/config/avr/lib1funcs.S:1408
    2ade:	aa 1b       	sub	r26, r26
/Users/jenkins/jenkins/workspace/avr-gcc-staging/label/mac-mini/gcc-build/avr/avr5/libgcc/../../../../gcc/libgcc/config/avr/lib1funcs.S:1409
    2ae0:	bb 1b       	sub	r27, r27
/Users/jenkins/jenkins/workspace/avr-gcc-staging/label/mac-mini/gcc-build/avr/avr5/libgcc/../../../../gcc/libgcc/config/avr/lib1funcs.S:1410
    2ae2:	51 e1       	ldi	r21, 0x11	; 17
/Users/jenkins/jenkins/workspace/avr-gcc-staging/label/mac-mini/gcc-build/avr/avr5/libgcc/../../../../gcc/libgcc/config/avr/lib1funcs.S:1411
    2ae4:	07 c0       	rjmp	.+14     	; 0x2af4 <__udivmodhi4_ep>

00002ae6 <__udivmodhi4_loop>:
/Users/jenkins/jenkins/workspace/avr-gcc-staging/label/mac-mini/gcc-build/avr/avr5/libgcc/../../../../gcc/libgcc/config/avr/lib1funcs.S:1413
    2ae6:	aa 1f       	adc	r26, r26
/Users/jenkins/jenkins/workspace/avr-gcc-staging/label/mac-mini/gcc-build/avr/avr5/libgcc/../../../../gcc/libgcc/config/avr/lib1funcs.S:1414
    2ae8:	bb 1f       	adc	r27, r27
/Users/jenkins/jenkins/workspace/avr-gcc-staging/label/mac-mini/gcc-build/avr/avr5/libgcc/../../../../gcc/libgcc/config/avr/lib1funcs.S:1415
    2aea:	a6 17       	cp	r26, r22
/Users/jenkins/jenkins/workspace/avr-gcc-staging/label/mac-mini/gcc-build/avr/avr5/libgcc/../../../../gcc/libgcc/config/avr/lib1funcs.S:1416
    2aec:	b7 07       	cpc	r27, r23
/Users/jenkins/jenkins/workspace/avr-gcc-staging/label/mac-mini/gcc-build/avr/avr5/libgcc/../../../../gcc/libgcc/config/avr/lib1funcs.S:1417
    2aee:	10 f0       	brcs	.+4      	; 0x2af4 <__udivmodhi4_ep>
/Users/jenkins/jenkins/workspace/avr-gcc-staging/label/mac-mini/gcc-build/avr/avr5/libgcc/../../../../gcc/libgcc/config/avr/lib1funcs.S:1418
    2af0:	a6 1b       	sub	r26, r22
/Users/jenkins/jenkins/workspace/avr-gcc-staging/label/mac-mini/gcc-build/avr/avr5/libgcc/../../../../gcc/libgcc/config/avr/lib1funcs.S:1419
    2af2:	b7 0b       	sbc	r27, r23

00002af4 <__udivmodhi4_ep>:
/Users/jenkins/jenkins/workspace/avr-gcc-staging/label/mac-mini/gcc-build/avr/avr5/libgcc/../../../../gcc/libgcc/config/avr/lib1funcs.S:1421
    2af4:	88 1f       	adc	r24, r24
/Users/jenkins/jenkins/workspace/avr-gcc-staging/label/mac-mini/gcc-build/avr/avr5/libgcc/../../../../gcc/libgcc/config/avr/lib1funcs.S:1422
    2af6:	99 1f       	adc	r25, r25
/Users/jenkins/jenkins/workspace/avr-gcc-staging/label/mac-mini/gcc-build/avr/avr5/libgcc/../../../../gcc/libgcc/config/avr/lib1funcs.S:1423
    2af8:	5a 95       	dec	r21
/Users/jenkins/jenkins/workspace/avr-gcc-staging/label/mac-mini/gcc-build/avr/avr5/libgcc/../../../../gcc/libgcc/config/avr/lib1funcs.S:1424
    2afa:	a9 f7       	brne	.-22     	; 0x2ae6 <__udivmodhi4_loop>
/Users/jenkins/jenkins/workspace/avr-gcc-staging/label/mac-mini/gcc-build/avr/avr5/libgcc/../../../../gcc/libgcc/config/avr/lib1funcs.S:1425
    2afc:	80 95       	com	r24
/Users/jenkins/jenkins/workspace/avr-gcc-staging/label/mac-mini/gcc-build/avr/avr5/libgcc/../../../../gcc/libgcc/config/avr/lib1funcs.S:1426
    2afe:	90 95       	com	r25
/Users/jenkins/jenkins/workspace/avr-gcc-staging/label/mac-mini/gcc-build/avr/avr5/libgcc/../../../../gcc/libgcc/config/avr/lib1funcs.S:1428
    2b00:	bc 01       	movw	r22, r24
/Users/jenkins/jenkins/workspace/avr-gcc-staging/label/mac-mini/gcc-build/avr/avr5/libgcc/../../../../gcc/libgcc/config/avr/lib1funcs.S:1430
    2b02:	cd 01       	movw	r24, r26
/Users/jenkins/jenkins/workspace/avr-gcc-staging/label/mac-mini/gcc-build/avr/avr5/libgcc/../../../../gcc/libgcc/config/avr/lib1funcs.S:1432
    2b04:	08 95       	ret

00002b06 <__divmodhi4>:
__divmodhi4():
/Users/jenkins/jenkins/workspace/avr-gcc-staging/label/mac-mini/gcc-build/avr/avr5/libgcc/../../../../gcc/libgcc/config/avr/lib1funcs.S:1440
    2b06:	97 fb       	bst	r25, 7
/Users/jenkins/jenkins/workspace/avr-gcc-staging/label/mac-mini/gcc-build/avr/avr5/libgcc/../../../../gcc/libgcc/config/avr/lib1funcs.S:1441
    2b08:	07 2e       	mov	r0, r23
/Users/jenkins/jenkins/workspace/avr-gcc-staging/label/mac-mini/gcc-build/avr/avr5/libgcc/../../../../gcc/libgcc/config/avr/lib1funcs.S:1442
    2b0a:	16 f4       	brtc	.+4      	; 0x2b10 <__divmodhi4+0xa>
/Users/jenkins/jenkins/workspace/avr-gcc-staging/label/mac-mini/gcc-build/avr/avr5/libgcc/../../../../gcc/libgcc/config/avr/lib1funcs.S:1443
    2b0c:	00 94       	com	r0
/Users/jenkins/jenkins/workspace/avr-gcc-staging/label/mac-mini/gcc-build/avr/avr5/libgcc/../../../../gcc/libgcc/config/avr/lib1funcs.S:1444
    2b0e:	07 d0       	rcall	.+14     	; 0x2b1e <__divmodhi4_neg1>
/Users/jenkins/jenkins/workspace/avr-gcc-staging/label/mac-mini/gcc-build/avr/avr5/libgcc/../../../../gcc/libgcc/config/avr/lib1funcs.S:1446
    2b10:	77 fd       	sbrc	r23, 7
/Users/jenkins/jenkins/workspace/avr-gcc-staging/label/mac-mini/gcc-build/avr/avr5/libgcc/../../../../gcc/libgcc/config/avr/lib1funcs.S:1447
    2b12:	09 d0       	rcall	.+18     	; 0x2b26 <__divmodhi4_neg2>
/Users/jenkins/jenkins/workspace/avr-gcc-staging/label/mac-mini/gcc-build/avr/avr5/libgcc/../../../../gcc/libgcc/config/avr/lib1funcs.S:1448
    2b14:	0e 94 6f 15 	call	0x2ade	; 0x2ade <__udivmodhi4>
/Users/jenkins/jenkins/workspace/avr-gcc-staging/label/mac-mini/gcc-build/avr/avr5/libgcc/../../../../gcc/libgcc/config/avr/lib1funcs.S:1449
    2b18:	07 fc       	sbrc	r0, 7
/Users/jenkins/jenkins/workspace/avr-gcc-staging/label/mac-mini/gcc-build/avr/avr5/libgcc/../../../../gcc/libgcc/config/avr/lib1funcs.S:1450
    2b1a:	05 d0       	rcall	.+10     	; 0x2b26 <__divmodhi4_neg2>
/Users/jenkins/jenkins/workspace/avr-gcc-staging/label/mac-mini/gcc-build/avr/avr5/libgcc/../../../../gcc/libgcc/config/avr/lib1funcs.S:1451
    2b1c:	3e f4       	brtc	.+14     	; 0x2b2c <__divmodhi4_exit>

00002b1e <__divmodhi4_neg1>:
/Users/jenkins/jenkins/workspace/avr-gcc-staging/label/mac-mini/gcc-build/avr/avr5/libgcc/../../../../gcc/libgcc/config/avr/lib1funcs.S:1454
    2b1e:	90 95       	com	r25
/Users/jenkins/jenkins/workspace/avr-gcc-staging/label/mac-mini/gcc-build/avr/avr5/libgcc/../../../../gcc/libgcc/config/avr/lib1funcs.S:1455
    2b20:	81 95       	neg	r24
/Users/jenkins/jenkins/workspace/avr-gcc-staging/label/mac-mini/gcc-build/avr/avr5/libgcc/../../../../gcc/libgcc/config/avr/lib1funcs.S:1456
    2b22:	9f 4f       	sbci	r25, 0xFF	; 255
/Users/jenkins/jenkins/workspace/avr-gcc-staging/label/mac-mini/gcc-build/avr/avr5/libgcc/../../../../gcc/libgcc/config/avr/lib1funcs.S:1457
    2b24:	08 95       	ret

00002b26 <__divmodhi4_neg2>:
/Users/jenkins/jenkins/workspace/avr-gcc-staging/label/mac-mini/gcc-build/avr/avr5/libgcc/../../../../gcc/libgcc/config/avr/lib1funcs.S:1460
    2b26:	70 95       	com	r23
/Users/jenkins/jenkins/workspace/avr-gcc-staging/label/mac-mini/gcc-build/avr/avr5/libgcc/../../../../gcc/libgcc/config/avr/lib1funcs.S:1461
    2b28:	61 95       	neg	r22
/Users/jenkins/jenkins/workspace/avr-gcc-staging/label/mac-mini/gcc-build/avr/avr5/libgcc/../../../../gcc/libgcc/config/avr/lib1funcs.S:1462
    2b2a:	7f 4f       	sbci	r23, 0xFF	; 255

00002b2c <__divmodhi4_exit>:
/Users/jenkins/jenkins/workspace/avr-gcc-staging/label/mac-mini/gcc-build/avr/avr5/libgcc/../../../../gcc/libgcc/config/avr/lib1funcs.S:1464
    2b2c:	08 95       	ret

00002b2e <__udivmodsi4>:
__udivmodsi4():
/Users/jenkins/jenkins/workspace/avr-gcc-staging/label/mac-mini/gcc-build/avr/avr5/libgcc/../../../../gcc/libgcc/config/avr/lib1funcs.S:1638
    2b2e:	a1 e2       	ldi	r26, 0x21	; 33
/Users/jenkins/jenkins/workspace/avr-gcc-staging/label/mac-mini/gcc-build/avr/avr5/libgcc/../../../../gcc/libgcc/config/avr/lib1funcs.S:1639
    2b30:	1a 2e       	mov	r1, r26
/Users/jenkins/jenkins/workspace/avr-gcc-staging/label/mac-mini/gcc-build/avr/avr5/libgcc/../../../../gcc/libgcc/config/avr/lib1funcs.S:1640
    2b32:	aa 1b       	sub	r26, r26
/Users/jenkins/jenkins/workspace/avr-gcc-staging/label/mac-mini/gcc-build/avr/avr5/libgcc/../../../../gcc/libgcc/config/avr/lib1funcs.S:1641
    2b34:	bb 1b       	sub	r27, r27
/Users/jenkins/jenkins/workspace/avr-gcc-staging/label/mac-mini/gcc-build/avr/avr5/libgcc/../../../../gcc/libgcc/config/avr/lib1funcs.S:1642
    2b36:	fd 01       	movw	r30, r26
/Users/jenkins/jenkins/workspace/avr-gcc-staging/label/mac-mini/gcc-build/avr/avr5/libgcc/../../../../gcc/libgcc/config/avr/lib1funcs.S:1644
    2b38:	0d c0       	rjmp	.+26     	; 0x2b54 <__udivmodsi4_ep>

00002b3a <__udivmodsi4_loop>:
/Users/jenkins/jenkins/workspace/avr-gcc-staging/label/mac-mini/gcc-build/avr/avr5/libgcc/../../../../gcc/libgcc/config/avr/lib1funcs.S:1646
    2b3a:	aa 1f       	adc	r26, r26
/Users/jenkins/jenkins/workspace/avr-gcc-staging/label/mac-mini/gcc-build/avr/avr5/libgcc/../../../../gcc/libgcc/config/avr/lib1funcs.S:1647
    2b3c:	bb 1f       	adc	r27, r27
/Users/jenkins/jenkins/workspace/avr-gcc-staging/label/mac-mini/gcc-build/avr/avr5/libgcc/../../../../gcc/libgcc/config/avr/lib1funcs.S:1648
    2b3e:	ee 1f       	adc	r30, r30
/Users/jenkins/jenkins/workspace/avr-gcc-staging/label/mac-mini/gcc-build/avr/avr5/libgcc/../../../../gcc/libgcc/config/avr/lib1funcs.S:1649
    2b40:	ff 1f       	adc	r31, r31
/Users/jenkins/jenkins/workspace/avr-gcc-staging/label/mac-mini/gcc-build/avr/avr5/libgcc/../../../../gcc/libgcc/config/avr/lib1funcs.S:1650
    2b42:	a2 17       	cp	r26, r18
/Users/jenkins/jenkins/workspace/avr-gcc-staging/label/mac-mini/gcc-build/avr/avr5/libgcc/../../../../gcc/libgcc/config/avr/lib1funcs.S:1651
    2b44:	b3 07       	cpc	r27, r19
/Users/jenkins/jenkins/workspace/avr-gcc-staging/label/mac-mini/gcc-build/avr/avr5/libgcc/../../../../gcc/libgcc/config/avr/lib1funcs.S:1652
    2b46:	e4 07       	cpc	r30, r20
/Users/jenkins/jenkins/workspace/avr-gcc-staging/label/mac-mini/gcc-build/avr/avr5/libgcc/../../../../gcc/libgcc/config/avr/lib1funcs.S:1653
    2b48:	f5 07       	cpc	r31, r21
/Users/jenkins/jenkins/workspace/avr-gcc-staging/label/mac-mini/gcc-build/avr/avr5/libgcc/../../../../gcc/libgcc/config/avr/lib1funcs.S:1654
    2b4a:	20 f0       	brcs	.+8      	; 0x2b54 <__udivmodsi4_ep>
/Users/jenkins/jenkins/workspace/avr-gcc-staging/label/mac-mini/gcc-build/avr/avr5/libgcc/../../../../gcc/libgcc/config/avr/lib1funcs.S:1655
    2b4c:	a2 1b       	sub	r26, r18
/Users/jenkins/jenkins/workspace/avr-gcc-staging/label/mac-mini/gcc-build/avr/avr5/libgcc/../../../../gcc/libgcc/config/avr/lib1funcs.S:1656
    2b4e:	b3 0b       	sbc	r27, r19
/Users/jenkins/jenkins/workspace/avr-gcc-staging/label/mac-mini/gcc-build/avr/avr5/libgcc/../../../../gcc/libgcc/config/avr/lib1funcs.S:1657
    2b50:	e4 0b       	sbc	r30, r20
/Users/jenkins/jenkins/workspace/avr-gcc-staging/label/mac-mini/gcc-build/avr/avr5/libgcc/../../../../gcc/libgcc/config/avr/lib1funcs.S:1658
    2b52:	f5 0b       	sbc	r31, r21

00002b54 <__udivmodsi4_ep>:
/Users/jenkins/jenkins/workspace/avr-gcc-staging/label/mac-mini/gcc-build/avr/avr5/libgcc/../../../../gcc/libgcc/config/avr/lib1funcs.S:1660
    2b54:	66 1f       	adc	r22, r22
/Users/jenkins/jenkins/workspace/avr-gcc-staging/label/mac-mini/gcc-build/avr/avr5/libgcc/../../../../gcc/libgcc/config/avr/lib1funcs.S:1661
    2b56:	77 1f       	adc	r23, r23
/Users/jenkins/jenkins/workspace/avr-gcc-staging/label/mac-mini/gcc-build/avr/avr5/libgcc/../../../../gcc/libgcc/config/avr/lib1funcs.S:1662
    2b58:	88 1f       	adc	r24, r24
/Users/jenkins/jenkins/workspace/avr-gcc-staging/label/mac-mini/gcc-build/avr/avr5/libgcc/../../../../gcc/libgcc/config/avr/lib1funcs.S:1663
    2b5a:	99 1f       	adc	r25, r25
/Users/jenkins/jenkins/workspace/avr-gcc-staging/label/mac-mini/gcc-build/avr/avr5/libgcc/../../../../gcc/libgcc/config/avr/lib1funcs.S:1664
    2b5c:	1a 94       	dec	r1
/Users/jenkins/jenkins/workspace/avr-gcc-staging/label/mac-mini/gcc-build/avr/avr5/libgcc/../../../../gcc/libgcc/config/avr/lib1funcs.S:1665
    2b5e:	69 f7       	brne	.-38     	; 0x2b3a <__udivmodsi4_loop>
/Users/jenkins/jenkins/workspace/avr-gcc-staging/label/mac-mini/gcc-build/avr/avr5/libgcc/../../../../gcc/libgcc/config/avr/lib1funcs.S:1667
    2b60:	60 95       	com	r22
/Users/jenkins/jenkins/workspace/avr-gcc-staging/label/mac-mini/gcc-build/avr/avr5/libgcc/../../../../gcc/libgcc/config/avr/lib1funcs.S:1668
    2b62:	70 95       	com	r23
/Users/jenkins/jenkins/workspace/avr-gcc-staging/label/mac-mini/gcc-build/avr/avr5/libgcc/../../../../gcc/libgcc/config/avr/lib1funcs.S:1669
    2b64:	80 95       	com	r24
/Users/jenkins/jenkins/workspace/avr-gcc-staging/label/mac-mini/gcc-build/avr/avr5/libgcc/../../../../gcc/libgcc/config/avr/lib1funcs.S:1670
    2b66:	90 95       	com	r25
/Users/jenkins/jenkins/workspace/avr-gcc-staging/label/mac-mini/gcc-build/avr/avr5/libgcc/../../../../gcc/libgcc/config/avr/lib1funcs.S:1672
    2b68:	9b 01       	movw	r18, r22
/Users/jenkins/jenkins/workspace/avr-gcc-staging/label/mac-mini/gcc-build/avr/avr5/libgcc/../../../../gcc/libgcc/config/avr/lib1funcs.S:1674
    2b6a:	ac 01       	movw	r20, r24
/Users/jenkins/jenkins/workspace/avr-gcc-staging/label/mac-mini/gcc-build/avr/avr5/libgcc/../../../../gcc/libgcc/config/avr/lib1funcs.S:1676
    2b6c:	bd 01       	movw	r22, r26
/Users/jenkins/jenkins/workspace/avr-gcc-staging/label/mac-mini/gcc-build/avr/avr5/libgcc/../../../../gcc/libgcc/config/avr/lib1funcs.S:1678
    2b6e:	cf 01       	movw	r24, r30
/Users/jenkins/jenkins/workspace/avr-gcc-staging/label/mac-mini/gcc-build/avr/avr5/libgcc/../../../../gcc/libgcc/config/avr/lib1funcs.S:1680
    2b70:	08 95       	ret

00002b72 <__tablejump2__>:
__tablejump2__():
/Users/jenkins/jenkins/workspace/avr-gcc-staging/label/mac-mini/gcc-build/avr/avr5/libgcc/../../../../gcc/libgcc/config/avr/lib1funcs.S:2296
    2b72:	ee 0f       	add	r30, r30
/Users/jenkins/jenkins/workspace/avr-gcc-staging/label/mac-mini/gcc-build/avr/avr5/libgcc/../../../../gcc/libgcc/config/avr/lib1funcs.S:2297
    2b74:	ff 1f       	adc	r31, r31
/Users/jenkins/jenkins/workspace/avr-gcc-staging/label/mac-mini/gcc-build/avr/avr5/libgcc/../../../../gcc/libgcc/config/avr/lib1funcs.S:2328
    2b76:	05 90       	lpm	r0, Z+
/Users/jenkins/jenkins/workspace/avr-gcc-staging/label/mac-mini/gcc-build/avr/avr5/libgcc/../../../../gcc/libgcc/config/avr/lib1funcs.S:2329
    2b78:	f4 91       	lpm	r31, Z
/Users/jenkins/jenkins/workspace/avr-gcc-staging/label/mac-mini/gcc-build/avr/avr5/libgcc/../../../../gcc/libgcc/config/avr/lib1funcs.S:2330
    2b7a:	e0 2d       	mov	r30, r0
/Users/jenkins/jenkins/workspace/avr-gcc-staging/label/mac-mini/gcc-build/avr/avr5/libgcc/../../../../gcc/libgcc/config/avr/lib1funcs.S:2331
    2b7c:	09 94       	ijmp

00002b7e <__umulhisi3>:
__umulhisi3():
/Users/jenkins/jenkins/workspace/avr-gcc-staging/label/mac-mini/gcc-build/avr/avr5/libgcc/../../../../gcc/libgcc/config/avr/lib1funcs.S:564
    2b7e:	a2 9f       	mul	r26, r18
/Users/jenkins/jenkins/workspace/avr-gcc-staging/label/mac-mini/gcc-build/avr/avr5/libgcc/../../../../gcc/libgcc/config/avr/lib1funcs.S:565
    2b80:	b0 01       	movw	r22, r0
/Users/jenkins/jenkins/workspace/avr-gcc-staging/label/mac-mini/gcc-build/avr/avr5/libgcc/../../../../gcc/libgcc/config/avr/lib1funcs.S:566
    2b82:	b3 9f       	mul	r27, r19
/Users/jenkins/jenkins/workspace/avr-gcc-staging/label/mac-mini/gcc-build/avr/avr5/libgcc/../../../../gcc/libgcc/config/avr/lib1funcs.S:567
    2b84:	c0 01       	movw	r24, r0
/Users/jenkins/jenkins/workspace/avr-gcc-staging/label/mac-mini/gcc-build/avr/avr5/libgcc/../../../../gcc/libgcc/config/avr/lib1funcs.S:568
    2b86:	a3 9f       	mul	r26, r19
/Users/jenkins/jenkins/workspace/avr-gcc-staging/label/mac-mini/gcc-build/avr/avr5/libgcc/../../../../gcc/libgcc/config/avr/lib1funcs.S:573
    2b88:	70 0d       	add	r23, r0
/Users/jenkins/jenkins/workspace/avr-gcc-staging/label/mac-mini/gcc-build/avr/avr5/libgcc/../../../../gcc/libgcc/config/avr/lib1funcs.S:574
    2b8a:	81 1d       	adc	r24, r1
/Users/jenkins/jenkins/workspace/avr-gcc-staging/label/mac-mini/gcc-build/avr/avr5/libgcc/../../../../gcc/libgcc/config/avr/lib1funcs.S:575
    2b8c:	11 24       	eor	r1, r1
/Users/jenkins/jenkins/workspace/avr-gcc-staging/label/mac-mini/gcc-build/avr/avr5/libgcc/../../../../gcc/libgcc/config/avr/lib1funcs.S:576
    2b8e:	91 1d       	adc	r25, r1
/Users/jenkins/jenkins/workspace/avr-gcc-staging/label/mac-mini/gcc-build/avr/avr5/libgcc/../../../../gcc/libgcc/config/avr/lib1funcs.S:580
    2b90:	b2 9f       	mul	r27, r18
/Users/jenkins/jenkins/workspace/avr-gcc-staging/label/mac-mini/gcc-build/avr/avr5/libgcc/../../../../gcc/libgcc/config/avr/lib1funcs.S:581
    2b92:	70 0d       	add	r23, r0
/Users/jenkins/jenkins/workspace/avr-gcc-staging/label/mac-mini/gcc-build/avr/avr5/libgcc/../../../../gcc/libgcc/config/avr/lib1funcs.S:582
    2b94:	81 1d       	adc	r24, r1
/Users/jenkins/jenkins/workspace/avr-gcc-staging/label/mac-mini/gcc-build/avr/avr5/libgcc/../../../../gcc/libgcc/config/avr/lib1funcs.S:583
    2b96:	11 24       	eor	r1, r1
/Users/jenkins/jenkins/workspace/avr-gcc-staging/label/mac-mini/gcc-build/avr/avr5/libgcc/../../../../gcc/libgcc/config/avr/lib1funcs.S:584
    2b98:	91 1d       	adc	r25, r1
/Users/jenkins/jenkins/workspace/avr-gcc-staging/label/mac-mini/gcc-build/avr/avr5/libgcc/../../../../gcc/libgcc/config/avr/lib1funcs.S:585
    2b9a:	08 95       	ret

00002b9c <__muluhisi3>:
__muluhisi3():
/Users/jenkins/jenkins/workspace/avr-gcc-staging/label/mac-mini/gcc-build/avr/avr5/libgcc/../../../../gcc/libgcc/config/avr/lib1funcs.S:626
    2b9c:	0e 94 bf 15 	call	0x2b7e	; 0x2b7e <__umulhisi3>
/Users/jenkins/jenkins/workspace/avr-gcc-staging/label/mac-mini/gcc-build/avr/avr5/libgcc/../../../../gcc/libgcc/config/avr/lib1funcs.S:627
    2ba0:	a5 9f       	mul	r26, r21
/Users/jenkins/jenkins/workspace/avr-gcc-staging/label/mac-mini/gcc-build/avr/avr5/libgcc/../../../../gcc/libgcc/config/avr/lib1funcs.S:628
    2ba2:	90 0d       	add	r25, r0
/Users/jenkins/jenkins/workspace/avr-gcc-staging/label/mac-mini/gcc-build/avr/avr5/libgcc/../../../../gcc/libgcc/config/avr/lib1funcs.S:629
    2ba4:	b4 9f       	mul	r27, r20
/Users/jenkins/jenkins/workspace/avr-gcc-staging/label/mac-mini/gcc-build/avr/avr5/libgcc/../../../../gcc/libgcc/config/avr/lib1funcs.S:630
    2ba6:	90 0d       	add	r25, r0
/Users/jenkins/jenkins/workspace/avr-gcc-staging/label/mac-mini/gcc-build/avr/avr5/libgcc/../../../../gcc/libgcc/config/avr/lib1funcs.S:631
    2ba8:	a4 9f       	mul	r26, r20
/Users/jenkins/jenkins/workspace/avr-gcc-staging/label/mac-mini/gcc-build/avr/avr5/libgcc/../../../../gcc/libgcc/config/avr/lib1funcs.S:632
    2baa:	80 0d       	add	r24, r0
/Users/jenkins/jenkins/workspace/avr-gcc-staging/label/mac-mini/gcc-build/avr/avr5/libgcc/../../../../gcc/libgcc/config/avr/lib1funcs.S:633
    2bac:	91 1d       	adc	r25, r1
/Users/jenkins/jenkins/workspace/avr-gcc-staging/label/mac-mini/gcc-build/avr/avr5/libgcc/../../../../gcc/libgcc/config/avr/lib1funcs.S:634
    2bae:	11 24       	eor	r1, r1
/Users/jenkins/jenkins/workspace/avr-gcc-staging/label/mac-mini/gcc-build/avr/avr5/libgcc/../../../../gcc/libgcc/config/avr/lib1funcs.S:635
    2bb0:	08 95       	ret

00002bb2 <__mulshisi3>:
__mulshisi3():
/Users/jenkins/jenkins/workspace/avr-gcc-staging/label/mac-mini/gcc-build/avr/avr5/libgcc/../../../../gcc/libgcc/config/avr/lib1funcs.S:603
    2bb2:	b7 ff       	sbrs	r27, 7
/Users/jenkins/jenkins/workspace/avr-gcc-staging/label/mac-mini/gcc-build/avr/avr5/libgcc/../../../../gcc/libgcc/config/avr/lib1funcs.S:605
    2bb4:	0c 94 ce 15 	jmp	0x2b9c	; 0x2b9c <__muluhisi3>

00002bb8 <__mulohisi3>:
__mulohisi3():
/Users/jenkins/jenkins/workspace/avr-gcc-staging/label/mac-mini/gcc-build/avr/avr5/libgcc/../../../../gcc/libgcc/config/avr/lib1funcs.S:613
    2bb8:	0e 94 ce 15 	call	0x2b9c	; 0x2b9c <__muluhisi3>
/Users/jenkins/jenkins/workspace/avr-gcc-staging/label/mac-mini/gcc-build/avr/avr5/libgcc/../../../../gcc/libgcc/config/avr/lib1funcs.S:615
    2bbc:	82 1b       	sub	r24, r18
/Users/jenkins/jenkins/workspace/avr-gcc-staging/label/mac-mini/gcc-build/avr/avr5/libgcc/../../../../gcc/libgcc/config/avr/lib1funcs.S:616
    2bbe:	93 0b       	sbc	r25, r19
/Users/jenkins/jenkins/workspace/avr-gcc-staging/label/mac-mini/gcc-build/avr/avr5/libgcc/../../../../gcc/libgcc/config/avr/lib1funcs.S:617
    2bc0:	08 95       	ret

00002bc2 <_exit>:
exit():
/Users/jenkins/jenkins/workspace/avr-gcc-staging/label/mac-mini/gcc-build/avr/avr5/libgcc/../../../../gcc/libgcc/config/avr/lib1funcs.S:2278
    2bc2:	f8 94       	cli

00002bc4 <__stop_program>:
__stop_program():
/Users/jenkins/jenkins/workspace/avr-gcc-staging/label/mac-mini/gcc-build/avr/avr5/libgcc/../../../../gcc/libgcc/config/avr/lib1funcs.S:2280
    2bc4:	ff cf       	rjmp	.-2      	; 0x2bc4 <__stop_program>
